cliente_id,idade,estado_residencia,qtd_produtos_adquiridos,categoria_fidelidade
CLI-62574,64,Rio de Janeiro (RJ),3,Gold
CLI-21399,23,Bahia (BA),2,Silver
CLI-56132,46,São Paulo (SP),4,Gold
CLI-99783,41,Bahia (BA),4,Gold
CLI-53344,37,Minas Gerais (MG),4,Gold
CLI-29268,62,Rio de Janeiro (RJ),1,Silver
CLI-10206,58,Bahia (BA),1,Silver
CLI-48855,58,Paraná (PR),1,Silver
CLI-44018,20,São Paulo (SP),3,Gold
CLI-11327,41,Rio de Janeiro (RJ),4,Gold
CLI-20942,30,Paraná (PR),1,Silver
CLI-81117,54,São Paulo (SP),4,Gold
CLI-38827,24,Paraná (PR),3,Gold
CLI-13814,28,Rio de Janeiro (RJ),3,Gold
CLI-97255,30,Rio de Janeiro (RJ),1,Silver
CLI-21390,25,São Paulo (SP),4,Gold
CLI-16649,63,Rio de Janeiro (RJ),2,Silver
CLI-18632,51,São Paulo (SP),4,Gold
CLI-28957,55,Bahia (BA),2,Silver
CLI-20308,50,Bahia (BA),1,Silver
CLI-71092,34,Bahia (BA),1,Silver
CLI-79548,38,Bahia (BA),1,Silver
CLI-11173,57,Bahia (BA),4,Gold
CLI-83401,35,Minas Gerais (MG),2,Silver
CLI-93046,40,Rio de Janeiro (RJ),3,Gold
CLI-33089,39,São Paulo (SP),4,Gold
CLI-35166,34,Paraná (PR),1,Silver
CLI-20937,37,São Paulo (SP),4,Gold
CLI-17674,65,Rio de Janeiro (RJ),4,Gold
CLI-28156,62,Bahia (BA),1,Silver
CLI-19060,42,Bahia (BA),1,Silver
CLI-40393,59,Rio de Janeiro (RJ),2,Silver
CLI-13702,26,Bahia (BA),1,Silver
CLI-44994,36,São Paulo (SP),4,Gold
CLI-98519,53,São Paulo (SP),4,Gold
CLI-83690,36,São Paulo (SP),4,Gold
CLI-38038,55,São Paulo (SP),4,Gold
CLI-66836,20,Minas Gerais (MG),3,Gold
CLI-16509,22,Bahia (BA),1,Silver
CLI-10300,28,Minas Gerais (MG),3,Gold
CLI-63498,58,Paraná (PR),1,Silver
CLI-60973,44,São Paulo (SP),4,Gold
CLI-94704,45,Bahia (BA),4,Gold
CLI-75465,32,Bahia (BA),3,Gold
CLI-97768,62,São Paulo (SP),1,Silver
CLI-53543,55,São Paulo (SP),4,Gold
CLI-87771,47,São Paulo (SP),4,Gold
CLI-90925,25,Paraná (PR),4,Gold
CLI-74144,42,Paraná (PR),1,Silver
CLI-94327,53,Bahia (BA),4,Gold
CLI-68402,50,São Paulo (SP),4,Gold
CLI-30039,47,Bahia (BA),2,Silver
CLI-84226,34,Paraná (PR),1,Silver
CLI-40539,47,São Paulo (SP),4,Gold
CLI-76384,32,Minas Gerais (MG),3,Gold
CLI-57968,26,Minas Gerais (MG),1,Silver
CLI-79429,56,Minas Gerais (MG),3,Gold
CLI-82238,64,São Paulo (SP),3,Gold
CLI-30129,21,São Paulo (SP),4,Gold
CLI-31748,33,Rio de Janeiro (RJ),4,Gold
CLI-34122,60,Paraná (PR),3,Gold
CLI-73654,22,Paraná (PR),1,Silver
CLI-29879,30,Paraná (PR),1,Silver
CLI-88271,48,Minas Gerais (MG),3,Gold
CLI-94494,57,Minas Gerais (MG),4,Gold
CLI-67833,64,Paraná (PR),3,Gold
CLI-24768,57,Rio de Janeiro (RJ),4,Gold
CLI-30384,39,Paraná (PR),2,Silver
CLI-62403,57,Paraná (PR),4,Gold
CLI-41845,36,Rio de Janeiro (RJ),3,Gold
CLI-22132,27,São Paulo (SP),2,Silver
CLI-54129,40,Rio de Janeiro (RJ),3,Gold
CLI-51984,30,São Paulo (SP),1,Silver
CLI-88188,65,São Paulo (SP),4,Gold
CLI-71711,41,São Paulo (SP),4,Gold
CLI-42749,19,São Paulo (SP),2,Silver
CLI-35317,22,Rio de Janeiro (RJ),1,Silver
CLI-74990,48,São Paulo (SP),4,Gold
CLI-33917,39,Rio de Janeiro (RJ),2,Silver
CLI-95849,23,São Paulo (SP),2,Silver
CLI-79364,26,Bahia (BA),1,Silver
CLI-14004,53,Bahia (BA),4,Gold
CLI-99327,64,Minas Gerais (MG),3,Gold
CLI-19198,27,Rio de Janeiro (RJ),2,Silver
CLI-35571,63,Bahia (BA),2,Silver
CLI-99535,37,Bahia (BA),4,Gold
CLI-11908,56,Rio de Janeiro (RJ),3,Gold
CLI-96346,50,São Paulo (SP),4,Gold
CLI-54695,57,São Paulo (SP),4,Gold
CLI-56914,56,Minas Gerais (MG),3,Gold
CLI-52955,30,Rio de Janeiro (RJ),1,Silver
CLI-50428,51,Bahia (BA),2,Silver
CLI-87967,60,Minas Gerais (MG),3,Gold
CLI-62198,44,Rio de Janeiro (RJ),3,Gold
CLI-73195,38,Minas Gerais (MG),1,Silver
CLI-96931,27,Bahia (BA),2,Silver
CLI-54473,62,Minas Gerais (MG),1,Silver
CLI-13671,55,Minas Gerais (MG),2,Silver
CLI-53687,39,Paraná (PR),2,Silver
CLI-73891,54,Minas Gerais (MG),1,Silver
CLI-53300,55,Minas Gerais (MG),2,Silver
CLI-34270,55,São Paulo (SP),4,Gold
CLI-86431,53,Rio de Janeiro (RJ),4,Gold
CLI-30741,18,Minas Gerais (MG),1,Silver
CLI-76327,19,Rio de Janeiro (RJ),2,Silver
CLI-55959,30,Rio de Janeiro (RJ),1,Silver
CLI-47200,50,Paraná (PR),1,Silver
CLI-77238,32,Rio de Janeiro (RJ),3,Gold
CLI-62771,18,Minas Gerais (MG),1,Silver
CLI-74365,44,São Paulo (SP),4,Gold
CLI-53149,65,Minas Gerais (MG),4,Gold
CLI-93275,37,Paraná (PR),4,Gold
CLI-14478,35,Paraná (PR),2,Silver
CLI-86645,39,Paraná (PR),2,Silver
CLI-55353,61,São Paulo (SP),4,Gold
CLI-68740,41,Paraná (PR),4,Gold
CLI-86796,54,São Paulo (SP),4,Gold
CLI-87685,54,Minas Gerais (MG),1,Silver
CLI-56758,40,Bahia (BA),3,Gold
CLI-68203,36,Rio de Janeiro (RJ),3,Gold
CLI-66182,45,Bahia (BA),4,Gold
CLI-41510,63,Minas Gerais (MG),2,Silver
CLI-25468,38,Rio de Janeiro (RJ),1,Silver
CLI-50046,45,Paraná (PR),4,Gold
CLI-73858,19,Rio de Janeiro (RJ),2,Silver
CLI-13441,25,Rio de Janeiro (RJ),4,Gold
CLI-88896,30,Paraná (PR),1,Silver
CLI-33701,43,São Paulo (SP),4,Gold
CLI-34463,31,Minas Gerais (MG),2,Silver
CLI-73918,39,Minas Gerais (MG),2,Silver
CLI-85373,60,São Paulo (SP),3,Gold
CLI-80571,49,São Paulo (SP),4,Gold
CLI-54002,49,Rio de Janeiro (RJ),4,Gold
CLI-13616,40,Bahia (BA),3,Gold
CLI-92086,50,São Paulo (SP),4,Gold
CLI-89174,34,Paraná (PR),1,Silver
CLI-19580,47,Paraná (PR),2,Silver
CLI-67506,52,São Paulo (SP),4,Gold
CLI-36315,57,Rio de Janeiro (RJ),4,Gold
CLI-93665,21,São Paulo (SP),4,Gold
CLI-21584,21,Minas Gerais (MG),4,Gold
CLI-76448,54,São Paulo (SP),4,Gold
CLI-99022,40,São Paulo (SP),4,Gold
CLI-44833,34,Minas Gerais (MG),1,Silver
CLI-96072,39,Minas Gerais (MG),2,Silver
CLI-12011,51,Rio de Janeiro (RJ),2,Silver
CLI-92037,64,Minas Gerais (MG),3,Gold
CLI-97928,25,São Paulo (SP),4,Gold
CLI-53338,39,Bahia (BA),2,Silver
CLI-38311,28,Bahia (BA),3,Gold
CLI-23458,23,Rio de Janeiro (RJ),2,Silver
CLI-22669,47,Paraná (PR),2,Silver
CLI-40452,35,Rio de Janeiro (RJ),2,Silver
CLI-31890,31,São Paulo (SP),2,Silver
CLI-34770,28,Paraná (PR),3,Gold
CLI-83939,41,Minas Gerais (MG),4,Gold
CLI-63138,18,São Paulo (SP),1,Silver
CLI-30533,25,São Paulo (SP),4,Gold
CLI-46990,25,Bahia (BA),4,Gold
CLI-54151,35,Paraná (PR),2,Silver
CLI-16444,48,Bahia (BA),3,Gold
CLI-66156,40,Paraná (PR),3,Gold
CLI-45269,62,Bahia (BA),1,Silver
CLI-10020,51,Minas Gerais (MG),2,Silver
CLI-49578,27,Bahia (BA),2,Silver
CLI-99461,29,Paraná (PR),4,Gold
CLI-15223,62,Rio de Janeiro (RJ),1,Silver
CLI-57714,31,Bahia (BA),2,Silver
CLI-92352,47,Paraná (PR),2,Silver
CLI-66069,47,Bahia (BA),2,Silver
CLI-63076,21,Rio de Janeiro (RJ),4,Gold
CLI-15505,32,Paraná (PR),3,Gold
CLI-25966,58,Paraná (PR),1,Silver
CLI-78901,29,Paraná (PR),4,Gold
CLI-83399,32,Bahia (BA),3,Gold
CLI-19229,30,Minas Gerais (MG),1,Silver
CLI-44409,28,Rio de Janeiro (RJ),3,Gold
CLI-62187,61,Minas Gerais (MG),4,Gold
CLI-81267,52,Bahia (BA),3,Gold
CLI-32265,38,Minas Gerais (MG),1,Silver
CLI-74278,28,Rio de Janeiro (RJ),3,Gold
CLI-27345,38,Bahia (BA),1,Silver
CLI-84438,46,Bahia (BA),1,Silver
CLI-24253,23,Minas Gerais (MG),2,Silver
CLI-54464,43,Paraná (PR),2,Silver
CLI-61561,29,Rio de Janeiro (RJ),4,Gold
CLI-46429,23,São Paulo (SP),2,Silver
CLI-33643,22,Paraná (PR),1,Silver
CLI-35033,39,Bahia (BA),2,Silver
CLI-37942,55,Bahia (BA),2,Silver
CLI-94935,31,Rio de Janeiro (RJ),2,Silver
CLI-77568,37,Minas Gerais (MG),4,Gold
CLI-25658,40,Bahia (BA),3,Gold
CLI-39846,53,São Paulo (SP),4,Gold
CLI-67308,22,Paraná (PR),1,Silver
CLI-47298,32,Bahia (BA),3,Gold
CLI-73949,27,Paraná (PR),2,Silver
CLI-17999,18,Minas Gerais (MG),1,Silver
CLI-90799,18,São Paulo (SP),1,Silver
CLI-29895,39,Paraná (PR),2,Silver
CLI-84953,38,Minas Gerais (MG),1,Silver
CLI-64902,51,São Paulo (SP),4,Gold
CLI-24314,57,Minas Gerais (MG),4,Gold
CLI-63920,41,Bahia (BA),4,Gold
CLI-53965,59,Paraná (PR),2,Silver
CLI-75412,26,São Paulo (SP),1,Silver
CLI-85757,35,São Paulo (SP),4,Gold
CLI-30476,48,Paraná (PR),3,Gold
CLI-44140,29,Paraná (PR),4,Gold
CLI-60265,32,Minas Gerais (MG),3,Gold
CLI-76092,57,Bahia (BA),4,Gold
CLI-40376,28,Paraná (PR),3,Gold
CLI-71668,52,Minas Gerais (MG),3,Gold
CLI-97291,56,Paraná (PR),3,Gold
CLI-97348,31,Paraná (PR),2,Silver
CLI-60547,25,Rio de Janeiro (RJ),4,Gold
CLI-40237,37,Rio de Janeiro (RJ),4,Gold
CLI-43462,32,Paraná (PR),3,Gold
CLI-49807,55,Paraná (PR),2,Silver
CLI-59406,20,Minas Gerais (MG),3,Gold
CLI-82362,56,Minas Gerais (MG),3,Gold
CLI-50794,48,Paraná (PR),3,Gold
CLI-17679,53,Minas Gerais (MG),4,Gold
CLI-43314,24,Paraná (PR),3,Gold
CLI-90171,47,São Paulo (SP),4,Gold
CLI-61152,29,Paraná (PR),4,Gold
CLI-79183,20,São Paulo (SP),3,Gold
CLI-59809,52,Bahia (BA),3,Gold
CLI-43047,32,Paraná (PR),3,Gold
CLI-45540,18,Rio de Janeiro (RJ),1,Silver
CLI-57756,54,Bahia (BA),1,Silver
CLI-31072,26,Minas Gerais (MG),1,Silver
CLI-99533,55,Bahia (BA),2,Silver
CLI-74664,57,Rio de Janeiro (RJ),4,Gold
CLI-41529,45,São Paulo (SP),4,Gold
CLI-85454,37,Bahia (BA),4,Gold
CLI-81023,32,Paraná (PR),3,Gold
CLI-74007,22,Bahia (BA),1,Silver
CLI-15244,38,Minas Gerais (MG),1,Silver
CLI-27804,28,Paraná (PR),3,Gold
CLI-36809,60,Bahia (BA),3,Gold
CLI-95786,64,Bahia (BA),3,Gold
CLI-34084,21,Paraná (PR),4,Gold
CLI-93185,59,São Paulo (SP),2,Silver
CLI-26282,42,Rio de Janeiro (RJ),1,Silver
CLI-58721,22,Bahia (BA),1,Silver
CLI-19058,45,Bahia (BA),4,Gold
CLI-53329,19,Minas Gerais (MG),2,Silver
CLI-36967,29,Rio de Janeiro (RJ),4,Gold
CLI-86721,38,Minas Gerais (MG),1,Silver
CLI-68056,27,Paraná (PR),2,Silver
CLI-71213,51,Rio de Janeiro (RJ),2,Silver
CLI-19647,29,Bahia (BA),4,Gold
CLI-10841,30,Paraná (PR),1,Silver
CLI-14363,49,Rio de Janeiro (RJ),4,Gold
CLI-62494,49,Paraná (PR),4,Gold
CLI-58689,46,Minas Gerais (MG),1,Silver
CLI-14987,57,Minas Gerais (MG),4,Gold
CLI-90078,38,Rio de Janeiro (RJ),1,Silver
CLI-70053,62,Paraná (PR),1,Silver
CLI-40615,24,Rio de Janeiro (RJ),3,Gold
CLI-39775,28,Rio de Janeiro (RJ),3,Gold
CLI-15591,45,São Paulo (SP),4,Gold
CLI-69960,33,Rio de Janeiro (RJ),4,Gold
CLI-75410,56,Minas Gerais (MG),3,Gold
CLI-67009,35,Minas Gerais (MG),2,Silver
CLI-69235,25,Paraná (PR),4,Gold
CLI-60056,40,São Paulo (SP),4,Gold
CLI-29279,41,Rio de Janeiro (RJ),4,Gold
CLI-21079,26,Bahia (BA),1,Silver
CLI-39242,48,São Paulo (SP),4,Gold
CLI-90241,19,Minas Gerais (MG),2,Silver
CLI-78494,39,Paraná (PR),2,Silver
CLI-29288,63,São Paulo (SP),2,Silver
CLI-73599,64,Paraná (PR),3,Gold
CLI-34896,32,Bahia (BA),3,Gold
CLI-23457,35,São Paulo (SP),4,Gold
CLI-99737,63,Rio de Janeiro (RJ),2,Silver
CLI-72893,49,Paraná (PR),4,Gold
CLI-17728,19,Paraná (PR),2,Silver
CLI-63394,59,Rio de Janeiro (RJ),2,Silver
CLI-36281,50,São Paulo (SP),4,Gold
CLI-22111,36,Minas Gerais (MG),3,Gold
CLI-70548,28,Rio de Janeiro (RJ),3,Gold
CLI-86830,39,Rio de Janeiro (RJ),2,Silver
CLI-70241,50,Minas Gerais (MG),1,Silver
CLI-53936,23,Bahia (BA),2,Silver
CLI-57665,50,Rio de Janeiro (RJ),1,Silver
CLI-49056,18,Bahia (BA),1,Silver
CLI-76209,24,Paraná (PR),3,Gold
CLI-10561,46,Minas Gerais (MG),1,Silver
CLI-91300,38,Bahia (BA),1,Silver
CLI-71145,59,São Paulo (SP),2,Silver
CLI-96404,33,São Paulo (SP),4,Gold
CLI-52502,34,Minas Gerais (MG),1,Silver
CLI-83075,59,Bahia (BA),2,Silver
CLI-64644,61,São Paulo (SP),4,Gold
CLI-50579,25,São Paulo (SP),4,Gold
CLI-78528,26,Rio de Janeiro (RJ),1,Silver
CLI-80927,51,Rio de Janeiro (RJ),2,Silver
CLI-21589,20,Bahia (BA),3,Gold
CLI-61217,54,Rio de Janeiro (RJ),1,Silver
CLI-85078,39,São Paulo (SP),4,Gold
CLI-46777,38,São Paulo (SP),4,Gold
CLI-63583,35,Paraná (PR),2,Silver
CLI-56449,38,Bahia (BA),1,Silver
CLI-79965,18,São Paulo (SP),1,Silver
CLI-40400,37,Paraná (PR),4,Gold
CLI-64665,58,Bahia (BA),1,Silver
CLI-85604,43,Rio de Janeiro (RJ),2,Silver
CLI-87452,33,Bahia (BA),4,Gold
CLI-54905,38,Rio de Janeiro (RJ),1,Silver
CLI-33185,60,Paraná (PR),3,Gold
CLI-44330,31,Rio de Janeiro (RJ),2,Silver
CLI-70428,34,Bahia (BA),1,Silver
CLI-65679,58,Paraná (PR),1,Silver
CLI-98746,44,São Paulo (SP),4,Gold
CLI-92254,27,São Paulo (SP),2,Silver
CLI-35727,24,Minas Gerais (MG),3,Gold
CLI-26726,35,Paraná (PR),2,Silver
CLI-31776,56,Bahia (BA),3,Gold
CLI-77708,19,Minas Gerais (MG),2,Silver
CLI-21007,41,São Paulo (SP),4,Gold
CLI-24760,23,Minas Gerais (MG),2,Silver
CLI-87245,24,São Paulo (SP),3,Gold
CLI-63433,20,Minas Gerais (MG),3,Gold
CLI-84599,36,São Paulo (SP),4,Gold
CLI-99622,62,Minas Gerais (MG),1,Silver
CLI-74743,38,Bahia (BA),1,Silver
CLI-37210,61,Paraná (PR),4,Gold
CLI-96723,20,Rio de Janeiro (RJ),3,Gold
CLI-20466,30,São Paulo (SP),1,Silver
CLI-34599,23,Bahia (BA),2,Silver
CLI-18807,38,Minas Gerais (MG),1,Silver
CLI-64704,61,Rio de Janeiro (RJ),4,Gold
CLI-56998,48,Minas Gerais (MG),3,Gold
CLI-54492,28,São Paulo (SP),3,Gold
CLI-80079,41,Minas Gerais (MG),4,Gold
CLI-40906,42,Bahia (BA),1,Silver
CLI-53909,25,Minas Gerais (MG),4,Gold
CLI-37123,33,São Paulo (SP),4,Gold
CLI-94186,34,Paraná (PR),1,Silver
CLI-56433,38,Minas Gerais (MG),1,Silver
CLI-60126,22,Rio de Janeiro (RJ),1,Silver
CLI-77461,65,São Paulo (SP),4,Gold
CLI-13429,19,Rio de Janeiro (RJ),2,Silver
CLI-25372,45,Paraná (PR),4,Gold
CLI-24487,24,Minas Gerais (MG),3,Gold
CLI-99364,29,São Paulo (SP),4,Gold
CLI-46068,55,Minas Gerais (MG),2,Silver
CLI-35587,36,São Paulo (SP),4,Gold
CLI-41560,25,Minas Gerais (MG),4,Gold
CLI-62186,51,São Paulo (SP),4,Gold
CLI-78834,61,São Paulo (SP),4,Gold
CLI-32243,42,Bahia (BA),1,Silver
CLI-97362,42,Paraná (PR),1,Silver
CLI-98360,28,Paraná (PR),3,Gold
CLI-35822,38,Bahia (BA),1,Silver
CLI-25543,55,Rio de Janeiro (RJ),2,Silver
CLI-31591,41,Rio de Janeiro (RJ),4,Gold
CLI-72063,27,Rio de Janeiro (RJ),2,Silver
CLI-18185,65,São Paulo (SP),4,Gold
CLI-73520,34,Rio de Janeiro (RJ),1,Silver
CLI-16774,48,Bahia (BA),3,Gold
CLI-96241,65,Bahia (BA),4,Gold
CLI-93650,56,Paraná (PR),3,Gold
CLI-12762,49,Bahia (BA),4,Gold
CLI-95885,59,Minas Gerais (MG),2,Silver
CLI-82941,52,Paraná (PR),3,Gold
CLI-91921,47,Bahia (BA),2,Silver
CLI-86048,62,São Paulo (SP),1,Silver
CLI-82174,41,Paraná (PR),4,Gold
CLI-76687,58,Paraná (PR),1,Silver
CLI-12409,51,Bahia (BA),2,Silver
CLI-41492,37,Rio de Janeiro (RJ),4,Gold
CLI-17916,21,Bahia (BA),4,Gold
CLI-50890,31,Rio de Janeiro (RJ),2,Silver
CLI-20506,49,Paraná (PR),4,Gold
CLI-90761,35,Rio de Janeiro (RJ),2,Silver
CLI-87207,19,Paraná (PR),2,Silver
CLI-85307,51,Rio de Janeiro (RJ),2,Silver
CLI-95483,53,Bahia (BA),4,Gold
CLI-76182,42,Rio de Janeiro (RJ),1,Silver
CLI-69100,28,São Paulo (SP),3,Gold
CLI-73415,31,Bahia (BA),2,Silver
CLI-52894,40,São Paulo (SP),4,Gold
CLI-80871,30,Paraná (PR),1,Silver
CLI-36895,22,Bahia (BA),1,Silver
CLI-33026,45,Minas Gerais (MG),4,Gold
CLI-59792,56,Minas Gerais (MG),3,Gold
CLI-29713,45,Rio de Janeiro (RJ),4,Gold
CLI-51423,63,Paraná (PR),2,Silver
CLI-12499,24,Rio de Janeiro (RJ),3,Gold
CLI-82071,51,Bahia (BA),2,Silver
CLI-33467,30,Minas Gerais (MG),1,Silver
CLI-79077,61,Bahia (BA),4,Gold
CLI-31609,50,Paraná (PR),1,Silver
CLI-60471,32,São Paulo (SP),3,Gold
CLI-53447,43,São Paulo (SP),4,Gold
CLI-98091,51,São Paulo (SP),4,Gold
CLI-97024,63,Bahia (BA),2,Silver
CLI-28781,37,São Paulo (SP),4,Gold
CLI-68403,58,Minas Gerais (MG),1,Silver
CLI-63373,27,Bahia (BA),2,Silver
CLI-42354,52,Paraná (PR),3,Gold
CLI-36961,27,Minas Gerais (MG),2,Silver
CLI-51430,37,Rio de Janeiro (RJ),4,Gold
CLI-23343,59,São Paulo (SP),2,Silver
CLI-40304,34,São Paulo (SP),1,Silver
CLI-46498,47,Minas Gerais (MG),2,Silver
CLI-15270,51,São Paulo (SP),4,Gold
CLI-94015,25,São Paulo (SP),4,Gold
CLI-58117,24,Rio de Janeiro (RJ),3,Gold
CLI-65442,28,Rio de Janeiro (RJ),3,Gold
CLI-70600,24,Rio de Janeiro (RJ),3,Gold
CLI-49925,45,Paraná (PR),4,Gold
CLI-39422,39,São Paulo (SP),4,Gold
CLI-85473,53,Paraná (PR),4,Gold
CLI-22592,33,Rio de Janeiro (RJ),4,Gold
CLI-32826,57,Bahia (BA),4,Gold
CLI-71552,20,Minas Gerais (MG),3,Gold
CLI-44974,59,Minas Gerais (MG),2,Silver
CLI-17817,25,Paraná (PR),4,Gold
CLI-69756,52,São Paulo (SP),4,Gold
CLI-74162,25,Rio de Janeiro (RJ),4,Gold
CLI-29161,64,Minas Gerais (MG),3,Gold
CLI-84464,46,Minas Gerais (MG),1,Silver
CLI-27852,49,Bahia (BA),4,Gold
CLI-69546,37,Minas Gerais (MG),4,Gold
CLI-85608,38,Paraná (PR),1,Silver
CLI-59832,50,Rio de Janeiro (RJ),1,Silver
CLI-84229,41,Paraná (PR),4,Gold
CLI-66644,52,São Paulo (SP),4,Gold
CLI-84795,65,Paraná (PR),4,Gold
CLI-14230,40,Bahia (BA),3,Gold
CLI-60867,65,Rio de Janeiro (RJ),4,Gold
CLI-73455,50,São Paulo (SP),4,Gold
CLI-75175,52,Minas Gerais (MG),3,Gold
CLI-81075,19,São Paulo (SP),2,Silver
CLI-40616,21,Paraná (PR),4,Gold
CLI-40632,36,Bahia (BA),3,Gold
CLI-66977,60,Minas Gerais (MG),3,Gold
CLI-74658,54,Minas Gerais (MG),1,Silver
CLI-99442,25,Minas Gerais (MG),4,Gold
CLI-72661,39,Minas Gerais (MG),2,Silver
CLI-45270,36,Rio de Janeiro (RJ),3,Gold
CLI-35154,59,Rio de Janeiro (RJ),2,Silver
CLI-83494,26,Bahia (BA),1,Silver
CLI-41564,41,Paraná (PR),4,Gold
CLI-44922,40,Minas Gerais (MG),3,Gold
CLI-78374,48,Rio de Janeiro (RJ),3,Gold
CLI-45416,61,Rio de Janeiro (RJ),4,Gold
CLI-70174,56,São Paulo (SP),3,Gold
CLI-88768,63,Bahia (BA),2,Silver
CLI-93935,47,Bahia (BA),2,Silver
CLI-29663,43,Minas Gerais (MG),2,Silver
CLI-80424,63,Rio de Janeiro (RJ),2,Silver
CLI-19422,31,Rio de Janeiro (RJ),2,Silver
CLI-89204,44,Minas Gerais (MG),3,Gold
CLI-82285,57,Minas Gerais (MG),4,Gold
CLI-69035,47,Minas Gerais (MG),2,Silver
CLI-52885,47,Rio de Janeiro (RJ),2,Silver
CLI-92612,29,Paraná (PR),4,Gold
CLI-66250,23,São Paulo (SP),2,Silver
CLI-92742,59,São Paulo (SP),2,Silver
CLI-10004,65,São Paulo (SP),4,Gold
CLI-91918,30,São Paulo (SP),1,Silver
CLI-16988,52,Rio de Janeiro (RJ),3,Gold
CLI-88181,65,Bahia (BA),4,Gold
CLI-71514,49,São Paulo (SP),4,Gold
CLI-39653,39,Paraná (PR),2,Silver
CLI-91431,65,São Paulo (SP),4,Gold
CLI-38304,31,Bahia (BA),2,Silver
CLI-39828,65,Minas Gerais (MG),4,Gold
CLI-42259,43,São Paulo (SP),4,Gold
CLI-35641,58,Minas Gerais (MG),1,Silver
CLI-61469,42,São Paulo (SP),4,Gold
CLI-44816,35,Paraná (PR),2,Silver
CLI-75740,22,Paraná (PR),1,Silver
CLI-60742,38,Bahia (BA),1,Silver
CLI-16314,44,São Paulo (SP),4,Gold
CLI-65808,33,Rio de Janeiro (RJ),4,Gold
CLI-72349,46,Bahia (BA),1,Silver
CLI-57782,58,Minas Gerais (MG),1,Silver
CLI-18669,39,Minas Gerais (MG),2,Silver
CLI-72337,24,São Paulo (SP),3,Gold
CLI-17959,19,Bahia (BA),2,Silver
CLI-22445,44,Bahia (BA),3,Gold
CLI-32580,57,Minas Gerais (MG),4,Gold
CLI-82875,28,Minas Gerais (MG),3,Gold
CLI-99884,50,Bahia (BA),1,Silver
CLI-30896,64,São Paulo (SP),3,Gold
CLI-31452,42,São Paulo (SP),4,Gold
CLI-93243,52,Rio de Janeiro (RJ),3,Gold
CLI-10263,20,Rio de Janeiro (RJ),3,Gold
CLI-93879,33,Paraná (PR),4,Gold
CLI-75538,47,Bahia (BA),2,Silver
CLI-29750,58,Minas Gerais (MG),1,Silver
CLI-82149,54,São Paulo (SP),4,Gold
CLI-29723,54,Paraná (PR),1,Silver
CLI-72543,33,São Paulo (SP),4,Gold
CLI-79171,43,Minas Gerais (MG),2,Silver
CLI-76579,35,São Paulo (SP),4,Gold
CLI-36716,52,São Paulo (SP),4,Gold
CLI-40175,52,Bahia (BA),3,Gold
CLI-72441,21,São Paulo (SP),4,Gold
CLI-40276,52,São Paulo (SP),4,Gold
CLI-86458,63,Bahia (BA),2,Silver
CLI-57746,20,Paraná (PR),3,Gold
CLI-92703,30,Paraná (PR),1,Silver
CLI-18025,63,Paraná (PR),2,Silver
CLI-16388,62,Rio de Janeiro (RJ),1,Silver
CLI-85447,37,Paraná (PR),4,Gold
CLI-60148,35,Bahia (BA),2,Silver
CLI-87514,34,Minas Gerais (MG),1,Silver
CLI-12104,20,Rio de Janeiro (RJ),3,Gold
CLI-51542,60,São Paulo (SP),3,Gold
CLI-78858,35,Paraná (PR),2,Silver
CLI-41704,65,Rio de Janeiro (RJ),4,Gold
CLI-30632,43,Bahia (BA),2,Silver
CLI-35374,26,Bahia (BA),1,Silver
CLI-24733,23,Paraná (PR),2,Silver
CLI-61385,45,Minas Gerais (MG),4,Gold
CLI-43870,59,Rio de Janeiro (RJ),2,Silver
CLI-12433,58,Bahia (BA),1,Silver
CLI-99680,45,Bahia (BA),4,Gold
CLI-21038,46,Bahia (BA),1,Silver
CLI-46065,34,Paraná (PR),1,Silver
CLI-72658,59,Bahia (BA),2,Silver
CLI-30655,49,São Paulo (SP),4,Gold
CLI-28902,27,Minas Gerais (MG),2,Silver
CLI-93994,23,Paraná (PR),2,Silver
CLI-20889,21,Bahia (BA),4,Gold
CLI-48459,22,Bahia (BA),1,Silver
CLI-42034,19,Minas Gerais (MG),2,Silver
CLI-37221,19,Rio de Janeiro (RJ),2,Silver
CLI-35237,19,Paraná (PR),2,Silver
CLI-44773,36,Paraná (PR),3,Gold
CLI-45328,27,Bahia (BA),2,Silver
CLI-19688,32,Rio de Janeiro (RJ),3,Gold
CLI-77822,33,Minas Gerais (MG),4,Gold
CLI-60928,64,Paraná (PR),3,Gold
CLI-99604,18,Minas Gerais (MG),1,Silver
CLI-53357,45,Bahia (BA),4,Gold
CLI-71452,18,Bahia (BA),1,Silver
CLI-86916,21,Minas Gerais (MG),4,Gold
CLI-58742,52,Paraná (PR),3,Gold
CLI-37128,41,São Paulo (SP),4,Gold
CLI-32901,46,Rio de Janeiro (RJ),1,Silver
CLI-34455,51,Minas Gerais (MG),2,Silver
CLI-29712,25,Rio de Janeiro (RJ),4,Gold
CLI-16676,52,Paraná (PR),3,Gold
CLI-65075,41,São Paulo (SP),4,Gold
CLI-11820,34,Minas Gerais (MG),1,Silver
CLI-21238,59,São Paulo (SP),2,Silver
CLI-99219,49,Bahia (BA),4,Gold
CLI-85869,59,Bahia (BA),2,Silver
CLI-74215,47,Paraná (PR),2,Silver
CLI-34818,20,Bahia (BA),3,Gold
CLI-89762,35,Rio de Janeiro (RJ),2,Silver
CLI-24956,52,Minas Gerais (MG),3,Gold
CLI-86452,31,Bahia (BA),2,Silver
CLI-40431,53,Rio de Janeiro (RJ),4,Gold
CLI-79255,41,Minas Gerais (MG),4,Gold
CLI-10573,37,Minas Gerais (MG),4,Gold
CLI-11670,36,São Paulo (SP),4,Gold
CLI-71104,42,Paraná (PR),1,Silver
CLI-63187,61,São Paulo (SP),4,Gold
CLI-38162,59,São Paulo (SP),2,Silver
CLI-36365,50,Rio de Janeiro (RJ),1,Silver
CLI-16364,39,Bahia (BA),2,Silver
CLI-80564,46,São Paulo (SP),4,Gold
CLI-51217,53,Minas Gerais (MG),4,Gold
CLI-66038,57,Paraná (PR),4,Gold
CLI-84736,48,São Paulo (SP),4,Gold
CLI-24785,24,Paraná (PR),3,Gold
CLI-73839,55,Minas Gerais (MG),2,Silver
CLI-29626,49,Rio de Janeiro (RJ),4,Gold
CLI-11537,36,Paraná (PR),3,Gold
CLI-96602,31,São Paulo (SP),2,Silver
CLI-37315,46,Bahia (BA),1,Silver
CLI-37015,54,Rio de Janeiro (RJ),1,Silver
CLI-10637,55,Paraná (PR),2,Silver
CLI-97090,22,São Paulo (SP),1,Silver
CLI-36507,19,Minas Gerais (MG),2,Silver
CLI-77779,44,Rio de Janeiro (RJ),3,Gold
CLI-70401,55,Bahia (BA),2,Silver
CLI-20426,38,Minas Gerais (MG),1,Silver
CLI-30448,22,Paraná (PR),1,Silver
CLI-32506,25,São Paulo (SP),4,Gold
CLI-58739,43,São Paulo (SP),4,Gold
CLI-42333,20,Minas Gerais (MG),3,Gold
CLI-45384,30,São Paulo (SP),1,Silver
CLI-59574,49,São Paulo (SP),4,Gold
CLI-27288,44,Minas Gerais (MG),3,Gold
CLI-19381,61,Bahia (BA),4,Gold
CLI-70155,27,Paraná (PR),2,Silver
CLI-21201,62,Minas Gerais (MG),1,Silver
CLI-90765,18,Bahia (BA),1,Silver
CLI-67115,49,Bahia (BA),4,Gold
CLI-47729,33,Rio de Janeiro (RJ),4,Gold
CLI-16229,28,Paraná (PR),3,Gold
CLI-23253,49,Minas Gerais (MG),4,Gold
CLI-85741,57,Bahia (BA),4,Gold
CLI-12241,19,Minas Gerais (MG),2,Silver
CLI-55894,25,São Paulo (SP),4,Gold
CLI-68055,28,Bahia (BA),3,Gold
CLI-73483,26,Rio de Janeiro (RJ),1,Silver
CLI-20298,46,Rio de Janeiro (RJ),1,Silver
CLI-28226,20,Paraná (PR),3,Gold
CLI-56738,33,São Paulo (SP),4,Gold
CLI-76144,20,Paraná (PR),3,Gold
CLI-72600,36,São Paulo (SP),4,Gold
CLI-16736,36,Paraná (PR),3,Gold
CLI-49084,39,Minas Gerais (MG),2,Silver
CLI-24913,40,Bahia (BA),3,Gold
CLI-45289,35,Rio de Janeiro (RJ),2,Silver
CLI-81829,36,Rio de Janeiro (RJ),3,Gold
CLI-58589,54,Minas Gerais (MG),1,Silver
CLI-10079,51,Minas Gerais (MG),2,Silver
CLI-96437,43,Bahia (BA),2,Silver
CLI-24792,62,Minas Gerais (MG),1,Silver
CLI-19313,47,Bahia (BA),2,Silver
CLI-27091,27,Paraná (PR),2,Silver
CLI-10732,53,Rio de Janeiro (RJ),4,Gold
CLI-71522,49,Rio de Janeiro (RJ),4,Gold
CLI-11606,39,Rio de Janeiro (RJ),2,Silver
CLI-76738,28,Rio de Janeiro (RJ),3,Gold
CLI-30614,54,Paraná (PR),1,Silver
CLI-30578,23,Rio de Janeiro (RJ),2,Silver
CLI-48251,28,Rio de Janeiro (RJ),3,Gold
CLI-42289,57,Bahia (BA),4,Gold
CLI-19542,38,São Paulo (SP),4,Gold
CLI-65299,49,Rio de Janeiro (RJ),4,Gold
CLI-14239,64,Rio de Janeiro (RJ),3,Gold
CLI-85871,50,Rio de Janeiro (RJ),1,Silver
CLI-29714,52,São Paulo (SP),4,Gold
CLI-38016,46,Rio de Janeiro (RJ),1,Silver
CLI-55883,57,Rio de Janeiro (RJ),4,Gold
CLI-94370,23,Minas Gerais (MG),2,Silver
CLI-94613,52,Bahia (BA),3,Gold
CLI-70502,27,Minas Gerais (MG),2,Silver
CLI-64978,54,Paraná (PR),1,Silver
CLI-34133,21,São Paulo (SP),4,Gold
CLI-72008,36,São Paulo (SP),4,Gold
CLI-20120,44,Paraná (PR),3,Gold
CLI-81080,60,Paraná (PR),3,Gold
CLI-48334,25,Minas Gerais (MG),4,Gold
CLI-35408,20,Minas Gerais (MG),3,Gold
CLI-94346,37,São Paulo (SP),4,Gold
CLI-34327,32,Paraná (PR),3,Gold
CLI-74295,48,São Paulo (SP),4,Gold
CLI-73813,40,São Paulo (SP),4,Gold
CLI-46293,62,Rio de Janeiro (RJ),1,Silver
CLI-24045,36,Paraná (PR),3,Gold
CLI-85753,42,Paraná (PR),1,Silver
CLI-41864,43,Bahia (BA),2,Silver
CLI-35362,47,Paraná (PR),2,Silver
CLI-77799,56,Rio de Janeiro (RJ),3,Gold
CLI-54521,18,Paraná (PR),1,Silver
CLI-77787,52,Rio de Janeiro (RJ),3,Gold
CLI-48866,37,São Paulo (SP),4,Gold
CLI-95226,40,Paraná (PR),3,Gold
CLI-62636,53,Paraná (PR),4,Gold
CLI-91920,24,São Paulo (SP),3,Gold
CLI-46501,24,São Paulo (SP),3,Gold
CLI-70136,47,Minas Gerais (MG),2,Silver
CLI-92421,44,Bahia (BA),3,Gold
CLI-23274,28,São Paulo (SP),3,Gold
CLI-77883,53,Rio de Janeiro (RJ),4,Gold
CLI-14326,60,São Paulo (SP),3,Gold
CLI-33861,64,Paraná (PR),3,Gold
CLI-21852,48,Minas Gerais (MG),3,Gold
CLI-13586,64,São Paulo (SP),3,Gold
CLI-41975,55,Paraná (PR),2,Silver
CLI-55570,33,Bahia (BA),4,Gold
CLI-56435,47,São Paulo (SP),4,Gold
CLI-31475,45,Paraná (PR),4,Gold
CLI-12181,55,Bahia (BA),2,Silver
CLI-40892,26,Bahia (BA),1,Silver
CLI-49125,33,Minas Gerais (MG),4,Gold
CLI-62626,19,Rio de Janeiro (RJ),2,Silver
CLI-22397,54,Paraná (PR),1,Silver
CLI-69383,34,São Paulo (SP),1,Silver
CLI-13126,20,Minas Gerais (MG),3,Gold
CLI-89341,32,Paraná (PR),3,Gold
CLI-18794,18,São Paulo (SP),1,Silver
CLI-19421,26,São Paulo (SP),1,Silver
CLI-76457,20,São Paulo (SP),3,Gold
CLI-21345,21,São Paulo (SP),4,Gold
CLI-75467,27,Bahia (BA),2,Silver
CLI-75226,59,São Paulo (SP),2,Silver
CLI-44281,33,Rio de Janeiro (RJ),4,Gold
CLI-64405,33,Rio de Janeiro (RJ),4,Gold
CLI-29642,55,Rio de Janeiro (RJ),2,Silver
CLI-73484,39,Paraná (PR),2,Silver
CLI-98076,59,Paraná (PR),2,Silver
CLI-56189,18,Rio de Janeiro (RJ),1,Silver
CLI-73773,51,Minas Gerais (MG),2,Silver
CLI-34203,25,Bahia (BA),4,Gold
CLI-77192,31,Bahia (BA),2,Silver
CLI-78455,55,São Paulo (SP),4,Gold
CLI-64432,27,Minas Gerais (MG),2,Silver
CLI-63304,45,Minas Gerais (MG),4,Gold
CLI-93490,20,São Paulo (SP),3,Gold
CLI-31911,57,Rio de Janeiro (RJ),4,Gold
CLI-22654,43,São Paulo (SP),4,Gold
CLI-67398,25,Minas Gerais (MG),4,Gold
CLI-56965,55,São Paulo (SP),4,Gold
CLI-73369,44,Bahia (BA),3,Gold
CLI-33060,38,Minas Gerais (MG),1,Silver
CLI-20687,21,São Paulo (SP),4,Gold
CLI-44064,62,Bahia (BA),1,Silver
CLI-29452,46,Bahia (BA),1,Silver
CLI-92115,58,Paraná (PR),1,Silver
CLI-80493,32,Rio de Janeiro (RJ),3,Gold
CLI-19308,24,Rio de Janeiro (RJ),3,Gold
CLI-72555,24,São Paulo (SP),3,Gold
CLI-45371,38,Minas Gerais (MG),1,Silver
CLI-35870,51,Minas Gerais (MG),2,Silver
CLI-55640,60,Minas Gerais (MG),3,Gold
CLI-59283,54,Bahia (BA),1,Silver
CLI-37743,37,Bahia (BA),4,Gold
CLI-38662,38,Paraná (PR),1,Silver
CLI-66220,46,Bahia (BA),1,Silver
CLI-89087,32,Rio de Janeiro (RJ),3,Gold
CLI-11339,38,Rio de Janeiro (RJ),1,Silver
CLI-12746,34,Paraná (PR),1,Silver
CLI-10474,41,Minas Gerais (MG),4,Gold
CLI-55116,22,Paraná (PR),1,Silver
CLI-54432,49,Paraná (PR),4,Gold
CLI-57567,20,Rio de Janeiro (RJ),3,Gold
CLI-95459,20,Paraná (PR),3,Gold
CLI-90931,36,Rio de Janeiro (RJ),3,Gold
CLI-33689,36,São Paulo (SP),4,Gold
CLI-98745,26,Bahia (BA),1,Silver
CLI-53844,35,Rio de Janeiro (RJ),2,Silver
CLI-87999,32,São Paulo (SP),3,Gold
CLI-91590,65,Rio de Janeiro (RJ),4,Gold
CLI-75497,23,Bahia (BA),2,Silver
CLI-65795,34,Minas Gerais (MG),1,Silver
CLI-76002,27,Rio de Janeiro (RJ),2,Silver
CLI-95391,31,Rio de Janeiro (RJ),2,Silver
CLI-22068,34,Rio de Janeiro (RJ),1,Silver
CLI-83109,25,São Paulo (SP),4,Gold
CLI-32328,19,Minas Gerais (MG),2,Silver
CLI-38883,19,Paraná (PR),2,Silver
CLI-80656,20,Paraná (PR),3,Gold
CLI-79172,38,Bahia (BA),1,Silver
CLI-25282,50,São Paulo (SP),4,Gold
CLI-99099,18,Paraná (PR),1,Silver
CLI-78813,57,Bahia (BA),4,Gold
CLI-36290,34,São Paulo (SP),1,Silver
CLI-85734,48,Rio de Janeiro (RJ),3,Gold
CLI-96683,21,Bahia (BA),4,Gold
CLI-44272,64,Rio de Janeiro (RJ),3,Gold
CLI-45293,63,São Paulo (SP),2,Silver
CLI-16876,28,Minas Gerais (MG),3,Gold
CLI-23815,33,Paraná (PR),4,Gold
CLI-85805,30,Paraná (PR),1,Silver
CLI-62802,21,São Paulo (SP),4,Gold
CLI-60482,52,Rio de Janeiro (RJ),3,Gold
CLI-55507,58,Bahia (BA),1,Silver
CLI-41172,45,Rio de Janeiro (RJ),4,Gold
CLI-59662,21,Rio de Janeiro (RJ),4,Gold
CLI-81132,65,Bahia (BA),4,Gold
CLI-37898,42,Rio de Janeiro (RJ),1,Silver
CLI-54838,62,Minas Gerais (MG),1,Silver
CLI-79674,27,São Paulo (SP),2,Silver
CLI-76692,46,São Paulo (SP),4,Gold
CLI-19013,48,Minas Gerais (MG),3,Gold
CLI-60347,58,Minas Gerais (MG),1,Silver
CLI-64315,50,Minas Gerais (MG),1,Silver
CLI-69531,32,Minas Gerais (MG),3,Gold
CLI-23165,47,Bahia (BA),2,Silver
CLI-51697,56,Minas Gerais (MG),3,Gold
CLI-66832,19,Rio de Janeiro (RJ),2,Silver
CLI-22676,29,Bahia (BA),4,Gold
CLI-28854,58,Bahia (BA),1,Silver
CLI-46083,33,Bahia (BA),4,Gold
CLI-67186,54,Minas Gerais (MG),1,Silver
CLI-24879,38,Paraná (PR),1,Silver
CLI-81100,61,Paraná (PR),4,Gold
CLI-96086,37,São Paulo (SP),4,Gold
CLI-72576,54,São Paulo (SP),4,Gold
CLI-96744,21,Rio de Janeiro (RJ),4,Gold
CLI-28846,65,Paraná (PR),4,Gold
CLI-74789,41,Bahia (BA),4,Gold
CLI-37689,18,Rio de Janeiro (RJ),1,Silver
CLI-78457,44,Minas Gerais (MG),3,Gold
CLI-78879,65,Minas Gerais (MG),4,Gold
CLI-22094,25,Bahia (BA),4,Gold
CLI-53563,29,Paraná (PR),4,Gold
CLI-21471,33,São Paulo (SP),4,Gold
CLI-80792,23,Rio de Janeiro (RJ),2,Silver
CLI-98071,61,Bahia (BA),4,Gold
CLI-57848,31,Minas Gerais (MG),2,Silver
CLI-82834,18,Rio de Janeiro (RJ),1,Silver
CLI-86470,58,Bahia (BA),1,Silver
CLI-58099,36,Bahia (BA),3,Gold
CLI-65766,48,Minas Gerais (MG),3,Gold
CLI-87725,37,Bahia (BA),4,Gold
CLI-26978,54,Minas Gerais (MG),1,Silver
CLI-91088,55,Bahia (BA),2,Silver
CLI-91563,54,Bahia (BA),1,Silver
CLI-82181,45,Minas Gerais (MG),4,Gold
CLI-82283,31,Minas Gerais (MG),2,Silver
CLI-76571,54,Bahia (BA),1,Silver
CLI-72635,22,Paraná (PR),1,Silver
CLI-20313,18,Minas Gerais (MG),1,Silver
CLI-68459,65,Paraná (PR),4,Gold
CLI-37296,23,Rio de Janeiro (RJ),2,Silver
CLI-34947,53,Bahia (BA),4,Gold
CLI-70843,41,Bahia (BA),4,Gold
CLI-93026,25,Minas Gerais (MG),4,Gold
CLI-79748,29,Bahia (BA),4,Gold
CLI-97787,44,Bahia (BA),3,Gold
CLI-12059,55,Paraná (PR),2,Silver
CLI-67355,33,Paraná (PR),4,Gold
CLI-12898,38,Minas Gerais (MG),1,Silver
CLI-16775,35,São Paulo (SP),4,Gold
CLI-66303,22,Paraná (PR),1,Silver
CLI-11452,25,Minas Gerais (MG),4,Gold
CLI-49742,43,Paraná (PR),2,Silver
CLI-75761,38,Minas Gerais (MG),1,Silver
CLI-90762,46,Bahia (BA),1,Silver
CLI-64879,60,Minas Gerais (MG),3,Gold
CLI-53645,63,São Paulo (SP),2,Silver
CLI-48625,56,Bahia (BA),3,Gold
CLI-61445,46,Paraná (PR),1,Silver
CLI-40611,33,Paraná (PR),4,Gold
CLI-10346,45,São Paulo (SP),4,Gold
CLI-79362,33,Paraná (PR),4,Gold
CLI-35290,42,Paraná (PR),1,Silver
CLI-65247,39,São Paulo (SP),4,Gold
CLI-19654,64,Rio de Janeiro (RJ),3,Gold
CLI-22005,31,Paraná (PR),2,Silver
CLI-99103,44,Rio de Janeiro (RJ),3,Gold
CLI-54076,53,São Paulo (SP),4,Gold
CLI-57110,50,São Paulo (SP),4,Gold
CLI-24887,25,Minas Gerais (MG),4,Gold
CLI-67023,62,Rio de Janeiro (RJ),1,Silver
CLI-83471,41,Rio de Janeiro (RJ),4,Gold
CLI-13949,33,Minas Gerais (MG),4,Gold
CLI-36043,56,Minas Gerais (MG),3,Gold
CLI-18463,49,São Paulo (SP),4,Gold
CLI-35685,40,Rio de Janeiro (RJ),3,Gold
CLI-42961,51,São Paulo (SP),4,Gold
CLI-72554,52,Paraná (PR),3,Gold
CLI-30334,65,Minas Gerais (MG),4,Gold
CLI-65801,59,Rio de Janeiro (RJ),2,Silver
CLI-32665,37,Minas Gerais (MG),4,Gold
CLI-53143,45,Bahia (BA),4,Gold
CLI-33153,43,Bahia (BA),2,Silver
CLI-83214,57,Bahia (BA),4,Gold
CLI-64439,36,Minas Gerais (MG),3,Gold
CLI-14776,18,Bahia (BA),1,Silver
CLI-64274,20,Bahia (BA),3,Gold
CLI-36519,25,Bahia (BA),4,Gold
CLI-44083,64,Paraná (PR),3,Gold
CLI-91191,52,Rio de Janeiro (RJ),3,Gold
CLI-16072,47,Minas Gerais (MG),2,Silver
CLI-85054,40,Rio de Janeiro (RJ),3,Gold
CLI-60895,52,Paraná (PR),3,Gold
CLI-10383,30,Minas Gerais (MG),1,Silver
CLI-58894,59,Rio de Janeiro (RJ),2,Silver
CLI-58778,20,Minas Gerais (MG),3,Gold
CLI-40258,52,Rio de Janeiro (RJ),3,Gold
CLI-89003,65,Minas Gerais (MG),4,Gold
CLI-36926,45,Minas Gerais (MG),4,Gold
CLI-72324,43,Bahia (BA),2,Silver
CLI-58920,51,Minas Gerais (MG),2,Silver
CLI-85785,65,Rio de Janeiro (RJ),4,Gold
CLI-69134,24,Paraná (PR),3,Gold
CLI-59779,62,Rio de Janeiro (RJ),1,Silver
CLI-64107,63,Paraná (PR),2,Silver
CLI-99341,43,Minas Gerais (MG),2,Silver
CLI-11031,61,São Paulo (SP),4,Gold
CLI-21985,56,Minas Gerais (MG),3,Gold
CLI-85783,62,Rio de Janeiro (RJ),1,Silver
CLI-46373,61,São Paulo (SP),4,Gold
CLI-20815,20,Rio de Janeiro (RJ),3,Gold
CLI-21369,51,Minas Gerais (MG),2,Silver
CLI-74930,47,Paraná (PR),2,Silver
CLI-13299,53,São Paulo (SP),4,Gold
CLI-40707,64,Rio de Janeiro (RJ),3,Gold
CLI-14815,41,Paraná (PR),4,Gold
CLI-27720,57,Rio de Janeiro (RJ),4,Gold
CLI-88281,64,São Paulo (SP),3,Gold
CLI-66077,26,Paraná (PR),1,Silver
CLI-42597,56,Paraná (PR),3,Gold
CLI-47019,51,São Paulo (SP),4,Gold
CLI-74689,22,Minas Gerais (MG),1,Silver
CLI-23622,23,São Paulo (SP),2,Silver
CLI-51652,20,Bahia (BA),3,Gold
CLI-44979,44,São Paulo (SP),4,Gold
CLI-85296,38,Rio de Janeiro (RJ),1,Silver
CLI-53697,57,Minas Gerais (MG),4,Gold
CLI-14730,42,Rio de Janeiro (RJ),1,Silver
CLI-81271,18,Bahia (BA),1,Silver
CLI-82278,52,Minas Gerais (MG),3,Gold
CLI-84852,64,São Paulo (SP),3,Gold
CLI-34984,42,São Paulo (SP),4,Gold
CLI-56845,42,Bahia (BA),1,Silver
CLI-81155,58,Bahia (BA),1,Silver
CLI-47536,64,Paraná (PR),3,Gold
CLI-45667,63,Rio de Janeiro (RJ),2,Silver
CLI-25765,46,São Paulo (SP),4,Gold
CLI-21289,50,Paraná (PR),1,Silver
CLI-92774,20,Rio de Janeiro (RJ),3,Gold
CLI-75957,28,São Paulo (SP),3,Gold
CLI-74040,29,Rio de Janeiro (RJ),4,Gold
CLI-85957,45,São Paulo (SP),4,Gold
CLI-71098,40,Bahia (BA),3,Gold
CLI-99889,36,Bahia (BA),3,Gold
CLI-69273,36,Bahia (BA),3,Gold
CLI-31885,18,Bahia (BA),1,Silver
CLI-35647,18,Paraná (PR),1,Silver
CLI-64929,38,Rio de Janeiro (RJ),1,Silver
CLI-58255,54,Bahia (BA),1,Silver
CLI-25607,26,Minas Gerais (MG),1,Silver
CLI-34089,27,Minas Gerais (MG),2,Silver
CLI-24701,56,São Paulo (SP),3,Gold
CLI-62118,52,Minas Gerais (MG),3,Gold
CLI-70029,29,Rio de Janeiro (RJ),4,Gold
CLI-55466,27,São Paulo (SP),2,Silver
CLI-41968,18,São Paulo (SP),1,Silver
CLI-59775,50,São Paulo (SP),4,Gold
CLI-60925,43,São Paulo (SP),4,Gold
CLI-68519,19,Rio de Janeiro (RJ),2,Silver
CLI-41638,40,Paraná (PR),3,Gold
CLI-50868,59,Rio de Janeiro (RJ),2,Silver
CLI-61531,21,Minas Gerais (MG),4,Gold
CLI-18800,19,São Paulo (SP),2,Silver
CLI-42120,26,Rio de Janeiro (RJ),1,Silver
CLI-45767,19,Bahia (BA),2,Silver
CLI-80288,63,São Paulo (SP),2,Silver
CLI-68512,33,São Paulo (SP),4,Gold
CLI-39321,34,Bahia (BA),1,Silver
CLI-63739,30,Rio de Janeiro (RJ),1,Silver
CLI-18478,44,Rio de Janeiro (RJ),3,Gold
CLI-16580,56,Rio de Janeiro (RJ),3,Gold
CLI-19419,63,Bahia (BA),2,Silver
CLI-81584,29,São Paulo (SP),4,Gold
CLI-90643,63,Rio de Janeiro (RJ),2,Silver
CLI-67900,32,Bahia (BA),3,Gold
CLI-37687,25,Minas Gerais (MG),4,Gold
CLI-65754,37,Rio de Janeiro (RJ),4,Gold
CLI-92529,54,Paraná (PR),1,Silver
CLI-33265,24,Rio de Janeiro (RJ),3,Gold
CLI-36593,23,Bahia (BA),2,Silver
CLI-55794,41,Minas Gerais (MG),4,Gold
CLI-57421,28,Bahia (BA),3,Gold
CLI-81682,18,São Paulo (SP),1,Silver
CLI-85586,44,Minas Gerais (MG),3,Gold
CLI-47919,37,Bahia (BA),4,Gold
CLI-76670,55,Minas Gerais (MG),2,Silver
CLI-72758,29,Bahia (BA),4,Gold
CLI-58295,51,Minas Gerais (MG),2,Silver
CLI-71304,30,Minas Gerais (MG),1,Silver
CLI-59217,62,Bahia (BA),1,Silver
CLI-18521,45,São Paulo (SP),4,Gold
CLI-33242,23,São Paulo (SP),2,Silver
CLI-88877,33,Rio de Janeiro (RJ),4,Gold
CLI-24751,60,Rio de Janeiro (RJ),3,Gold
CLI-18808,44,São Paulo (SP),4,Gold
CLI-66484,42,Minas Gerais (MG),1,Silver
CLI-46545,45,Minas Gerais (MG),4,Gold
CLI-86162,60,Rio de Janeiro (RJ),3,Gold
CLI-99791,18,Bahia (BA),1,Silver
CLI-73560,55,Bahia (BA),2,Silver
CLI-49777,19,Paraná (PR),2,Silver
CLI-54903,31,Bahia (BA),2,Silver
CLI-27908,24,São Paulo (SP),3,Gold
CLI-50481,39,Rio de Janeiro (RJ),2,Silver
CLI-34054,62,São Paulo (SP),1,Silver
CLI-30532,35,São Paulo (SP),4,Gold
CLI-86492,19,Bahia (BA),2,Silver
CLI-57836,32,São Paulo (SP),3,Gold
CLI-92951,39,Bahia (BA),2,Silver
CLI-63684,21,São Paulo (SP),4,Gold
CLI-16743,29,Rio de Janeiro (RJ),4,Gold
CLI-94265,20,Minas Gerais (MG),3,Gold
CLI-86542,55,Rio de Janeiro (RJ),2,Silver
CLI-16309,62,Bahia (BA),1,Silver
CLI-47347,59,São Paulo (SP),2,Silver
CLI-38829,47,São Paulo (SP),4,Gold
CLI-64724,36,Paraná (PR),3,Gold
CLI-23816,26,Bahia (BA),1,Silver
CLI-86839,50,Bahia (BA),1,Silver
CLI-45486,60,Bahia (BA),3,Gold
CLI-41483,61,Paraná (PR),4,Gold
CLI-81208,19,Rio de Janeiro (RJ),2,Silver
CLI-46797,21,São Paulo (SP),4,Gold
CLI-62548,43,Rio de Janeiro (RJ),2,Silver
CLI-12945,45,Minas Gerais (MG),4,Gold
CLI-13489,46,São Paulo (SP),4,Gold
CLI-13114,59,Minas Gerais (MG),2,Silver
CLI-48124,29,Rio de Janeiro (RJ),4,Gold
CLI-86483,38,Paraná (PR),1,Silver
CLI-75596,61,Rio de Janeiro (RJ),4,Gold
CLI-26790,55,São Paulo (SP),4,Gold
CLI-67127,30,Paraná (PR),1,Silver
CLI-86518,50,Minas Gerais (MG),1,Silver
CLI-56774,62,Paraná (PR),1,Silver
CLI-69692,25,Paraná (PR),4,Gold
CLI-60949,47,Paraná (PR),2,Silver
CLI-69294,51,Paraná (PR),2,Silver
CLI-33363,23,Paraná (PR),2,Silver
CLI-14380,24,São Paulo (SP),3,Gold
CLI-17691,19,Rio de Janeiro (RJ),2,Silver
CLI-11754,61,Rio de Janeiro (RJ),4,Gold
CLI-48787,55,São Paulo (SP),4,Gold
CLI-57809,21,São Paulo (SP),4,Gold
CLI-13980,30,São Paulo (SP),1,Silver
CLI-63752,56,Bahia (BA),3,Gold
CLI-77000,58,Rio de Janeiro (RJ),1,Silver
CLI-56679,51,Rio de Janeiro (RJ),2,Silver
CLI-56163,25,Minas Gerais (MG),4,Gold
CLI-61940,38,Bahia (BA),1,Silver
CLI-24426,18,Rio de Janeiro (RJ),1,Silver
CLI-15875,34,São Paulo (SP),1,Silver
CLI-55604,54,Bahia (BA),1,Silver
CLI-70188,39,São Paulo (SP),4,Gold
CLI-94552,52,Bahia (BA),3,Gold
CLI-63800,30,Bahia (BA),1,Silver
CLI-33262,30,Rio de Janeiro (RJ),1,Silver
CLI-53620,31,Minas Gerais (MG),2,Silver
CLI-78122,21,Paraná (PR),4,Gold
CLI-76146,18,Rio de Janeiro (RJ),1,Silver
CLI-84785,55,Rio de Janeiro (RJ),2,Silver
CLI-40739,52,Rio de Janeiro (RJ),3,Gold
CLI-86986,24,Paraná (PR),3,Gold
CLI-12187,58,Rio de Janeiro (RJ),1,Silver
CLI-73812,48,São Paulo (SP),4,Gold
CLI-40705,51,São Paulo (SP),4,Gold
CLI-16491,48,Minas Gerais (MG),3,Gold
CLI-10568,38,Rio de Janeiro (RJ),1,Silver
CLI-74758,45,Rio de Janeiro (RJ),4,Gold
CLI-52782,63,São Paulo (SP),2,Silver
CLI-90336,28,Bahia (BA),3,Gold
CLI-68168,35,Minas Gerais (MG),2,Silver
CLI-72908,34,Minas Gerais (MG),1,Silver
CLI-86485,27,Minas Gerais (MG),2,Silver
CLI-38616,47,Minas Gerais (MG),2,Silver
CLI-74890,39,Paraná (PR),2,Silver
CLI-93088,43,Minas Gerais (MG),2,Silver
CLI-22659,22,Paraná (PR),1,Silver
CLI-38788,60,Paraná (PR),3,Gold
CLI-49672,38,Rio de Janeiro (RJ),1,Silver
CLI-59448,61,Paraná (PR),4,Gold
CLI-37986,36,Bahia (BA),3,Gold
CLI-77137,27,Bahia (BA),2,Silver
CLI-24648,53,Paraná (PR),4,Gold
CLI-76577,46,Bahia (BA),1,Silver
CLI-72354,37,Rio de Janeiro (RJ),4,Gold
CLI-28978,37,São Paulo (SP),4,Gold
CLI-88167,51,Rio de Janeiro (RJ),2,Silver
CLI-77121,33,Paraná (PR),4,Gold
CLI-92106,38,Rio de Janeiro (RJ),1,Silver
CLI-89416,49,Paraná (PR),4,Gold
CLI-58402,57,Paraná (PR),4,Gold
CLI-11372,58,Paraná (PR),1,Silver
CLI-41823,18,São Paulo (SP),1,Silver
CLI-24743,56,Bahia (BA),3,Gold
CLI-59233,25,Minas Gerais (MG),4,Gold
CLI-77602,19,Rio de Janeiro (RJ),2,Silver
CLI-88898,48,São Paulo (SP),4,Gold
CLI-93822,53,Paraná (PR),4,Gold
CLI-16884,46,Rio de Janeiro (RJ),1,Silver
CLI-28617,28,Bahia (BA),3,Gold
CLI-77573,18,São Paulo (SP),1,Silver
CLI-53109,37,São Paulo (SP),4,Gold
CLI-73109,44,Paraná (PR),3,Gold
CLI-16310,23,Paraná (PR),2,Silver
CLI-92830,46,Bahia (BA),1,Silver
CLI-47289,33,Bahia (BA),4,Gold
CLI-32541,52,Minas Gerais (MG),3,Gold
CLI-96147,20,Paraná (PR),3,Gold
CLI-35146,47,Bahia (BA),2,Silver
CLI-36092,45,Rio de Janeiro (RJ),4,Gold
CLI-68376,54,Minas Gerais (MG),1,Silver
CLI-47547,48,São Paulo (SP),4,Gold
CLI-45210,49,Rio de Janeiro (RJ),4,Gold
CLI-66280,45,São Paulo (SP),4,Gold
CLI-54291,25,Bahia (BA),4,Gold
CLI-99410,23,Paraná (PR),2,Silver
CLI-42429,59,São Paulo (SP),2,Silver
CLI-59782,49,Minas Gerais (MG),4,Gold
CLI-26659,45,Bahia (BA),4,Gold
CLI-28204,44,Bahia (BA),3,Gold
CLI-35757,18,Bahia (BA),1,Silver
CLI-85627,41,Rio de Janeiro (RJ),4,Gold
CLI-62902,32,Rio de Janeiro (RJ),3,Gold
CLI-39331,43,Rio de Janeiro (RJ),2,Silver
CLI-65012,49,Paraná (PR),4,Gold
CLI-72991,38,Rio de Janeiro (RJ),1,Silver
CLI-27133,41,Minas Gerais (MG),4,Gold
CLI-29236,46,Rio de Janeiro (RJ),1,Silver
CLI-65704,35,Rio de Janeiro (RJ),2,Silver
CLI-12866,23,Rio de Janeiro (RJ),2,Silver
CLI-32833,56,Rio de Janeiro (RJ),3,Gold
CLI-12518,26,Paraná (PR),1,Silver
CLI-51725,33,Minas Gerais (MG),4,Gold
CLI-70198,50,Bahia (BA),1,Silver
CLI-12191,28,São Paulo (SP),3,Gold
CLI-17035,29,São Paulo (SP),4,Gold
CLI-92269,49,São Paulo (SP),4,Gold
CLI-14403,50,São Paulo (SP),4,Gold
CLI-45163,40,Minas Gerais (MG),3,Gold
CLI-45302,56,Rio de Janeiro (RJ),3,Gold
CLI-61566,21,Rio de Janeiro (RJ),4,Gold
CLI-88112,48,Rio de Janeiro (RJ),3,Gold
CLI-74156,59,São Paulo (SP),2,Silver
CLI-36953,22,Minas Gerais (MG),1,Silver
CLI-48986,37,São Paulo (SP),4,Gold
CLI-15679,18,São Paulo (SP),1,Silver
CLI-45229,38,Paraná (PR),1,Silver
CLI-19787,55,Rio de Janeiro (RJ),2,Silver
CLI-88368,20,Rio de Janeiro (RJ),3,Gold
CLI-66138,40,São Paulo (SP),4,Gold
CLI-42133,61,Rio de Janeiro (RJ),4,Gold
CLI-60033,18,Rio de Janeiro (RJ),1,Silver
CLI-29350,19,Rio de Janeiro (RJ),2,Silver
CLI-93043,53,Minas Gerais (MG),4,Gold
CLI-95036,56,Paraná (PR),3,Gold
CLI-55678,33,São Paulo (SP),4,Gold
CLI-41028,61,Bahia (BA),4,Gold
CLI-42827,29,Bahia (BA),4,Gold
CLI-15377,46,Rio de Janeiro (RJ),1,Silver
CLI-67519,60,Rio de Janeiro (RJ),3,Gold
CLI-28083,29,Bahia (BA),4,Gold
CLI-22841,62,São Paulo (SP),1,Silver
CLI-94635,18,São Paulo (SP),1,Silver
CLI-80312,29,São Paulo (SP),4,Gold
CLI-94103,36,Bahia (BA),3,Gold
CLI-79788,56,Minas Gerais (MG),3,Gold
CLI-51434,55,Paraná (PR),2,Silver
CLI-34199,31,Rio de Janeiro (RJ),2,Silver
CLI-11588,43,São Paulo (SP),4,Gold
CLI-86849,65,Rio de Janeiro (RJ),4,Gold
CLI-56871,59,Rio de Janeiro (RJ),2,Silver
CLI-68933,51,Minas Gerais (MG),2,Silver
CLI-24032,21,Paraná (PR),4,Gold
CLI-71845,29,Paraná (PR),4,Gold
CLI-95681,51,Rio de Janeiro (RJ),2,Silver
CLI-65865,22,São Paulo (SP),1,Silver
CLI-40842,54,Paraná (PR),1,Silver
CLI-76492,57,Paraná (PR),4,Gold
CLI-52169,42,Rio de Janeiro (RJ),1,Silver
CLI-74967,54,São Paulo (SP),4,Gold
CLI-17457,20,Rio de Janeiro (RJ),3,Gold
CLI-53688,47,Bahia (BA),2,Silver
CLI-60966,55,Rio de Janeiro (RJ),2,Silver
CLI-53170,35,Rio de Janeiro (RJ),2,Silver
CLI-67105,42,Minas Gerais (MG),1,Silver
CLI-16930,27,Minas Gerais (MG),2,Silver
CLI-21091,64,Rio de Janeiro (RJ),3,Gold
CLI-90417,65,Minas Gerais (MG),4,Gold
CLI-70769,49,Minas Gerais (MG),4,Gold
CLI-42032,52,São Paulo (SP),4,Gold
CLI-89329,22,Rio de Janeiro (RJ),1,Silver
CLI-48471,55,Bahia (BA),2,Silver
CLI-31936,18,Bahia (BA),1,Silver
CLI-46653,31,Bahia (BA),2,Silver
CLI-52036,37,Minas Gerais (MG),4,Gold
CLI-33824,45,Rio de Janeiro (RJ),4,Gold
CLI-71980,47,Minas Gerais (MG),2,Silver
CLI-68202,26,Rio de Janeiro (RJ),1,Silver
CLI-89868,50,Bahia (BA),1,Silver
CLI-55382,48,Minas Gerais (MG),3,Gold
CLI-66596,32,Bahia (BA),3,Gold
CLI-53017,57,Bahia (BA),4,Gold
CLI-99913,42,Minas Gerais (MG),1,Silver
CLI-69514,56,São Paulo (SP),3,Gold
CLI-33418,30,Paraná (PR),1,Silver
CLI-48917,64,Rio de Janeiro (RJ),3,Gold
CLI-52249,31,Rio de Janeiro (RJ),2,Silver
CLI-98199,42,Minas Gerais (MG),1,Silver
CLI-26995,55,Paraná (PR),2,Silver
CLI-71554,44,Minas Gerais (MG),3,Gold
CLI-57662,40,Bahia (BA),3,Gold
CLI-22227,36,Bahia (BA),3,Gold
CLI-82410,32,Minas Gerais (MG),3,Gold
CLI-78536,30,Minas Gerais (MG),1,Silver
CLI-27183,26,Bahia (BA),1,Silver
CLI-32063,61,Rio de Janeiro (RJ),4,Gold
CLI-53722,41,Minas Gerais (MG),4,Gold
CLI-60680,33,Bahia (BA),4,Gold
CLI-28624,57,Rio de Janeiro (RJ),4,Gold
CLI-77369,31,Minas Gerais (MG),2,Silver
CLI-46860,50,São Paulo (SP),4,Gold
CLI-37717,25,Minas Gerais (MG),4,Gold
CLI-13297,52,São Paulo (SP),4,Gold
CLI-67840,63,São Paulo (SP),2,Silver
CLI-32343,27,Minas Gerais (MG),2,Silver
CLI-14882,60,Paraná (PR),3,Gold
CLI-70000,52,Minas Gerais (MG),3,Gold
CLI-17292,41,Bahia (BA),4,Gold
CLI-69444,54,Paraná (PR),1,Silver
CLI-12005,28,Minas Gerais (MG),3,Gold
CLI-66712,48,Rio de Janeiro (RJ),3,Gold
CLI-21295,58,Rio de Janeiro (RJ),1,Silver
CLI-11217,57,Paraná (PR),4,Gold
CLI-18597,31,Minas Gerais (MG),2,Silver
CLI-65908,22,Paraná (PR),1,Silver
CLI-62720,47,Bahia (BA),2,Silver
CLI-39979,23,São Paulo (SP),2,Silver
CLI-62395,42,São Paulo (SP),4,Gold
CLI-74303,49,Bahia (BA),4,Gold
CLI-53949,65,Bahia (BA),4,Gold
CLI-91326,63,Paraná (PR),2,Silver
CLI-97652,28,Rio de Janeiro (RJ),3,Gold
CLI-15617,64,São Paulo (SP),3,Gold
CLI-74721,42,Paraná (PR),1,Silver
CLI-98379,29,Bahia (BA),4,Gold
CLI-65053,48,Rio de Janeiro (RJ),3,Gold
CLI-63690,45,Paraná (PR),4,Gold
CLI-19247,27,Rio de Janeiro (RJ),2,Silver
CLI-62559,31,Minas Gerais (MG),2,Silver
CLI-63120,19,Minas Gerais (MG),2,Silver
CLI-82284,41,Minas Gerais (MG),4,Gold
CLI-66713,30,Rio de Janeiro (RJ),1,Silver
CLI-55642,60,Minas Gerais (MG),3,Gold
CLI-14118,47,Paraná (PR),2,Silver
CLI-63981,28,São Paulo (SP),3,Gold
CLI-67520,32,Minas Gerais (MG),3,Gold
CLI-75008,37,Rio de Janeiro (RJ),4,Gold
CLI-74744,18,São Paulo (SP),1,Silver
CLI-15493,25,Bahia (BA),4,Gold
CLI-46455,64,Paraná (PR),3,Gold
CLI-81770,48,São Paulo (SP),4,Gold
CLI-18727,56,Minas Gerais (MG),3,Gold
CLI-84809,39,Paraná (PR),2,Silver
CLI-92675,53,Bahia (BA),4,Gold
CLI-38336,33,São Paulo (SP),4,Gold
CLI-60013,65,Minas Gerais (MG),4,Gold
CLI-18620,38,Rio de Janeiro (RJ),1,Silver
CLI-93109,50,Rio de Janeiro (RJ),1,Silver
CLI-80286,35,Minas Gerais (MG),2,Silver
CLI-58781,31,Paraná (PR),2,Silver
CLI-15864,20,Paraná (PR),3,Gold
CLI-81103,40,Bahia (BA),3,Gold
CLI-82307,38,Rio de Janeiro (RJ),1,Silver
CLI-12667,46,São Paulo (SP),4,Gold
CLI-51899,26,Rio de Janeiro (RJ),1,Silver
CLI-95111,50,Rio de Janeiro (RJ),1,Silver
CLI-53252,34,Paraná (PR),1,Silver
CLI-28164,55,Minas Gerais (MG),2,Silver
CLI-37039,52,Rio de Janeiro (RJ),3,Gold
CLI-90910,23,Rio de Janeiro (RJ),2,Silver
CLI-34832,50,Minas Gerais (MG),1,Silver
CLI-34161,61,Bahia (BA),4,Gold
CLI-85500,35,São Paulo (SP),4,Gold
CLI-30534,57,Rio de Janeiro (RJ),4,Gold
CLI-78539,22,Rio de Janeiro (RJ),1,Silver
CLI-10005,50,São Paulo (SP),4,Gold
CLI-60205,40,Paraná (PR),3,Gold
CLI-63479,52,Minas Gerais (MG),3,Gold
CLI-22283,26,Paraná (PR),1,Silver
CLI-90014,36,Minas Gerais (MG),3,Gold
CLI-12222,43,Rio de Janeiro (RJ),2,Silver
CLI-39507,36,Rio de Janeiro (RJ),3,Gold
CLI-15700,43,Rio de Janeiro (RJ),2,Silver
CLI-23496,23,Minas Gerais (MG),2,Silver
CLI-70559,18,Rio de Janeiro (RJ),1,Silver
CLI-99042,52,Rio de Janeiro (RJ),3,Gold
CLI-12423,22,Rio de Janeiro (RJ),1,Silver
CLI-39625,39,Rio de Janeiro (RJ),2,Silver
CLI-34856,64,São Paulo (SP),3,Gold
CLI-88902,44,Minas Gerais (MG),3,Gold
CLI-96329,61,Paraná (PR),4,Gold
CLI-77905,57,São Paulo (SP),4,Gold
CLI-74076,24,Minas Gerais (MG),3,Gold
CLI-52035,46,São Paulo (SP),4,Gold
CLI-27927,46,Rio de Janeiro (RJ),1,Silver
CLI-79531,40,Paraná (PR),3,Gold
CLI-28489,37,Rio de Janeiro (RJ),4,Gold
CLI-99036,40,São Paulo (SP),4,Gold
CLI-63791,62,Minas Gerais (MG),1,Silver
CLI-13153,38,São Paulo (SP),4,Gold
CLI-18693,64,Bahia (BA),3,Gold
CLI-50388,31,Rio de Janeiro (RJ),2,Silver
CLI-49659,24,São Paulo (SP),3,Gold
CLI-81777,55,São Paulo (SP),4,Gold
CLI-34508,35,São Paulo (SP),4,Gold
CLI-98421,23,São Paulo (SP),2,Silver
CLI-63297,59,São Paulo (SP),2,Silver
CLI-29718,22,São Paulo (SP),1,Silver
CLI-86047,19,São Paulo (SP),2,Silver
CLI-35505,20,Minas Gerais (MG),3,Gold
CLI-31022,63,Rio de Janeiro (RJ),2,Silver
CLI-56361,28,Rio de Janeiro (RJ),3,Gold
CLI-54167,31,Paraná (PR),2,Silver
CLI-57354,29,Rio de Janeiro (RJ),4,Gold
CLI-47798,27,Minas Gerais (MG),2,Silver
CLI-14075,55,Minas Gerais (MG),2,Silver
CLI-72871,63,Rio de Janeiro (RJ),2,Silver
CLI-81691,64,Minas Gerais (MG),3,Gold
CLI-86547,51,Minas Gerais (MG),2,Silver
CLI-16732,34,Bahia (BA),1,Silver
CLI-99771,56,Rio de Janeiro (RJ),3,Gold
CLI-45589,23,Minas Gerais (MG),2,Silver
CLI-67263,32,Bahia (BA),3,Gold
CLI-64171,62,Paraná (PR),1,Silver
CLI-82616,21,São Paulo (SP),4,Gold
CLI-71256,36,Minas Gerais (MG),3,Gold
CLI-24439,61,Minas Gerais (MG),4,Gold
CLI-95383,24,Rio de Janeiro (RJ),3,Gold
CLI-61600,21,Minas Gerais (MG),4,Gold
CLI-96109,65,Bahia (BA),4,Gold
CLI-61618,61,Bahia (BA),4,Gold
CLI-22526,32,Minas Gerais (MG),3,Gold
CLI-86588,41,Paraná (PR),4,Gold
CLI-48819,53,Rio de Janeiro (RJ),4,Gold
CLI-39424,58,Minas Gerais (MG),1,Silver
CLI-63556,61,Rio de Janeiro (RJ),4,Gold
CLI-16112,35,Rio de Janeiro (RJ),2,Silver
CLI-36026,26,Bahia (BA),1,Silver
CLI-62598,56,Paraná (PR),3,Gold
CLI-43916,52,São Paulo (SP),4,Gold
CLI-68432,50,Minas Gerais (MG),1,Silver
CLI-91819,48,São Paulo (SP),4,Gold
CLI-91832,59,Minas Gerais (MG),2,Silver
CLI-28576,46,Bahia (BA),1,Silver
CLI-76589,31,Bahia (BA),2,Silver
CLI-75570,32,Bahia (BA),3,Gold
CLI-25126,46,Paraná (PR),1,Silver
CLI-67763,33,Rio de Janeiro (RJ),4,Gold
CLI-53742,43,Bahia (BA),2,Silver
CLI-81447,54,Rio de Janeiro (RJ),1,Silver
CLI-34177,21,Bahia (BA),4,Gold
CLI-49079,29,Bahia (BA),4,Gold
CLI-71377,64,Minas Gerais (MG),3,Gold
CLI-18203,19,Rio de Janeiro (RJ),2,Silver
CLI-55925,32,São Paulo (SP),3,Gold
CLI-20684,44,Rio de Janeiro (RJ),3,Gold
CLI-62304,51,São Paulo (SP),4,Gold
CLI-27760,64,Bahia (BA),3,Gold
CLI-28396,62,Rio de Janeiro (RJ),1,Silver
CLI-86589,34,São Paulo (SP),1,Silver
CLI-88328,60,Rio de Janeiro (RJ),3,Gold
CLI-50087,51,São Paulo (SP),4,Gold
CLI-30761,25,Rio de Janeiro (RJ),4,Gold
CLI-64590,31,Minas Gerais (MG),2,Silver
CLI-80725,47,Bahia (BA),2,Silver
CLI-74705,23,Rio de Janeiro (RJ),2,Silver
CLI-64225,34,Bahia (BA),1,Silver
CLI-44143,59,São Paulo (SP),2,Silver
CLI-78791,60,Bahia (BA),3,Gold
CLI-92880,56,Bahia (BA),3,Gold
CLI-23976,27,Minas Gerais (MG),2,Silver
CLI-51966,27,São Paulo (SP),2,Silver
CLI-64363,63,Minas Gerais (MG),2,Silver
CLI-81206,22,Rio de Janeiro (RJ),1,Silver
CLI-23361,41,Rio de Janeiro (RJ),4,Gold
CLI-77376,62,Bahia (BA),1,Silver
CLI-71010,30,Bahia (BA),1,Silver
CLI-75249,46,Paraná (PR),1,Silver
CLI-49060,27,Bahia (BA),2,Silver
CLI-70411,46,Rio de Janeiro (RJ),1,Silver
CLI-21816,51,São Paulo (SP),4,Gold
CLI-65429,34,São Paulo (SP),1,Silver
CLI-46273,40,Rio de Janeiro (RJ),3,Gold
CLI-90706,41,Paraná (PR),4,Gold
CLI-88363,65,Rio de Janeiro (RJ),4,Gold
CLI-25158,21,Minas Gerais (MG),4,Gold
CLI-63872,29,Minas Gerais (MG),4,Gold
CLI-34010,63,Minas Gerais (MG),2,Silver
CLI-64471,39,Minas Gerais (MG),2,Silver
CLI-18459,20,Minas Gerais (MG),3,Gold
CLI-16655,63,Minas Gerais (MG),2,Silver
CLI-55450,47,Minas Gerais (MG),2,Silver
CLI-22099,25,Minas Gerais (MG),4,Gold
CLI-30891,37,Rio de Janeiro (RJ),4,Gold
CLI-42756,21,Minas Gerais (MG),4,Gold
CLI-11767,52,Paraná (PR),3,Gold
CLI-18211,56,Minas Gerais (MG),3,Gold
CLI-76470,28,Paraná (PR),3,Gold
CLI-40998,65,Rio de Janeiro (RJ),4,Gold
CLI-97890,45,Rio de Janeiro (RJ),4,Gold
CLI-40108,20,Rio de Janeiro (RJ),3,Gold
CLI-70977,48,Minas Gerais (MG),3,Gold
CLI-46928,25,Paraná (PR),4,Gold
CLI-95712,45,Rio de Janeiro (RJ),4,Gold
CLI-24131,54,Minas Gerais (MG),1,Silver
CLI-10657,19,Paraná (PR),2,Silver
CLI-96648,56,Rio de Janeiro (RJ),3,Gold
CLI-78216,28,Rio de Janeiro (RJ),3,Gold
CLI-90977,26,Bahia (BA),1,Silver
CLI-70146,21,Minas Gerais (MG),4,Gold
CLI-29363,28,São Paulo (SP),3,Gold
CLI-95518,48,Paraná (PR),3,Gold
CLI-52756,25,Minas Gerais (MG),4,Gold
CLI-56122,22,São Paulo (SP),1,Silver
CLI-61653,38,Rio de Janeiro (RJ),1,Silver
CLI-60407,35,Rio de Janeiro (RJ),2,Silver
CLI-71964,42,Paraná (PR),1,Silver
CLI-39436,22,Minas Gerais (MG),1,Silver
CLI-75753,61,Paraná (PR),4,Gold
CLI-63158,25,São Paulo (SP),4,Gold
CLI-60501,25,Rio de Janeiro (RJ),4,Gold
CLI-63944,33,São Paulo (SP),4,Gold
CLI-92863,47,São Paulo (SP),4,Gold
CLI-95618,61,Bahia (BA),4,Gold
CLI-58949,61,Bahia (BA),4,Gold
CLI-90921,30,Paraná (PR),1,Silver
CLI-43775,22,Paraná (PR),1,Silver
CLI-96013,26,Paraná (PR),1,Silver
CLI-13734,42,Minas Gerais (MG),1,Silver
CLI-15094,60,Bahia (BA),3,Gold
CLI-25337,43,Minas Gerais (MG),2,Silver
CLI-16332,32,Rio de Janeiro (RJ),3,Gold
CLI-38797,39,Rio de Janeiro (RJ),2,Silver
CLI-64368,47,São Paulo (SP),4,Gold
CLI-15222,47,Bahia (BA),2,Silver
CLI-54026,35,Paraná (PR),2,Silver
CLI-74343,38,Minas Gerais (MG),1,Silver
CLI-95797,56,São Paulo (SP),3,Gold
CLI-72999,40,São Paulo (SP),4,Gold
CLI-85866,54,Paraná (PR),1,Silver
CLI-82771,54,Rio de Janeiro (RJ),1,Silver
CLI-86587,36,Bahia (BA),3,Gold
CLI-23355,35,Minas Gerais (MG),2,Silver
CLI-89842,57,Paraná (PR),4,Gold
CLI-39686,33,Paraná (PR),4,Gold
CLI-68518,31,Bahia (BA),2,Silver
CLI-54798,26,São Paulo (SP),1,Silver
CLI-67199,25,Minas Gerais (MG),4,Gold
CLI-75198,37,São Paulo (SP),4,Gold
CLI-17892,50,Rio de Janeiro (RJ),1,Silver
CLI-86611,28,São Paulo (SP),3,Gold
CLI-15625,24,Rio de Janeiro (RJ),3,Gold
CLI-31349,26,Minas Gerais (MG),1,Silver
CLI-90976,55,Minas Gerais (MG),2,Silver
CLI-92087,40,São Paulo (SP),4,Gold
CLI-36881,54,Rio de Janeiro (RJ),1,Silver
CLI-73167,25,Minas Gerais (MG),4,Gold
CLI-42845,42,Minas Gerais (MG),1,Silver
CLI-36719,32,Rio de Janeiro (RJ),3,Gold
CLI-86550,65,Paraná (PR),4,Gold
CLI-36131,24,São Paulo (SP),3,Gold
CLI-66616,29,Minas Gerais (MG),4,Gold
CLI-42465,44,Bahia (BA),3,Gold
CLI-47186,24,Rio de Janeiro (RJ),3,Gold
CLI-29677,60,Minas Gerais (MG),3,Gold
CLI-46225,49,Minas Gerais (MG),4,Gold
CLI-18659,63,Rio de Janeiro (RJ),2,Silver
CLI-47968,28,São Paulo (SP),3,Gold
CLI-77511,33,Paraná (PR),4,Gold
CLI-33215,58,Rio de Janeiro (RJ),1,Silver
CLI-22776,37,Minas Gerais (MG),4,Gold
CLI-39794,46,Paraná (PR),1,Silver
CLI-58405,44,São Paulo (SP),4,Gold
CLI-10530,45,São Paulo (SP),4,Gold
CLI-75639,46,Minas Gerais (MG),1,Silver
CLI-32671,26,São Paulo (SP),1,Silver
CLI-97147,30,São Paulo (SP),1,Silver
CLI-39517,38,Bahia (BA),1,Silver
CLI-23729,25,Minas Gerais (MG),4,Gold
CLI-85478,58,Rio de Janeiro (RJ),1,Silver
CLI-61849,18,São Paulo (SP),1,Silver
CLI-77964,57,São Paulo (SP),4,Gold
CLI-39853,61,Bahia (BA),4,Gold
CLI-54689,42,São Paulo (SP),4,Gold
CLI-61075,48,Minas Gerais (MG),3,Gold
CLI-47251,25,São Paulo (SP),4,Gold
CLI-46345,58,Bahia (BA),1,Silver
CLI-44983,23,Paraná (PR),2,Silver
CLI-99566,47,Minas Gerais (MG),2,Silver
CLI-77934,55,Rio de Janeiro (RJ),2,Silver
CLI-77302,49,Paraná (PR),4,Gold
CLI-17767,40,Minas Gerais (MG),3,Gold
CLI-45154,46,Bahia (BA),1,Silver
CLI-67889,61,Bahia (BA),4,Gold
CLI-23490,30,Minas Gerais (MG),1,Silver
CLI-34674,30,Rio de Janeiro (RJ),1,Silver
CLI-50316,38,Paraná (PR),1,Silver
CLI-17710,65,Rio de Janeiro (RJ),4,Gold
CLI-56848,45,Paraná (PR),4,Gold
CLI-60992,40,Rio de Janeiro (RJ),3,Gold
CLI-86165,40,Bahia (BA),3,Gold
CLI-67652,26,Rio de Janeiro (RJ),1,Silver
CLI-30061,24,São Paulo (SP),3,Gold
CLI-16369,18,Rio de Janeiro (RJ),1,Silver
CLI-25633,46,Paraná (PR),1,Silver
CLI-46221,60,Minas Gerais (MG),3,Gold
CLI-97580,28,Rio de Janeiro (RJ),3,Gold
CLI-44507,24,São Paulo (SP),3,Gold
CLI-67802,45,São Paulo (SP),4,Gold
CLI-73596,57,Paraná (PR),4,Gold
CLI-16477,63,São Paulo (SP),2,Silver
CLI-15503,28,Bahia (BA),3,Gold
CLI-51026,46,Minas Gerais (MG),1,Silver
CLI-41837,30,São Paulo (SP),1,Silver
CLI-65767,18,Minas Gerais (MG),1,Silver
CLI-50441,38,Rio de Janeiro (RJ),1,Silver
CLI-93812,58,Rio de Janeiro (RJ),1,Silver
CLI-43194,47,Minas Gerais (MG),2,Silver
CLI-41854,57,São Paulo (SP),4,Gold
CLI-96682,44,Paraná (PR),3,Gold
CLI-75193,60,Paraná (PR),3,Gold
CLI-37631,21,Minas Gerais (MG),4,Gold
CLI-77069,59,São Paulo (SP),2,Silver
CLI-38547,38,Paraná (PR),1,Silver
CLI-22970,52,Minas Gerais (MG),3,Gold
CLI-13765,23,Minas Gerais (MG),2,Silver
CLI-77914,19,Rio de Janeiro (RJ),2,Silver
CLI-47917,65,São Paulo (SP),4,Gold
CLI-84245,57,Paraná (PR),4,Gold
CLI-37331,64,Bahia (BA),3,Gold
CLI-72065,57,Bahia (BA),4,Gold
CLI-78262,53,Paraná (PR),4,Gold
CLI-53551,54,Bahia (BA),1,Silver
CLI-91941,62,Bahia (BA),1,Silver
CLI-90072,19,Paraná (PR),2,Silver
CLI-10485,53,Rio de Janeiro (RJ),4,Gold
CLI-62508,55,Rio de Janeiro (RJ),2,Silver
CLI-86410,31,Rio de Janeiro (RJ),2,Silver
CLI-93637,19,Paraná (PR),2,Silver
CLI-14482,43,Paraná (PR),2,Silver
CLI-34839,37,São Paulo (SP),4,Gold
CLI-44031,27,Rio de Janeiro (RJ),2,Silver
CLI-44194,36,Bahia (BA),3,Gold
CLI-36925,52,São Paulo (SP),4,Gold
CLI-78137,32,Bahia (BA),3,Gold
CLI-56343,56,Paraná (PR),3,Gold
CLI-70549,37,Rio de Janeiro (RJ),4,Gold
CLI-83685,28,Minas Gerais (MG),3,Gold
CLI-47085,65,Paraná (PR),4,Gold
CLI-21003,33,Rio de Janeiro (RJ),4,Gold
CLI-32711,62,Paraná (PR),1,Silver
CLI-91927,60,Minas Gerais (MG),3,Gold
CLI-14894,37,Paraná (PR),4,Gold
CLI-43127,47,Rio de Janeiro (RJ),2,Silver
CLI-11445,54,Paraná (PR),1,Silver
CLI-70129,33,Minas Gerais (MG),4,Gold
CLI-74576,52,Bahia (BA),3,Gold
CLI-53678,38,Bahia (BA),1,Silver
CLI-90097,53,Bahia (BA),4,Gold
CLI-56735,42,Rio de Janeiro (RJ),1,Silver
CLI-98675,25,Rio de Janeiro (RJ),4,Gold
CLI-80089,63,São Paulo (SP),2,Silver
CLI-19034,24,Bahia (BA),3,Gold
CLI-37317,64,Rio de Janeiro (RJ),3,Gold
CLI-72686,30,Rio de Janeiro (RJ),1,Silver
CLI-52064,32,Bahia (BA),3,Gold
CLI-63010,52,Paraná (PR),3,Gold
CLI-15213,32,São Paulo (SP),3,Gold
CLI-74665,22,São Paulo (SP),1,Silver
CLI-43702,39,Minas Gerais (MG),2,Silver
CLI-44629,52,Minas Gerais (MG),3,Gold
CLI-60793,29,Bahia (BA),4,Gold
CLI-87903,20,Bahia (BA),3,Gold
CLI-35974,47,Paraná (PR),2,Silver
CLI-79962,38,Paraná (PR),1,Silver
CLI-78264,54,São Paulo (SP),4,Gold
CLI-73929,30,Bahia (BA),1,Silver
CLI-51011,59,Rio de Janeiro (RJ),2,Silver
CLI-67298,18,Paraná (PR),1,Silver
CLI-88811,42,São Paulo (SP),4,Gold
CLI-92586,54,Paraná (PR),1,Silver
CLI-96057,62,Minas Gerais (MG),1,Silver
CLI-18658,42,Minas Gerais (MG),1,Silver
CLI-36573,23,São Paulo (SP),2,Silver
CLI-84539,60,Paraná (PR),3,Gold
CLI-45234,55,Bahia (BA),2,Silver
CLI-39907,45,São Paulo (SP),4,Gold
CLI-50838,20,Rio de Janeiro (RJ),3,Gold
CLI-26004,61,Minas Gerais (MG),4,Gold
CLI-54008,18,Rio de Janeiro (RJ),1,Silver
CLI-83918,51,Bahia (BA),2,Silver
CLI-97718,31,São Paulo (SP),2,Silver
CLI-27429,47,Paraná (PR),2,Silver
CLI-74802,20,Minas Gerais (MG),3,Gold
CLI-15287,22,São Paulo (SP),1,Silver
CLI-65909,54,Paraná (PR),1,Silver
CLI-36504,37,São Paulo (SP),4,Gold
CLI-86045,19,Minas Gerais (MG),2,Silver
CLI-19161,41,Rio de Janeiro (RJ),4,Gold
CLI-71275,56,Bahia (BA),3,Gold
CLI-20147,49,Bahia (BA),4,Gold
CLI-28806,37,Rio de Janeiro (RJ),4,Gold
CLI-87843,32,Minas Gerais (MG),3,Gold
CLI-11545,35,Minas Gerais (MG),2,Silver
CLI-59869,42,São Paulo (SP),4,Gold
CLI-29724,23,Minas Gerais (MG),2,Silver
CLI-61317,42,Rio de Janeiro (RJ),1,Silver
CLI-79437,58,Minas Gerais (MG),1,Silver
CLI-23751,61,Minas Gerais (MG),4,Gold
CLI-52581,39,Bahia (BA),2,Silver
CLI-50605,55,São Paulo (SP),4,Gold
CLI-14128,57,Bahia (BA),4,Gold
CLI-20262,30,Minas Gerais (MG),1,Silver
CLI-32749,30,Paraná (PR),1,Silver
CLI-63269,43,São Paulo (SP),4,Gold
CLI-32568,31,Paraná (PR),2,Silver
CLI-72954,20,São Paulo (SP),3,Gold
CLI-86515,29,São Paulo (SP),4,Gold
CLI-55427,59,Rio de Janeiro (RJ),2,Silver
CLI-15965,53,Rio de Janeiro (RJ),4,Gold
CLI-12826,24,São Paulo (SP),3,Gold
CLI-39564,56,São Paulo (SP),3,Gold
CLI-22216,51,Paraná (PR),2,Silver
CLI-88517,50,Rio de Janeiro (RJ),1,Silver
CLI-89159,53,Rio de Janeiro (RJ),4,Gold
CLI-45339,39,Minas Gerais (MG),2,Silver
CLI-71829,33,Minas Gerais (MG),4,Gold
CLI-52198,35,Bahia (BA),2,Silver
CLI-50021,43,Minas Gerais (MG),2,Silver
CLI-71934,25,Bahia (BA),4,Gold
CLI-54961,53,São Paulo (SP),4,Gold
CLI-56692,51,São Paulo (SP),4,Gold
CLI-70674,63,São Paulo (SP),2,Silver
CLI-71060,47,Rio de Janeiro (RJ),2,Silver
CLI-70473,18,Paraná (PR),1,Silver
CLI-58364,48,Rio de Janeiro (RJ),3,Gold
CLI-62810,56,Bahia (BA),3,Gold
CLI-69452,42,Bahia (BA),1,Silver
CLI-47143,32,Paraná (PR),3,Gold
CLI-30163,30,Bahia (BA),1,Silver
CLI-99179,56,Bahia (BA),3,Gold
CLI-64890,62,Minas Gerais (MG),1,Silver
CLI-44648,35,Bahia (BA),2,Silver
CLI-31801,57,Rio de Janeiro (RJ),4,Gold
CLI-13900,59,Rio de Janeiro (RJ),2,Silver
CLI-90004,18,Minas Gerais (MG),1,Silver
CLI-97804,50,Bahia (BA),1,Silver
CLI-41884,59,Paraná (PR),2,Silver
CLI-30808,50,Rio de Janeiro (RJ),1,Silver
CLI-63298,36,Minas Gerais (MG),3,Gold
CLI-27934,56,Minas Gerais (MG),3,Gold
CLI-37216,23,Bahia (BA),2,Silver
CLI-91209,25,São Paulo (SP),4,Gold
CLI-39301,52,Paraná (PR),3,Gold
CLI-99038,54,São Paulo (SP),4,Gold
CLI-81880,24,Minas Gerais (MG),3,Gold
CLI-46189,20,Paraná (PR),3,Gold
CLI-23940,46,Minas Gerais (MG),1,Silver
CLI-98418,46,Bahia (BA),1,Silver
CLI-62279,29,Paraná (PR),4,Gold
CLI-42647,32,Rio de Janeiro (RJ),3,Gold
CLI-58139,22,Paraná (PR),1,Silver
CLI-35219,38,São Paulo (SP),4,Gold
CLI-83237,38,Paraná (PR),1,Silver
CLI-98914,48,São Paulo (SP),4,Gold
CLI-56991,28,Minas Gerais (MG),3,Gold
CLI-12175,26,Paraná (PR),1,Silver
CLI-97763,56,Rio de Janeiro (RJ),3,Gold
CLI-44882,49,Rio de Janeiro (RJ),4,Gold
CLI-94548,59,Paraná (PR),2,Silver
CLI-56595,25,Minas Gerais (MG),4,Gold
CLI-37063,33,Minas Gerais (MG),4,Gold
CLI-40642,57,Bahia (BA),4,Gold
CLI-16517,28,Minas Gerais (MG),3,Gold
CLI-27206,40,Rio de Janeiro (RJ),3,Gold
CLI-87915,47,Rio de Janeiro (RJ),2,Silver
CLI-76952,41,Paraná (PR),4,Gold
CLI-76648,53,Bahia (BA),4,Gold
CLI-43786,65,São Paulo (SP),4,Gold
CLI-46441,52,Rio de Janeiro (RJ),3,Gold
CLI-66169,20,São Paulo (SP),3,Gold
CLI-55394,46,Paraná (PR),1,Silver
CLI-77729,46,Minas Gerais (MG),1,Silver
CLI-88548,21,Paraná (PR),4,Gold
CLI-48706,18,São Paulo (SP),1,Silver
CLI-66594,31,Paraná (PR),2,Silver
CLI-26399,21,Rio de Janeiro (RJ),4,Gold
CLI-19120,39,Paraná (PR),2,Silver
CLI-20461,40,Bahia (BA),3,Gold
CLI-58964,33,Minas Gerais (MG),4,Gold
CLI-79995,60,Minas Gerais (MG),3,Gold
CLI-63075,60,Paraná (PR),3,Gold
CLI-32329,44,São Paulo (SP),4,Gold
CLI-20940,54,São Paulo (SP),4,Gold
CLI-73634,64,São Paulo (SP),3,Gold
CLI-20542,23,São Paulo (SP),2,Silver
CLI-74141,38,Bahia (BA),1,Silver
CLI-86604,56,Minas Gerais (MG),3,Gold
CLI-64833,19,São Paulo (SP),2,Silver
CLI-93280,50,Paraná (PR),1,Silver
CLI-88066,22,Rio de Janeiro (RJ),1,Silver
CLI-11683,60,Bahia (BA),3,Gold
CLI-77791,57,São Paulo (SP),4,Gold
CLI-36148,42,Rio de Janeiro (RJ),1,Silver
CLI-72486,18,Bahia (BA),1,Silver
CLI-16650,63,Bahia (BA),2,Silver
CLI-83914,64,Paraná (PR),3,Gold
CLI-71753,20,Rio de Janeiro (RJ),3,Gold
CLI-88942,46,Bahia (BA),1,Silver
CLI-25414,33,Rio de Janeiro (RJ),4,Gold
CLI-18021,30,São Paulo (SP),1,Silver
CLI-87479,61,Minas Gerais (MG),4,Gold
CLI-86079,53,São Paulo (SP),4,Gold
CLI-74505,47,Bahia (BA),2,Silver
CLI-37082,20,Paraná (PR),3,Gold
CLI-73589,53,Paraná (PR),4,Gold
CLI-85771,25,São Paulo (SP),4,Gold
CLI-13097,22,Paraná (PR),1,Silver
CLI-11426,43,Rio de Janeiro (RJ),2,Silver
CLI-56497,61,Paraná (PR),4,Gold
CLI-30042,35,São Paulo (SP),4,Gold
CLI-97864,30,Minas Gerais (MG),1,Silver
CLI-16253,40,Rio de Janeiro (RJ),3,Gold
CLI-20981,57,Bahia (BA),4,Gold
CLI-59967,62,Paraná (PR),1,Silver
CLI-22167,24,São Paulo (SP),3,Gold
CLI-48904,53,Bahia (BA),4,Gold
CLI-39573,46,Bahia (BA),1,Silver
CLI-23467,19,Bahia (BA),2,Silver
CLI-24638,30,Rio de Janeiro (RJ),1,Silver
CLI-10021,51,São Paulo (SP),4,Gold
CLI-72679,36,Bahia (BA),3,Gold
CLI-51346,21,São Paulo (SP),4,Gold
CLI-26076,38,Paraná (PR),1,Silver
CLI-34357,50,Rio de Janeiro (RJ),1,Silver
CLI-20383,34,Bahia (BA),1,Silver
CLI-11870,65,Paraná (PR),4,Gold
CLI-79210,47,Bahia (BA),2,Silver
CLI-95088,34,Minas Gerais (MG),1,Silver
CLI-30813,61,São Paulo (SP),4,Gold
CLI-65905,24,São Paulo (SP),3,Gold
CLI-23395,59,São Paulo (SP),2,Silver
CLI-36885,49,Minas Gerais (MG),4,Gold
CLI-19487,63,Minas Gerais (MG),2,Silver
CLI-13217,43,Minas Gerais (MG),2,Silver
CLI-59588,58,Paraná (PR),1,Silver
CLI-61164,37,São Paulo (SP),4,Gold
CLI-70942,43,Paraná (PR),2,Silver
CLI-79079,33,Minas Gerais (MG),4,Gold
CLI-18630,37,Paraná (PR),4,Gold
CLI-56180,38,São Paulo (SP),4,Gold
CLI-26347,36,Paraná (PR),3,Gold
CLI-19193,49,Paraná (PR),4,Gold
CLI-38328,53,Minas Gerais (MG),4,Gold
CLI-16984,59,Minas Gerais (MG),2,Silver
CLI-45669,24,Bahia (BA),3,Gold
CLI-87890,53,Bahia (BA),4,Gold
CLI-34317,59,Paraná (PR),2,Silver
CLI-93078,21,Minas Gerais (MG),4,Gold
CLI-20007,34,Minas Gerais (MG),1,Silver
CLI-36303,49,Rio de Janeiro (RJ),4,Gold
CLI-40997,60,Bahia (BA),3,Gold
CLI-50079,30,Rio de Janeiro (RJ),1,Silver
CLI-78483,20,Minas Gerais (MG),3,Gold
CLI-32421,46,Paraná (PR),1,Silver
CLI-93032,59,Minas Gerais (MG),2,Silver
CLI-25645,51,Minas Gerais (MG),2,Silver
CLI-17081,23,Paraná (PR),2,Silver
CLI-11221,41,Bahia (BA),4,Gold
CLI-37097,51,São Paulo (SP),4,Gold
CLI-89932,51,Bahia (BA),2,Silver
CLI-10620,51,Minas Gerais (MG),2,Silver
CLI-55611,27,Bahia (BA),2,Silver
CLI-96714,46,Paraná (PR),1,Silver
CLI-31011,61,Rio de Janeiro (RJ),4,Gold
CLI-23212,29,São Paulo (SP),4,Gold
CLI-30577,41,Minas Gerais (MG),4,Gold
CLI-82440,24,Bahia (BA),3,Gold
CLI-65527,26,Minas Gerais (MG),1,Silver
CLI-31694,32,Paraná (PR),3,Gold
CLI-16512,63,Minas Gerais (MG),2,Silver
CLI-99532,35,Minas Gerais (MG),2,Silver
CLI-59087,46,São Paulo (SP),4,Gold
CLI-83447,28,Paraná (PR),3,Gold
CLI-51920,65,Paraná (PR),4,Gold
CLI-46742,19,Bahia (BA),2,Silver
CLI-57287,51,Bahia (BA),2,Silver
CLI-13789,63,Minas Gerais (MG),2,Silver
CLI-42347,20,São Paulo (SP),3,Gold
CLI-11846,65,Minas Gerais (MG),4,Gold
CLI-84323,41,Rio de Janeiro (RJ),4,Gold
CLI-80771,36,São Paulo (SP),4,Gold
CLI-34960,30,Bahia (BA),1,Silver
CLI-82695,51,Bahia (BA),2,Silver
CLI-84112,45,Minas Gerais (MG),4,Gold
CLI-65934,25,Rio de Janeiro (RJ),4,Gold
CLI-66822,48,Rio de Janeiro (RJ),3,Gold
CLI-51475,44,Paraná (PR),3,Gold
CLI-48273,63,Rio de Janeiro (RJ),2,Silver
CLI-96758,38,Bahia (BA),1,Silver
CLI-96719,53,Paraná (PR),4,Gold
CLI-63666,64,São Paulo (SP),3,Gold
CLI-43077,29,Bahia (BA),4,Gold
CLI-35793,52,Minas Gerais (MG),3,Gold
CLI-69970,59,Bahia (BA),2,Silver
CLI-71189,27,Paraná (PR),2,Silver
CLI-87021,48,Paraná (PR),3,Gold
CLI-93982,36,Bahia (BA),3,Gold
CLI-12495,54,Minas Gerais (MG),1,Silver
CLI-50566,29,Rio de Janeiro (RJ),4,Gold
CLI-58104,26,Bahia (BA),1,Silver
CLI-91453,48,São Paulo (SP),4,Gold
CLI-57780,26,Rio de Janeiro (RJ),1,Silver
CLI-53113,57,Bahia (BA),4,Gold
CLI-46360,60,Paraná (PR),3,Gold
CLI-71707,42,São Paulo (SP),4,Gold
CLI-74510,53,Paraná (PR),4,Gold
CLI-75419,49,Bahia (BA),4,Gold
CLI-39310,61,Bahia (BA),4,Gold
CLI-81818,18,Minas Gerais (MG),1,Silver
CLI-46046,49,Minas Gerais (MG),4,Gold
CLI-36740,46,Bahia (BA),1,Silver
CLI-27847,50,São Paulo (SP),4,Gold
CLI-64697,18,Bahia (BA),1,Silver
CLI-20517,31,São Paulo (SP),2,Silver
CLI-91747,52,Bahia (BA),3,Gold
CLI-99416,21,Rio de Janeiro (RJ),4,Gold
CLI-18458,41,São Paulo (SP),4,Gold
CLI-35126,18,Minas Gerais (MG),1,Silver
CLI-81205,22,Paraná (PR),1,Silver
CLI-15088,31,Paraná (PR),2,Silver
CLI-88953,38,Bahia (BA),1,Silver
CLI-39087,65,Paraná (PR),4,Gold
CLI-95667,26,Paraná (PR),1,Silver
CLI-33417,42,Minas Gerais (MG),1,Silver
CLI-30436,36,Minas Gerais (MG),3,Gold
CLI-68412,45,Paraná (PR),4,Gold
CLI-89470,22,Paraná (PR),1,Silver
CLI-33642,43,Minas Gerais (MG),2,Silver
CLI-74901,46,Bahia (BA),1,Silver
CLI-71316,29,São Paulo (SP),4,Gold
CLI-93781,18,São Paulo (SP),1,Silver
CLI-79246,28,Paraná (PR),3,Gold
CLI-12485,33,Rio de Janeiro (RJ),4,Gold
CLI-21409,37,Minas Gerais (MG),4,Gold
CLI-37727,56,São Paulo (SP),3,Gold
CLI-82144,18,São Paulo (SP),1,Silver
CLI-50221,25,Bahia (BA),4,Gold
CLI-63018,61,Bahia (BA),4,Gold
CLI-84262,54,São Paulo (SP),4,Gold
CLI-47710,29,Paraná (PR),4,Gold
CLI-75956,35,São Paulo (SP),4,Gold
CLI-35901,29,Minas Gerais (MG),4,Gold
CLI-73418,42,São Paulo (SP),4,Gold
CLI-48510,24,Rio de Janeiro (RJ),3,Gold
CLI-47936,61,São Paulo (SP),4,Gold
CLI-42897,49,Minas Gerais (MG),4,Gold
CLI-40254,53,São Paulo (SP),4,Gold
CLI-12501,55,Rio de Janeiro (RJ),2,Silver
CLI-87948,65,São Paulo (SP),4,Gold
CLI-23935,33,São Paulo (SP),4,Gold
CLI-73466,28,Rio de Janeiro (RJ),3,Gold
CLI-59026,48,São Paulo (SP),4,Gold
CLI-45509,40,Paraná (PR),3,Gold
CLI-30918,57,Paraná (PR),4,Gold
CLI-43800,38,Paraná (PR),1,Silver
CLI-36908,26,Minas Gerais (MG),1,Silver
CLI-22074,32,São Paulo (SP),3,Gold
CLI-44807,19,São Paulo (SP),2,Silver
CLI-75540,57,Bahia (BA),4,Gold
CLI-11181,60,Paraná (PR),3,Gold
CLI-92373,41,Minas Gerais (MG),4,Gold
CLI-96700,58,Bahia (BA),1,Silver
CLI-90314,27,Rio de Janeiro (RJ),2,Silver
CLI-33022,52,Paraná (PR),3,Gold
CLI-18176,59,Minas Gerais (MG),2,Silver
CLI-94585,28,Bahia (BA),3,Gold
CLI-63525,62,Paraná (PR),1,Silver
CLI-57660,26,Paraná (PR),1,Silver
CLI-98611,30,São Paulo (SP),1,Silver
CLI-72721,45,São Paulo (SP),4,Gold
CLI-69760,38,Bahia (BA),1,Silver
CLI-24711,21,Rio de Janeiro (RJ),4,Gold
CLI-72030,25,Rio de Janeiro (RJ),4,Gold
CLI-45692,26,Paraná (PR),1,Silver
CLI-69255,42,São Paulo (SP),4,Gold
CLI-15701,45,Paraná (PR),4,Gold
CLI-64529,51,Bahia (BA),2,Silver
CLI-34139,43,Paraná (PR),2,Silver
CLI-22510,26,Rio de Janeiro (RJ),1,Silver
CLI-84774,23,Bahia (BA),2,Silver
CLI-60337,45,Rio de Janeiro (RJ),4,Gold
CLI-10555,64,Paraná (PR),3,Gold
CLI-76993,25,Minas Gerais (MG),4,Gold
CLI-43828,55,São Paulo (SP),4,Gold
CLI-44912,30,Minas Gerais (MG),1,Silver
CLI-80546,54,Paraná (PR),1,Silver
CLI-41187,47,Minas Gerais (MG),2,Silver
CLI-70765,34,São Paulo (SP),1,Silver
CLI-43678,64,Rio de Janeiro (RJ),3,Gold
CLI-83979,50,São Paulo (SP),4,Gold
CLI-74356,51,Bahia (BA),2,Silver
CLI-55812,21,São Paulo (SP),4,Gold
CLI-40094,38,Paraná (PR),1,Silver
CLI-85591,25,Paraná (PR),4,Gold
CLI-48393,64,Paraná (PR),3,Gold
CLI-55423,46,Bahia (BA),1,Silver
CLI-18861,51,Rio de Janeiro (RJ),2,Silver
CLI-47762,65,Minas Gerais (MG),4,Gold
CLI-24098,33,São Paulo (SP),4,Gold
CLI-71383,28,Minas Gerais (MG),3,Gold
CLI-22192,58,Rio de Janeiro (RJ),1,Silver
CLI-47226,33,Paraná (PR),4,Gold
CLI-31515,58,Paraná (PR),1,Silver
CLI-69603,35,Bahia (BA),2,Silver
CLI-61404,40,São Paulo (SP),4,Gold
CLI-33720,51,São Paulo (SP),4,Gold
CLI-80459,60,Rio de Janeiro (RJ),3,Gold
CLI-32676,49,Paraná (PR),4,Gold
CLI-33719,31,Rio de Janeiro (RJ),2,Silver
CLI-15760,27,Minas Gerais (MG),2,Silver
CLI-14940,35,Paraná (PR),2,Silver
CLI-44775,65,São Paulo (SP),4,Gold
CLI-34558,46,Bahia (BA),1,Silver
CLI-19336,37,Rio de Janeiro (RJ),4,Gold
CLI-58429,22,Minas Gerais (MG),1,Silver
CLI-45613,47,São Paulo (SP),4,Gold
CLI-17852,54,Minas Gerais (MG),1,Silver
CLI-26446,27,São Paulo (SP),2,Silver
CLI-15550,25,Rio de Janeiro (RJ),4,Gold
CLI-78268,24,São Paulo (SP),3,Gold
CLI-54555,59,Paraná (PR),2,Silver
CLI-17174,54,Paraná (PR),1,Silver
CLI-92854,33,Paraná (PR),4,Gold
CLI-95440,23,Bahia (BA),2,Silver
CLI-58034,27,Minas Gerais (MG),2,Silver
CLI-20061,36,São Paulo (SP),4,Gold
CLI-45086,55,Minas Gerais (MG),2,Silver
CLI-64473,47,Bahia (BA),2,Silver
CLI-16663,39,São Paulo (SP),4,Gold
CLI-24714,39,Paraná (PR),2,Silver
CLI-59174,37,Rio de Janeiro (RJ),4,Gold
CLI-23546,18,São Paulo (SP),1,Silver
CLI-77257,63,Paraná (PR),2,Silver
CLI-13540,34,Rio de Janeiro (RJ),1,Silver
CLI-22226,60,Paraná (PR),3,Gold
CLI-49899,60,São Paulo (SP),3,Gold
CLI-91145,43,Paraná (PR),2,Silver
CLI-81397,18,Bahia (BA),1,Silver
CLI-74738,21,São Paulo (SP),4,Gold
CLI-64492,49,Minas Gerais (MG),4,Gold
CLI-36390,53,Paraná (PR),4,Gold
CLI-55973,30,São Paulo (SP),1,Silver
CLI-32193,46,Rio de Janeiro (RJ),1,Silver
CLI-58382,45,Minas Gerais (MG),4,Gold
CLI-59053,65,Minas Gerais (MG),4,Gold
CLI-45103,41,Rio de Janeiro (RJ),4,Gold
CLI-31733,33,Minas Gerais (MG),4,Gold
CLI-89872,46,Bahia (BA),1,Silver
CLI-20841,46,Rio de Janeiro (RJ),1,Silver
CLI-56860,65,São Paulo (SP),4,Gold
CLI-58268,33,Rio de Janeiro (RJ),4,Gold
CLI-34842,51,Paraná (PR),2,Silver
CLI-30296,61,Minas Gerais (MG),4,Gold
CLI-66355,34,Rio de Janeiro (RJ),1,Silver
CLI-90223,52,Rio de Janeiro (RJ),3,Gold
CLI-39162,18,Minas Gerais (MG),1,Silver
CLI-50327,58,São Paulo (SP),1,Silver
CLI-83067,34,Minas Gerais (MG),1,Silver
CLI-79339,50,São Paulo (SP),4,Gold
CLI-62530,55,Paraná (PR),2,Silver
CLI-44850,58,Rio de Janeiro (RJ),1,Silver
CLI-12777,36,São Paulo (SP),4,Gold
CLI-55143,23,Rio de Janeiro (RJ),2,Silver
CLI-79830,65,Paraná (PR),4,Gold
CLI-24329,46,São Paulo (SP),4,Gold
CLI-37624,33,Bahia (BA),4,Gold
CLI-88978,23,Bahia (BA),2,Silver
CLI-48679,24,Minas Gerais (MG),3,Gold
CLI-24719,46,Bahia (BA),1,Silver
CLI-36532,24,Minas Gerais (MG),3,Gold
CLI-42809,58,Paraná (PR),1,Silver
CLI-19414,55,Minas Gerais (MG),2,Silver
CLI-91882,25,Minas Gerais (MG),4,Gold
CLI-30388,58,Bahia (BA),1,Silver
CLI-82487,19,São Paulo (SP),2,Silver
CLI-15297,32,Rio de Janeiro (RJ),3,Gold
CLI-23068,38,São Paulo (SP),4,Gold
CLI-35741,38,Bahia (BA),1,Silver
CLI-70232,39,Paraná (PR),2,Silver
CLI-17237,48,Minas Gerais (MG),3,Gold
CLI-85044,63,São Paulo (SP),2,Silver
CLI-74100,62,Minas Gerais (MG),1,Silver
CLI-83820,38,Rio de Janeiro (RJ),1,Silver
CLI-69445,47,Minas Gerais (MG),2,Silver
CLI-75318,27,Rio de Janeiro (RJ),2,Silver
CLI-87428,52,Paraná (PR),3,Gold
CLI-94366,36,Paraná (PR),3,Gold
CLI-50795,59,Paraná (PR),2,Silver
CLI-87713,53,Bahia (BA),4,Gold
CLI-25746,40,Bahia (BA),3,Gold
CLI-91930,36,Rio de Janeiro (RJ),3,Gold
CLI-64208,53,São Paulo (SP),4,Gold
CLI-46029,19,São Paulo (SP),2,Silver
CLI-91016,31,Rio de Janeiro (RJ),2,Silver
CLI-26549,51,Rio de Janeiro (RJ),2,Silver
CLI-19469,50,Paraná (PR),1,Silver
CLI-40622,36,Rio de Janeiro (RJ),3,Gold
CLI-13782,62,Bahia (BA),1,Silver
CLI-95355,52,São Paulo (SP),4,Gold
CLI-96734,62,Bahia (BA),1,Silver
CLI-59333,20,Rio de Janeiro (RJ),3,Gold
CLI-79607,56,Minas Gerais (MG),3,Gold
CLI-71732,56,Paraná (PR),3,Gold
CLI-32570,23,Bahia (BA),2,Silver
CLI-49879,50,Rio de Janeiro (RJ),1,Silver
CLI-71570,52,São Paulo (SP),4,Gold
CLI-42596,24,Minas Gerais (MG),3,Gold
CLI-98838,34,Bahia (BA),1,Silver
CLI-33969,60,Bahia (BA),3,Gold
CLI-38002,64,Bahia (BA),3,Gold
CLI-90846,59,São Paulo (SP),2,Silver
CLI-29098,18,Bahia (BA),1,Silver
CLI-55921,26,Minas Gerais (MG),1,Silver
CLI-24242,51,Bahia (BA),2,Silver
CLI-84116,19,Rio de Janeiro (RJ),2,Silver
CLI-81606,23,Paraná (PR),2,Silver
CLI-92394,37,Paraná (PR),4,Gold
CLI-31275,62,Bahia (BA),1,Silver
CLI-98212,33,Rio de Janeiro (RJ),4,Gold
CLI-38562,52,São Paulo (SP),4,Gold
CLI-65830,19,Minas Gerais (MG),2,Silver
CLI-70286,26,São Paulo (SP),1,Silver
CLI-97413,31,Paraná (PR),2,Silver
CLI-13329,37,Paraná (PR),4,Gold
CLI-65611,46,Minas Gerais (MG),1,Silver
CLI-57525,20,Paraná (PR),3,Gold
CLI-81135,65,São Paulo (SP),4,Gold
CLI-61547,43,Minas Gerais (MG),2,Silver
CLI-27172,23,Rio de Janeiro (RJ),2,Silver
CLI-52527,18,Rio de Janeiro (RJ),1,Silver
CLI-48766,43,Minas Gerais (MG),2,Silver
CLI-54208,39,São Paulo (SP),4,Gold
CLI-42392,36,São Paulo (SP),4,Gold
CLI-15368,34,Paraná (PR),1,Silver
CLI-62382,37,Paraná (PR),4,Gold
CLI-90677,65,Rio de Janeiro (RJ),4,Gold
CLI-13070,62,Paraná (PR),1,Silver
CLI-22237,20,São Paulo (SP),3,Gold
CLI-30972,43,Minas Gerais (MG),2,Silver
CLI-20836,29,Bahia (BA),4,Gold
CLI-95840,33,Bahia (BA),4,Gold
CLI-47999,27,Minas Gerais (MG),2,Silver
CLI-63039,20,Rio de Janeiro (RJ),3,Gold
CLI-82757,54,Paraná (PR),1,Silver
CLI-64136,57,Bahia (BA),4,Gold
CLI-37721,55,Paraná (PR),2,Silver
CLI-94432,26,Minas Gerais (MG),1,Silver
CLI-18232,57,Minas Gerais (MG),4,Gold
CLI-63363,49,São Paulo (SP),4,Gold
CLI-35858,60,Minas Gerais (MG),3,Gold
CLI-73033,19,Rio de Janeiro (RJ),2,Silver
CLI-10426,24,Rio de Janeiro (RJ),3,Gold
CLI-33550,49,São Paulo (SP),4,Gold
CLI-59091,20,Bahia (BA),3,Gold
CLI-81751,19,São Paulo (SP),2,Silver
CLI-95866,62,Paraná (PR),1,Silver
CLI-57591,41,Rio de Janeiro (RJ),4,Gold
CLI-63478,42,Paraná (PR),1,Silver
CLI-47125,23,Bahia (BA),2,Silver
CLI-43137,21,Paraná (PR),4,Gold
CLI-72541,53,Rio de Janeiro (RJ),4,Gold
CLI-24132,60,Minas Gerais (MG),3,Gold
CLI-97863,32,Bahia (BA),3,Gold
CLI-79163,63,Minas Gerais (MG),2,Silver
CLI-92776,65,São Paulo (SP),4,Gold
CLI-38644,29,Rio de Janeiro (RJ),4,Gold
CLI-64295,64,Bahia (BA),3,Gold
CLI-72887,30,Minas Gerais (MG),1,Silver
CLI-55623,55,Bahia (BA),2,Silver
CLI-24664,38,Minas Gerais (MG),1,Silver
CLI-33893,50,Paraná (PR),1,Silver
CLI-27905,28,Rio de Janeiro (RJ),3,Gold
CLI-75392,63,Minas Gerais (MG),2,Silver
CLI-12660,36,São Paulo (SP),4,Gold
CLI-77952,65,São Paulo (SP),4,Gold
CLI-13173,33,Rio de Janeiro (RJ),4,Gold
CLI-61637,64,Bahia (BA),3,Gold
CLI-99351,39,Bahia (BA),2,Silver
CLI-79919,23,Minas Gerais (MG),2,Silver
CLI-87121,55,Paraná (PR),2,Silver
CLI-69263,47,Bahia (BA),2,Silver
CLI-42736,57,Minas Gerais (MG),4,Gold
CLI-78994,52,São Paulo (SP),4,Gold
CLI-43845,30,Paraná (PR),1,Silver
CLI-17069,57,Rio de Janeiro (RJ),4,Gold
CLI-75224,22,Minas Gerais (MG),1,Silver
CLI-25592,62,Bahia (BA),1,Silver
CLI-31436,29,Bahia (BA),4,Gold
CLI-18385,54,São Paulo (SP),4,Gold
CLI-59389,28,São Paulo (SP),3,Gold
CLI-76735,39,Minas Gerais (MG),2,Silver
CLI-87934,50,Paraná (PR),1,Silver
CLI-80444,39,Minas Gerais (MG),2,Silver
CLI-40300,28,Bahia (BA),3,Gold
CLI-81263,54,Minas Gerais (MG),1,Silver
CLI-17275,44,Rio de Janeiro (RJ),3,Gold
CLI-10354,37,São Paulo (SP),4,Gold
CLI-42113,44,Bahia (BA),3,Gold
CLI-52337,24,Minas Gerais (MG),3,Gold
CLI-69875,30,São Paulo (SP),1,Silver
CLI-45974,29,Rio de Janeiro (RJ),4,Gold
CLI-58644,56,Minas Gerais (MG),3,Gold
CLI-17867,19,Paraná (PR),2,Silver
CLI-62235,24,Bahia (BA),3,Gold
CLI-17635,32,Rio de Janeiro (RJ),3,Gold
CLI-22109,56,Paraná (PR),3,Gold
CLI-47922,57,São Paulo (SP),4,Gold
CLI-92756,37,Rio de Janeiro (RJ),4,Gold
CLI-15075,54,São Paulo (SP),4,Gold
CLI-22197,60,Bahia (BA),3,Gold
CLI-82363,45,São Paulo (SP),4,Gold
CLI-84733,25,Paraná (PR),4,Gold
CLI-92664,37,Rio de Janeiro (RJ),4,Gold
CLI-52616,53,São Paulo (SP),4,Gold
CLI-82068,24,Rio de Janeiro (RJ),3,Gold
CLI-81679,38,São Paulo (SP),4,Gold
CLI-63333,36,Minas Gerais (MG),3,Gold
CLI-63912,43,Paraná (PR),2,Silver
CLI-80082,54,Bahia (BA),1,Silver
CLI-89430,23,Paraná (PR),2,Silver
CLI-19023,53,Paraná (PR),4,Gold
CLI-98730,45,São Paulo (SP),4,Gold
CLI-55050,35,São Paulo (SP),4,Gold
CLI-43251,65,Rio de Janeiro (RJ),4,Gold
CLI-83534,24,Paraná (PR),3,Gold
CLI-75948,56,Minas Gerais (MG),3,Gold
CLI-44701,23,Minas Gerais (MG),2,Silver
CLI-61401,52,Bahia (BA),3,Gold
CLI-89068,56,Rio de Janeiro (RJ),3,Gold
CLI-12031,52,São Paulo (SP),4,Gold
CLI-66108,23,Bahia (BA),2,Silver
CLI-57754,22,São Paulo (SP),1,Silver
CLI-44166,39,Rio de Janeiro (RJ),2,Silver
CLI-41986,36,Paraná (PR),3,Gold
CLI-76357,50,Paraná (PR),1,Silver
CLI-90930,60,Paraná (PR),3,Gold
CLI-61763,61,Rio de Janeiro (RJ),4,Gold
CLI-16615,28,São Paulo (SP),3,Gold
CLI-52656,32,São Paulo (SP),3,Gold
CLI-94486,29,São Paulo (SP),4,Gold
CLI-20097,34,Rio de Janeiro (RJ),1,Silver
CLI-65595,41,Paraná (PR),4,Gold
CLI-41773,19,Minas Gerais (MG),2,Silver
CLI-92770,64,Minas Gerais (MG),3,Gold
CLI-80193,42,São Paulo (SP),4,Gold
CLI-45705,64,Minas Gerais (MG),3,Gold
CLI-19536,37,Bahia (BA),4,Gold
CLI-61745,22,São Paulo (SP),1,Silver
CLI-68348,52,Rio de Janeiro (RJ),3,Gold
CLI-33837,23,Minas Gerais (MG),2,Silver
CLI-84261,31,Paraná (PR),2,Silver
CLI-44558,61,Rio de Janeiro (RJ),4,Gold
CLI-83307,63,São Paulo (SP),2,Silver
CLI-83937,19,Minas Gerais (MG),2,Silver
CLI-82037,28,Rio de Janeiro (RJ),3,Gold
CLI-23931,65,Minas Gerais (MG),4,Gold
CLI-41689,29,São Paulo (SP),4,Gold
CLI-94200,61,Paraná (PR),4,Gold
CLI-23902,56,Rio de Janeiro (RJ),3,Gold
CLI-29761,22,Bahia (BA),1,Silver
CLI-56921,62,Minas Gerais (MG),1,Silver
CLI-80086,51,São Paulo (SP),4,Gold
CLI-31163,20,São Paulo (SP),3,Gold
CLI-41801,32,Bahia (BA),3,Gold
CLI-34721,40,Rio de Janeiro (RJ),3,Gold
CLI-81239,45,Minas Gerais (MG),4,Gold
CLI-55496,57,Paraná (PR),4,Gold
CLI-91339,61,Paraná (PR),4,Gold
CLI-59909,56,Paraná (PR),3,Gold
CLI-45754,18,Bahia (BA),1,Silver
CLI-89208,50,Paraná (PR),1,Silver
CLI-14754,46,Bahia (BA),1,Silver
CLI-20023,55,Paraná (PR),2,Silver
CLI-24181,39,Rio de Janeiro (RJ),2,Silver
CLI-39545,30,Paraná (PR),1,Silver
CLI-73470,56,Minas Gerais (MG),3,Gold
CLI-78426,20,Rio de Janeiro (RJ),3,Gold
CLI-85583,32,Bahia (BA),3,Gold
CLI-13885,35,Paraná (PR),2,Silver
CLI-45326,50,Paraná (PR),1,Silver
CLI-14904,53,Rio de Janeiro (RJ),4,Gold
CLI-66533,56,Paraná (PR),3,Gold
CLI-99293,19,Minas Gerais (MG),2,Silver
CLI-19148,63,Bahia (BA),2,Silver
CLI-43021,62,Paraná (PR),1,Silver
CLI-57560,43,São Paulo (SP),4,Gold
CLI-64154,41,Minas Gerais (MG),4,Gold
CLI-42246,26,Rio de Janeiro (RJ),1,Silver
CLI-54846,19,Minas Gerais (MG),2,Silver
CLI-37281,40,São Paulo (SP),4,Gold
CLI-92566,65,Bahia (BA),4,Gold
CLI-69524,18,Minas Gerais (MG),1,Silver
CLI-85828,25,Paraná (PR),4,Gold
CLI-85385,49,Paraná (PR),4,Gold
CLI-46862,51,Paraná (PR),2,Silver
CLI-47457,27,Bahia (BA),2,Silver
CLI-83913,19,São Paulo (SP),2,Silver
CLI-74097,63,Bahia (BA),2,Silver
CLI-45979,63,Minas Gerais (MG),2,Silver
CLI-81881,23,Paraná (PR),2,Silver
CLI-97766,41,Bahia (BA),4,Gold
CLI-58854,56,Bahia (BA),3,Gold
CLI-78141,40,Paraná (PR),3,Gold
CLI-90595,39,São Paulo (SP),4,Gold
CLI-51902,22,São Paulo (SP),1,Silver
CLI-21219,40,Rio de Janeiro (RJ),3,Gold
CLI-27923,58,Bahia (BA),1,Silver
CLI-93796,18,São Paulo (SP),1,Silver
CLI-54401,28,Paraná (PR),3,Gold
CLI-98557,54,Rio de Janeiro (RJ),1,Silver
CLI-47288,30,São Paulo (SP),1,Silver
CLI-24263,26,Paraná (PR),1,Silver
CLI-77746,21,Minas Gerais (MG),4,Gold
CLI-76745,50,Bahia (BA),1,Silver
CLI-47985,24,Minas Gerais (MG),3,Gold
CLI-55765,55,Rio de Janeiro (RJ),2,Silver
CLI-96654,40,Minas Gerais (MG),3,Gold
CLI-59051,39,Rio de Janeiro (RJ),2,Silver
CLI-45307,51,Bahia (BA),2,Silver
CLI-56207,60,Bahia (BA),3,Gold
CLI-82419,43,Rio de Janeiro (RJ),2,Silver
CLI-77593,54,Rio de Janeiro (RJ),1,Silver
CLI-17557,24,Minas Gerais (MG),3,Gold
CLI-30982,61,São Paulo (SP),4,Gold
CLI-29837,33,Bahia (BA),4,Gold
CLI-39742,34,Minas Gerais (MG),1,Silver
CLI-84898,48,Rio de Janeiro (RJ),3,Gold
CLI-66988,48,São Paulo (SP),4,Gold
CLI-73972,64,Rio de Janeiro (RJ),3,Gold
CLI-36333,21,Minas Gerais (MG),4,Gold
CLI-82251,63,Paraná (PR),2,Silver
CLI-98871,28,Minas Gerais (MG),3,Gold
CLI-44240,55,Rio de Janeiro (RJ),2,Silver
CLI-56274,44,Bahia (BA),3,Gold
CLI-55064,31,Bahia (BA),2,Silver
CLI-20276,53,Paraná (PR),4,Gold
CLI-10635,39,São Paulo (SP),4,Gold
CLI-23198,58,Rio de Janeiro (RJ),1,Silver
CLI-88013,43,São Paulo (SP),4,Gold
CLI-43043,44,Rio de Janeiro (RJ),3,Gold
CLI-53831,48,Rio de Janeiro (RJ),3,Gold
CLI-30242,49,Paraná (PR),4,Gold
CLI-68026,26,Minas Gerais (MG),1,Silver
CLI-54790,50,Paraná (PR),1,Silver
CLI-29788,20,Paraná (PR),3,Gold
CLI-92949,42,Minas Gerais (MG),1,Silver
CLI-54792,55,Minas Gerais (MG),2,Silver
CLI-88234,51,São Paulo (SP),4,Gold
CLI-19838,37,Minas Gerais (MG),4,Gold
CLI-21460,22,Paraná (PR),1,Silver
CLI-96906,54,Rio de Janeiro (RJ),1,Silver
CLI-38363,59,São Paulo (SP),2,Silver
CLI-27822,60,Bahia (BA),3,Gold
CLI-28528,31,Minas Gerais (MG),2,Silver
CLI-32734,23,Minas Gerais (MG),2,Silver
CLI-65957,24,Paraná (PR),3,Gold
CLI-10599,65,Minas Gerais (MG),4,Gold
CLI-77421,18,Minas Gerais (MG),1,Silver
CLI-89896,53,São Paulo (SP),4,Gold
CLI-32632,21,Rio de Janeiro (RJ),4,Gold
CLI-46364,32,Bahia (BA),3,Gold
CLI-38587,50,Rio de Janeiro (RJ),1,Silver
CLI-40208,45,Bahia (BA),4,Gold
CLI-22585,63,São Paulo (SP),2,Silver
CLI-18557,30,Paraná (PR),1,Silver
CLI-37765,40,Minas Gerais (MG),3,Gold
CLI-21441,53,São Paulo (SP),4,Gold
CLI-81349,47,São Paulo (SP),4,Gold
CLI-63901,43,Bahia (BA),2,Silver
CLI-58995,47,Bahia (BA),2,Silver
CLI-23549,56,Minas Gerais (MG),3,Gold
CLI-27054,57,Bahia (BA),4,Gold
CLI-61772,59,Rio de Janeiro (RJ),2,Silver
CLI-91346,27,Bahia (BA),2,Silver
CLI-82747,31,Bahia (BA),2,Silver
CLI-12742,40,Paraná (PR),3,Gold
CLI-80117,58,Bahia (BA),1,Silver
CLI-46069,57,Paraná (PR),4,Gold
CLI-76921,58,Minas Gerais (MG),1,Silver
CLI-15473,61,São Paulo (SP),4,Gold
CLI-36247,44,Minas Gerais (MG),3,Gold
CLI-19431,63,Bahia (BA),2,Silver
CLI-16291,29,Paraná (PR),4,Gold
CLI-13002,61,Minas Gerais (MG),4,Gold
CLI-66702,18,Bahia (BA),1,Silver
CLI-24817,52,Bahia (BA),3,Gold
CLI-52045,63,Bahia (BA),2,Silver
CLI-44774,42,Minas Gerais (MG),1,Silver
CLI-17832,26,Bahia (BA),1,Silver
CLI-33599,49,São Paulo (SP),4,Gold
CLI-99916,40,Bahia (BA),3,Gold
CLI-73790,35,São Paulo (SP),4,Gold
CLI-72455,23,Minas Gerais (MG),2,Silver
CLI-20704,51,Minas Gerais (MG),2,Silver
CLI-73924,36,São Paulo (SP),4,Gold
CLI-67923,54,Minas Gerais (MG),1,Silver
CLI-12366,47,São Paulo (SP),4,Gold
CLI-52062,63,São Paulo (SP),2,Silver
CLI-56972,35,Bahia (BA),2,Silver
CLI-17384,23,Bahia (BA),2,Silver
CLI-80199,24,Rio de Janeiro (RJ),3,Gold
CLI-91710,22,Rio de Janeiro (RJ),1,Silver
CLI-65610,37,Rio de Janeiro (RJ),4,Gold
CLI-56703,27,São Paulo (SP),2,Silver
CLI-45082,22,São Paulo (SP),1,Silver
CLI-14821,59,Rio de Janeiro (RJ),2,Silver
CLI-74373,36,Rio de Janeiro (RJ),3,Gold
CLI-95253,48,São Paulo (SP),4,Gold
CLI-11876,22,Bahia (BA),1,Silver
CLI-75766,39,Paraná (PR),2,Silver
CLI-78164,39,São Paulo (SP),4,Gold
CLI-10049,50,Bahia (BA),1,Silver
CLI-66985,60,Paraná (PR),3,Gold
CLI-36551,33,Bahia (BA),4,Gold
CLI-84020,55,Paraná (PR),2,Silver
CLI-94593,34,Paraná (PR),1,Silver
CLI-64935,42,Paraná (PR),1,Silver
CLI-44264,36,Paraná (PR),3,Gold
CLI-78307,43,Bahia (BA),2,Silver
CLI-10906,31,Rio de Janeiro (RJ),2,Silver
CLI-39696,36,São Paulo (SP),4,Gold
CLI-49511,21,Bahia (BA),4,Gold
CLI-65003,64,Minas Gerais (MG),3,Gold
CLI-95390,22,Minas Gerais (MG),1,Silver
CLI-56156,35,Rio de Janeiro (RJ),2,Silver
CLI-30205,45,Minas Gerais (MG),4,Gold
CLI-49566,38,Paraná (PR),1,Silver
CLI-65224,42,Paraná (PR),1,Silver
CLI-81848,61,Paraná (PR),4,Gold
CLI-71424,43,São Paulo (SP),4,Gold
CLI-25093,34,Bahia (BA),1,Silver
CLI-62880,19,São Paulo (SP),2,Silver
CLI-81424,19,Minas Gerais (MG),2,Silver
CLI-47218,21,Rio de Janeiro (RJ),4,Gold
CLI-51863,23,Rio de Janeiro (RJ),2,Silver
CLI-55650,29,Rio de Janeiro (RJ),4,Gold
CLI-79330,42,Rio de Janeiro (RJ),1,Silver
CLI-64079,54,Paraná (PR),1,Silver
CLI-78198,44,Bahia (BA),3,Gold
CLI-50416,24,São Paulo (SP),3,Gold
CLI-82524,34,Minas Gerais (MG),1,Silver
CLI-89836,32,Paraná (PR),3,Gold
CLI-82649,44,Paraná (PR),3,Gold
CLI-27724,22,Bahia (BA),1,Silver
CLI-51705,30,São Paulo (SP),1,Silver
CLI-94700,21,Paraná (PR),4,Gold
CLI-47549,31,Rio de Janeiro (RJ),2,Silver
CLI-26476,57,São Paulo (SP),4,Gold
CLI-51548,62,Minas Gerais (MG),1,Silver
CLI-41025,53,Rio de Janeiro (RJ),4,Gold
CLI-71075,36,Bahia (BA),3,Gold
CLI-21957,20,Minas Gerais (MG),3,Gold
CLI-86082,24,São Paulo (SP),3,Gold
CLI-58684,41,Bahia (BA),4,Gold
CLI-82182,30,São Paulo (SP),1,Silver
CLI-71675,61,Bahia (BA),4,Gold
CLI-80451,23,São Paulo (SP),2,Silver
CLI-39772,24,São Paulo (SP),3,Gold
CLI-37277,55,São Paulo (SP),4,Gold
CLI-51461,40,Rio de Janeiro (RJ),3,Gold
CLI-76501,59,Rio de Janeiro (RJ),2,Silver
CLI-78058,59,Minas Gerais (MG),2,Silver
CLI-54140,31,Bahia (BA),2,Silver
CLI-23058,18,São Paulo (SP),1,Silver
CLI-33372,23,Bahia (BA),2,Silver
CLI-15862,51,Minas Gerais (MG),2,Silver
CLI-86824,63,Minas Gerais (MG),2,Silver
CLI-88198,46,Minas Gerais (MG),1,Silver
CLI-99412,38,Rio de Janeiro (RJ),1,Silver
CLI-39636,38,São Paulo (SP),4,Gold
CLI-49187,42,São Paulo (SP),4,Gold
CLI-64442,38,Minas Gerais (MG),1,Silver
CLI-37040,61,Paraná (PR),4,Gold
CLI-91627,61,Minas Gerais (MG),4,Gold
CLI-15779,50,São Paulo (SP),4,Gold
CLI-67031,22,Minas Gerais (MG),1,Silver
CLI-81659,24,Minas Gerais (MG),3,Gold
CLI-95011,52,Bahia (BA),3,Gold
CLI-68852,57,Bahia (BA),4,Gold
CLI-63427,26,Paraná (PR),1,Silver
CLI-72642,25,São Paulo (SP),4,Gold
CLI-72389,51,Paraná (PR),2,Silver
CLI-10607,64,Paraná (PR),3,Gold
CLI-88026,22,Rio de Janeiro (RJ),1,Silver
CLI-68339,54,Bahia (BA),1,Silver
CLI-37863,55,Rio de Janeiro (RJ),2,Silver
CLI-70138,65,Bahia (BA),4,Gold
CLI-37841,60,Paraná (PR),3,Gold
CLI-85545,64,Paraná (PR),3,Gold
CLI-38044,34,São Paulo (SP),1,Silver
CLI-33964,26,São Paulo (SP),1,Silver
CLI-72435,63,São Paulo (SP),2,Silver
CLI-85717,46,Rio de Janeiro (RJ),1,Silver
CLI-55338,59,Minas Gerais (MG),2,Silver
CLI-57280,63,Bahia (BA),2,Silver
CLI-80785,44,São Paulo (SP),4,Gold
CLI-97293,22,São Paulo (SP),1,Silver
CLI-37483,19,São Paulo (SP),2,Silver
CLI-82274,38,Minas Gerais (MG),1,Silver
CLI-20749,20,Bahia (BA),3,Gold
CLI-35091,38,Rio de Janeiro (RJ),1,Silver
CLI-52350,61,Minas Gerais (MG),4,Gold
CLI-26243,25,Rio de Janeiro (RJ),4,Gold
CLI-83839,27,Paraná (PR),2,Silver
CLI-49749,39,Paraná (PR),2,Silver
CLI-41217,30,Bahia (BA),1,Silver
CLI-21869,40,Bahia (BA),3,Gold
CLI-13165,62,Paraná (PR),1,Silver
CLI-12211,30,Minas Gerais (MG),1,Silver
CLI-76115,63,Bahia (BA),2,Silver
CLI-36677,30,São Paulo (SP),1,Silver
CLI-51468,47,Rio de Janeiro (RJ),2,Silver
CLI-50991,25,São Paulo (SP),4,Gold
CLI-34540,39,São Paulo (SP),4,Gold
CLI-12678,36,Paraná (PR),3,Gold
CLI-46986,53,Rio de Janeiro (RJ),4,Gold
CLI-62114,49,Paraná (PR),4,Gold
CLI-25226,65,Minas Gerais (MG),4,Gold
CLI-41473,27,Paraná (PR),2,Silver
CLI-78896,52,São Paulo (SP),4,Gold
CLI-75136,57,Paraná (PR),4,Gold
CLI-49170,24,Rio de Janeiro (RJ),3,Gold
CLI-71276,55,Rio de Janeiro (RJ),2,Silver
CLI-65864,47,São Paulo (SP),4,Gold
CLI-62042,50,Rio de Janeiro (RJ),1,Silver
CLI-49800,39,Rio de Janeiro (RJ),2,Silver
CLI-33723,28,Paraná (PR),3,Gold
CLI-30092,26,Paraná (PR),1,Silver
CLI-10747,56,Bahia (BA),3,Gold
CLI-23419,22,Rio de Janeiro (RJ),1,Silver
CLI-42389,51,São Paulo (SP),4,Gold
CLI-78340,24,Rio de Janeiro (RJ),3,Gold
CLI-86113,28,Paraná (PR),3,Gold
CLI-52868,25,Rio de Janeiro (RJ),4,Gold
CLI-22649,48,São Paulo (SP),4,Gold
CLI-73000,49,Paraná (PR),4,Gold
CLI-23914,20,Rio de Janeiro (RJ),3,Gold
CLI-98464,37,São Paulo (SP),4,Gold
CLI-18042,37,Rio de Janeiro (RJ),4,Gold
CLI-34282,52,Rio de Janeiro (RJ),3,Gold
CLI-95340,26,Minas Gerais (MG),1,Silver
CLI-31751,63,Minas Gerais (MG),2,Silver
CLI-58740,39,Paraná (PR),2,Silver
CLI-19816,47,Minas Gerais (MG),2,Silver
CLI-66187,40,Bahia (BA),3,Gold
CLI-88302,62,Minas Gerais (MG),1,Silver
CLI-72379,59,Rio de Janeiro (RJ),2,Silver
CLI-51601,24,Paraná (PR),3,Gold
CLI-60551,39,São Paulo (SP),4,Gold
CLI-98819,54,Minas Gerais (MG),1,Silver
CLI-36729,57,Rio de Janeiro (RJ),4,Gold
CLI-30478,26,Paraná (PR),1,Silver
CLI-15923,62,Paraná (PR),1,Silver
CLI-80678,38,Bahia (BA),1,Silver
CLI-31319,32,Minas Gerais (MG),3,Gold
CLI-58094,51,Minas Gerais (MG),2,Silver
CLI-25584,65,Paraná (PR),4,Gold
CLI-42262,44,Minas Gerais (MG),3,Gold
CLI-52357,31,Bahia (BA),2,Silver
CLI-20024,44,Minas Gerais (MG),3,Gold
CLI-94353,55,Minas Gerais (MG),2,Silver
CLI-12303,31,Paraná (PR),2,Silver
CLI-42103,26,Bahia (BA),1,Silver
CLI-32245,24,Rio de Janeiro (RJ),3,Gold
CLI-33782,29,São Paulo (SP),4,Gold
CLI-93286,36,Paraná (PR),3,Gold
CLI-44044,52,Paraná (PR),3,Gold
CLI-45096,50,Paraná (PR),1,Silver
CLI-12286,28,Rio de Janeiro (RJ),3,Gold
CLI-49025,61,São Paulo (SP),4,Gold
CLI-76507,19,Minas Gerais (MG),2,Silver
CLI-92494,54,São Paulo (SP),4,Gold
CLI-76979,47,Paraná (PR),2,Silver
CLI-29819,54,São Paulo (SP),4,Gold
CLI-15498,31,Rio de Janeiro (RJ),2,Silver
CLI-80285,53,Rio de Janeiro (RJ),4,Gold
CLI-92903,64,São Paulo (SP),3,Gold
CLI-10016,35,Minas Gerais (MG),2,Silver
CLI-48125,53,Paraná (PR),4,Gold
CLI-73762,32,Minas Gerais (MG),3,Gold
CLI-13210,28,Bahia (BA),3,Gold
CLI-62159,19,Minas Gerais (MG),2,Silver
CLI-92493,57,Paraná (PR),4,Gold
CLI-30114,63,Bahia (BA),2,Silver
CLI-33814,32,Minas Gerais (MG),3,Gold
CLI-22001,23,Paraná (PR),2,Silver
CLI-10364,24,Rio de Janeiro (RJ),3,Gold
CLI-36435,20,São Paulo (SP),3,Gold
CLI-67163,55,São Paulo (SP),4,Gold
CLI-19000,40,Bahia (BA),3,Gold
CLI-51957,18,São Paulo (SP),1,Silver
CLI-63548,46,Minas Gerais (MG),1,Silver
CLI-80077,59,São Paulo (SP),2,Silver
CLI-46709,20,Bahia (BA),3,Gold
CLI-89109,50,Minas Gerais (MG),1,Silver
CLI-57273,43,Rio de Janeiro (RJ),2,Silver
CLI-62399,43,Rio de Janeiro (RJ),2,Silver
CLI-76703,61,Paraná (PR),4,Gold
CLI-96470,46,Rio de Janeiro (RJ),1,Silver
CLI-17774,27,Minas Gerais (MG),2,Silver
CLI-43055,43,Rio de Janeiro (RJ),2,Silver
CLI-68114,58,Minas Gerais (MG),1,Silver
CLI-49694,24,São Paulo (SP),3,Gold
CLI-49822,43,Paraná (PR),2,Silver
CLI-23997,32,Paraná (PR),3,Gold
CLI-20379,60,São Paulo (SP),3,Gold
CLI-16527,37,Paraná (PR),4,Gold
CLI-82772,34,Minas Gerais (MG),1,Silver
CLI-78143,43,Bahia (BA),2,Silver
CLI-66609,20,Rio de Janeiro (RJ),3,Gold
CLI-23830,24,Bahia (BA),3,Gold
CLI-44671,28,Paraná (PR),3,Gold
CLI-90089,36,Bahia (BA),3,Gold
CLI-62079,24,Bahia (BA),3,Gold
CLI-53366,28,Rio de Janeiro (RJ),3,Gold
CLI-39175,29,Minas Gerais (MG),4,Gold
CLI-86822,32,Rio de Janeiro (RJ),3,Gold
CLI-91338,54,Bahia (BA),1,Silver
CLI-39565,36,Paraná (PR),3,Gold
CLI-18308,51,Paraná (PR),2,Silver
CLI-12800,52,Paraná (PR),3,Gold
CLI-86338,65,Rio de Janeiro (RJ),4,Gold
CLI-51377,26,São Paulo (SP),1,Silver
CLI-90141,53,São Paulo (SP),4,Gold
CLI-42203,18,Minas Gerais (MG),1,Silver
CLI-46220,62,Rio de Janeiro (RJ),1,Silver
CLI-79173,27,Bahia (BA),2,Silver
CLI-15800,51,São Paulo (SP),4,Gold
CLI-56073,45,São Paulo (SP),4,Gold
CLI-89665,40,Paraná (PR),3,Gold
CLI-67934,56,Rio de Janeiro (RJ),3,Gold
CLI-17361,54,Minas Gerais (MG),1,Silver
CLI-30053,35,Paraná (PR),2,Silver
CLI-95557,23,Paraná (PR),2,Silver
CLI-99011,25,Paraná (PR),4,Gold
CLI-95756,61,São Paulo (SP),4,Gold
CLI-79217,60,Paraná (PR),3,Gold
CLI-58933,24,Minas Gerais (MG),3,Gold
CLI-72406,26,Paraná (PR),1,Silver
CLI-18411,64,Paraná (PR),3,Gold
CLI-82372,29,Rio de Janeiro (RJ),4,Gold
CLI-32464,21,Rio de Janeiro (RJ),4,Gold
CLI-97823,62,São Paulo (SP),1,Silver
CLI-95513,47,São Paulo (SP),4,Gold
CLI-29326,26,Minas Gerais (MG),1,Silver
CLI-85528,31,Bahia (BA),2,Silver
CLI-79658,30,Rio de Janeiro (RJ),1,Silver
CLI-16006,44,Rio de Janeiro (RJ),3,Gold
CLI-21813,29,São Paulo (SP),4,Gold
CLI-23387,36,Paraná (PR),3,Gold
CLI-13314,29,Minas Gerais (MG),4,Gold
CLI-50152,63,Minas Gerais (MG),2,Silver
CLI-11239,24,Rio de Janeiro (RJ),3,Gold
CLI-54742,34,São Paulo (SP),1,Silver
CLI-24679,58,Bahia (BA),1,Silver
CLI-51189,40,São Paulo (SP),4,Gold
CLI-14867,22,Minas Gerais (MG),1,Silver
CLI-58508,43,São Paulo (SP),4,Gold
CLI-89255,18,Rio de Janeiro (RJ),1,Silver
CLI-25693,25,Bahia (BA),4,Gold
CLI-34403,24,São Paulo (SP),3,Gold
CLI-16036,43,São Paulo (SP),4,Gold
CLI-55207,61,São Paulo (SP),4,Gold
CLI-10349,44,São Paulo (SP),4,Gold
CLI-15937,34,Bahia (BA),1,Silver
CLI-49990,40,Rio de Janeiro (RJ),3,Gold
CLI-14662,43,Minas Gerais (MG),2,Silver
CLI-51148,41,Minas Gerais (MG),4,Gold
CLI-47954,18,Paraná (PR),1,Silver
CLI-94067,21,Rio de Janeiro (RJ),4,Gold
CLI-76484,47,Bahia (BA),2,Silver
CLI-87217,65,Bahia (BA),4,Gold
CLI-22618,51,Bahia (BA),2,Silver
CLI-88699,57,Minas Gerais (MG),4,Gold
CLI-15030,37,Bahia (BA),4,Gold
CLI-12276,48,Bahia (BA),3,Gold
CLI-25674,29,Paraná (PR),4,Gold
CLI-96166,27,Minas Gerais (MG),2,Silver
CLI-87757,52,Rio de Janeiro (RJ),3,Gold
CLI-86973,41,Minas Gerais (MG),4,Gold
CLI-66992,29,Rio de Janeiro (RJ),4,Gold
CLI-33591,33,Rio de Janeiro (RJ),4,Gold
CLI-32458,35,Paraná (PR),2,Silver
CLI-91668,43,Rio de Janeiro (RJ),2,Silver
CLI-38367,28,Paraná (PR),3,Gold
CLI-77705,61,Minas Gerais (MG),4,Gold
CLI-50408,25,São Paulo (SP),4,Gold
CLI-60823,37,Bahia (BA),4,Gold
CLI-69612,36,Rio de Janeiro (RJ),3,Gold
CLI-61910,63,Minas Gerais (MG),2,Silver
CLI-52490,57,Minas Gerais (MG),4,Gold
CLI-91084,57,Rio de Janeiro (RJ),4,Gold
CLI-62821,32,Minas Gerais (MG),3,Gold
CLI-88479,22,Minas Gerais (MG),1,Silver
CLI-61275,23,São Paulo (SP),2,Silver
CLI-57349,40,Rio de Janeiro (RJ),3,Gold
CLI-77546,44,Bahia (BA),3,Gold
CLI-39782,47,Paraná (PR),2,Silver
CLI-54180,47,Bahia (BA),2,Silver
CLI-24698,31,Bahia (BA),2,Silver
CLI-52939,63,Rio de Janeiro (RJ),2,Silver
CLI-31164,57,Minas Gerais (MG),4,Gold
CLI-20593,48,Paraná (PR),3,Gold
CLI-54965,21,São Paulo (SP),4,Gold
CLI-10394,21,Paraná (PR),4,Gold
CLI-92358,45,Rio de Janeiro (RJ),4,Gold
CLI-34788,58,Minas Gerais (MG),1,Silver
CLI-31521,51,Rio de Janeiro (RJ),2,Silver
CLI-59499,64,São Paulo (SP),3,Gold
CLI-53565,46,Minas Gerais (MG),1,Silver
CLI-10986,56,Rio de Janeiro (RJ),3,Gold
CLI-95774,18,Paraná (PR),1,Silver
CLI-80255,62,Rio de Janeiro (RJ),1,Silver
CLI-20374,19,Rio de Janeiro (RJ),2,Silver
CLI-29928,34,São Paulo (SP),1,Silver
CLI-38761,54,Bahia (BA),1,Silver
CLI-67146,38,Paraná (PR),1,Silver
CLI-69972,32,Minas Gerais (MG),3,Gold
CLI-46020,54,Paraná (PR),1,Silver
CLI-56854,57,São Paulo (SP),4,Gold
CLI-46852,30,São Paulo (SP),1,Silver
CLI-90071,25,São Paulo (SP),4,Gold
CLI-78158,37,Rio de Janeiro (RJ),4,Gold
CLI-76337,27,Paraná (PR),2,Silver
CLI-15527,28,São Paulo (SP),3,Gold
CLI-59038,32,Bahia (BA),3,Gold
CLI-73228,36,Bahia (BA),3,Gold
CLI-68635,64,Minas Gerais (MG),3,Gold
CLI-56465,51,Paraná (PR),2,Silver
CLI-50863,54,São Paulo (SP),4,Gold
CLI-58779,42,Paraná (PR),1,Silver
CLI-56753,27,São Paulo (SP),2,Silver
CLI-21891,60,Paraná (PR),3,Gold
CLI-97037,62,Bahia (BA),1,Silver
CLI-33404,26,São Paulo (SP),1,Silver
CLI-97533,61,São Paulo (SP),4,Gold
CLI-28046,39,Rio de Janeiro (RJ),2,Silver
CLI-33176,37,Paraná (PR),4,Gold
CLI-74910,50,Minas Gerais (MG),1,Silver
CLI-30201,64,Minas Gerais (MG),3,Gold
CLI-49126,25,Minas Gerais (MG),4,Gold
CLI-46803,31,Minas Gerais (MG),2,Silver
CLI-26681,63,Minas Gerais (MG),2,Silver
CLI-40460,43,São Paulo (SP),4,Gold
CLI-48197,21,Paraná (PR),4,Gold
CLI-24111,39,Paraná (PR),2,Silver
CLI-48002,27,São Paulo (SP),2,Silver
CLI-93284,48,Rio de Janeiro (RJ),3,Gold
CLI-64963,52,Paraná (PR),3,Gold
CLI-54727,35,São Paulo (SP),4,Gold
CLI-55855,56,Paraná (PR),3,Gold
CLI-82952,26,Minas Gerais (MG),1,Silver
CLI-66892,32,Paraná (PR),3,Gold
CLI-54945,18,São Paulo (SP),1,Silver
CLI-43832,53,Minas Gerais (MG),4,Gold
CLI-63409,59,Bahia (BA),2,Silver
CLI-38234,21,Paraná (PR),4,Gold
CLI-71477,23,Minas Gerais (MG),2,Silver
CLI-47604,51,Paraná (PR),2,Silver
CLI-67977,25,Bahia (BA),4,Gold
CLI-94010,54,Minas Gerais (MG),1,Silver
CLI-24705,23,São Paulo (SP),2,Silver
CLI-43936,46,São Paulo (SP),4,Gold
CLI-25058,45,São Paulo (SP),4,Gold
CLI-63828,55,Minas Gerais (MG),2,Silver
CLI-52683,61,Rio de Janeiro (RJ),4,Gold
CLI-82615,61,Rio de Janeiro (RJ),4,Gold
CLI-87272,45,Rio de Janeiro (RJ),4,Gold
CLI-45121,19,São Paulo (SP),2,Silver
CLI-73630,22,São Paulo (SP),1,Silver
CLI-93303,34,Minas Gerais (MG),1,Silver
CLI-73060,64,Bahia (BA),3,Gold
CLI-67609,23,São Paulo (SP),2,Silver
CLI-54936,60,Paraná (PR),3,Gold
CLI-55729,58,Paraná (PR),1,Silver
CLI-94133,34,Bahia (BA),1,Silver
CLI-69738,43,Bahia (BA),2,Silver
CLI-28699,32,Minas Gerais (MG),3,Gold
CLI-16099,52,Rio de Janeiro (RJ),3,Gold
CLI-75809,43,Minas Gerais (MG),2,Silver
CLI-21158,35,São Paulo (SP),4,Gold
CLI-87446,28,Paraná (PR),3,Gold
CLI-36726,23,Minas Gerais (MG),2,Silver
CLI-12865,21,Paraná (PR),4,Gold
CLI-12095,57,Paraná (PR),4,Gold
CLI-78366,64,Rio de Janeiro (RJ),3,Gold
CLI-84084,60,Minas Gerais (MG),3,Gold
CLI-33812,54,São Paulo (SP),4,Gold
CLI-16476,30,Bahia (BA),1,Silver
CLI-60338,32,São Paulo (SP),3,Gold
CLI-79244,61,Bahia (BA),4,Gold
CLI-71196,51,São Paulo (SP),4,Gold
CLI-15650,41,Paraná (PR),4,Gold
CLI-69654,53,Paraná (PR),4,Gold
CLI-14062,44,Bahia (BA),3,Gold
CLI-33148,56,Paraná (PR),3,Gold
CLI-12683,22,Minas Gerais (MG),1,Silver
CLI-55261,33,Paraná (PR),4,Gold
CLI-86396,41,Minas Gerais (MG),4,Gold
CLI-20694,20,São Paulo (SP),3,Gold
CLI-70844,35,Bahia (BA),2,Silver
CLI-42855,20,Minas Gerais (MG),3,Gold
CLI-92822,65,Paraná (PR),4,Gold
CLI-71526,23,São Paulo (SP),2,Silver
CLI-61645,64,Minas Gerais (MG),3,Gold
CLI-43749,65,Bahia (BA),4,Gold
CLI-31114,30,São Paulo (SP),1,Silver
CLI-20468,20,Paraná (PR),3,Gold
CLI-53137,25,Paraná (PR),4,Gold
CLI-26817,26,Paraná (PR),1,Silver
CLI-51244,34,Rio de Janeiro (RJ),1,Silver
CLI-15938,46,Bahia (BA),1,Silver
CLI-94391,20,Paraná (PR),3,Gold
CLI-18124,55,Rio de Janeiro (RJ),2,Silver
CLI-11504,21,Bahia (BA),4,Gold
CLI-21521,62,São Paulo (SP),1,Silver
CLI-10385,52,Bahia (BA),3,Gold
CLI-70254,18,São Paulo (SP),1,Silver
CLI-81641,42,São Paulo (SP),4,Gold
CLI-12509,36,São Paulo (SP),4,Gold
CLI-27616,19,Bahia (BA),2,Silver
CLI-12744,37,São Paulo (SP),4,Gold
CLI-21937,20,Bahia (BA),3,Gold
CLI-18726,55,Paraná (PR),2,Silver
CLI-19496,55,Rio de Janeiro (RJ),2,Silver
CLI-67902,51,São Paulo (SP),4,Gold
CLI-40673,19,Paraná (PR),2,Silver
CLI-73772,23,São Paulo (SP),2,Silver
CLI-17862,31,São Paulo (SP),2,Silver
CLI-57749,40,Rio de Janeiro (RJ),3,Gold
CLI-78731,46,Paraná (PR),1,Silver
CLI-93439,31,São Paulo (SP),2,Silver
CLI-72025,41,Paraná (PR),4,Gold
CLI-46893,42,Bahia (BA),1,Silver
CLI-25995,32,São Paulo (SP),3,Gold
CLI-12769,61,Rio de Janeiro (RJ),4,Gold
CLI-36047,50,Paraná (PR),1,Silver
CLI-76367,59,Rio de Janeiro (RJ),2,Silver
CLI-89856,22,Bahia (BA),1,Silver
CLI-70026,62,Paraná (PR),1,Silver
CLI-86404,39,São Paulo (SP),4,Gold
CLI-60292,42,Paraná (PR),1,Silver
CLI-77843,29,Paraná (PR),4,Gold
CLI-33463,55,Paraná (PR),2,Silver
CLI-43295,24,Bahia (BA),3,Gold
CLI-45077,36,Bahia (BA),3,Gold
CLI-83882,31,Rio de Janeiro (RJ),2,Silver
CLI-97827,40,Paraná (PR),3,Gold
CLI-14461,57,Rio de Janeiro (RJ),4,Gold
CLI-86099,32,São Paulo (SP),3,Gold
CLI-82508,56,São Paulo (SP),3,Gold
CLI-83060,53,São Paulo (SP),4,Gold
CLI-82514,42,São Paulo (SP),4,Gold
CLI-13027,35,Minas Gerais (MG),2,Silver
CLI-97300,35,Bahia (BA),2,Silver
CLI-20913,18,Paraná (PR),1,Silver
CLI-67658,46,Paraná (PR),1,Silver
CLI-75070,47,Bahia (BA),2,Silver
CLI-52853,53,Bahia (BA),4,Gold
CLI-27756,22,Bahia (BA),1,Silver
CLI-40761,26,Paraná (PR),1,Silver
CLI-11927,42,Bahia (BA),1,Silver
CLI-43862,27,Rio de Janeiro (RJ),2,Silver
CLI-97632,23,Minas Gerais (MG),2,Silver
CLI-57338,22,São Paulo (SP),1,Silver
CLI-62591,22,Paraná (PR),1,Silver
CLI-30181,21,Paraná (PR),4,Gold
CLI-36743,39,Rio de Janeiro (RJ),2,Silver
CLI-86636,18,Paraná (PR),1,Silver
CLI-86171,45,Minas Gerais (MG),4,Gold
CLI-10322,60,Rio de Janeiro (RJ),3,Gold
CLI-99871,64,Minas Gerais (MG),3,Gold
CLI-40545,20,Minas Gerais (MG),3,Gold
CLI-59676,27,Rio de Janeiro (RJ),2,Silver
CLI-63268,35,Bahia (BA),2,Silver
CLI-32175,49,São Paulo (SP),4,Gold
CLI-23625,35,Minas Gerais (MG),2,Silver
CLI-78182,19,Rio de Janeiro (RJ),2,Silver
CLI-14519,44,Paraná (PR),3,Gold
CLI-26432,25,Bahia (BA),4,Gold
CLI-25626,28,São Paulo (SP),3,Gold
CLI-91737,56,Bahia (BA),3,Gold
CLI-78937,25,Minas Gerais (MG),4,Gold
CLI-32612,50,Minas Gerais (MG),1,Silver
CLI-61406,54,Paraná (PR),1,Silver
CLI-43889,63,Bahia (BA),2,Silver
CLI-48642,38,Bahia (BA),1,Silver
CLI-25515,19,Bahia (BA),2,Silver
CLI-61808,27,Minas Gerais (MG),2,Silver
CLI-48595,34,Bahia (BA),1,Silver
CLI-47265,44,Paraná (PR),3,Gold
CLI-61061,55,São Paulo (SP),4,Gold
CLI-10313,31,Paraná (PR),2,Silver
CLI-99649,33,Bahia (BA),4,Gold
CLI-23949,42,Minas Gerais (MG),1,Silver
CLI-73262,35,São Paulo (SP),4,Gold
CLI-23451,20,Rio de Janeiro (RJ),3,Gold
CLI-73478,56,Rio de Janeiro (RJ),3,Gold
CLI-44131,27,Paraná (PR),2,Silver
CLI-32592,23,São Paulo (SP),2,Silver
CLI-75847,33,São Paulo (SP),4,Gold
CLI-22529,38,Rio de Janeiro (RJ),1,Silver
CLI-57428,60,São Paulo (SP),3,Gold
CLI-80604,58,Paraná (PR),1,Silver
CLI-79941,35,Minas Gerais (MG),2,Silver
CLI-62939,33,Rio de Janeiro (RJ),4,Gold
CLI-58952,38,São Paulo (SP),4,Gold
CLI-62153,36,São Paulo (SP),4,Gold
CLI-56755,57,Paraná (PR),4,Gold
CLI-11489,23,Bahia (BA),2,Silver
CLI-51613,41,São Paulo (SP),4,Gold
CLI-36892,61,Bahia (BA),4,Gold
CLI-41162,55,Bahia (BA),2,Silver
CLI-46921,48,Rio de Janeiro (RJ),3,Gold
CLI-59593,37,São Paulo (SP),4,Gold
CLI-60886,38,Paraná (PR),1,Silver
CLI-81539,60,Bahia (BA),3,Gold
CLI-55121,55,Paraná (PR),2,Silver
CLI-48172,48,Paraná (PR),3,Gold
CLI-64525,29,Minas Gerais (MG),4,Gold
CLI-69827,18,Paraná (PR),1,Silver
CLI-25518,39,Bahia (BA),2,Silver
CLI-15507,50,São Paulo (SP),4,Gold
CLI-58453,18,São Paulo (SP),1,Silver
CLI-22680,60,Minas Gerais (MG),3,Gold
CLI-95491,27,Rio de Janeiro (RJ),2,Silver
CLI-55414,19,Bahia (BA),2,Silver
CLI-12726,61,Rio de Janeiro (RJ),4,Gold
CLI-41692,31,São Paulo (SP),2,Silver
CLI-71559,60,Rio de Janeiro (RJ),3,Gold
CLI-97983,41,São Paulo (SP),4,Gold
CLI-55902,34,São Paulo (SP),1,Silver
CLI-54938,60,Minas Gerais (MG),3,Gold
CLI-73948,38,Bahia (BA),1,Silver
CLI-72611,64,Minas Gerais (MG),3,Gold
CLI-14705,23,Rio de Janeiro (RJ),2,Silver
CLI-33217,23,São Paulo (SP),2,Silver
CLI-55225,61,Minas Gerais (MG),4,Gold
CLI-24191,63,São Paulo (SP),2,Silver
CLI-64633,59,Rio de Janeiro (RJ),2,Silver
CLI-19387,32,Bahia (BA),3,Gold
CLI-42413,18,São Paulo (SP),1,Silver
CLI-23247,50,Minas Gerais (MG),1,Silver
CLI-81469,50,Rio de Janeiro (RJ),1,Silver
CLI-96483,46,Rio de Janeiro (RJ),1,Silver
CLI-85551,40,Paraná (PR),3,Gold
CLI-32437,29,Rio de Janeiro (RJ),4,Gold
CLI-23230,64,Bahia (BA),3,Gold
CLI-78810,32,Minas Gerais (MG),3,Gold
CLI-54073,19,São Paulo (SP),2,Silver
CLI-77967,55,Minas Gerais (MG),2,Silver
CLI-41880,18,Rio de Janeiro (RJ),1,Silver
CLI-66551,39,São Paulo (SP),4,Gold
CLI-61620,56,Rio de Janeiro (RJ),3,Gold
CLI-57424,50,Paraná (PR),1,Silver
CLI-17190,31,Minas Gerais (MG),2,Silver
CLI-51473,28,São Paulo (SP),3,Gold
CLI-90743,31,Bahia (BA),2,Silver
CLI-53298,18,Minas Gerais (MG),1,Silver
CLI-32839,43,Rio de Janeiro (RJ),2,Silver
CLI-34778,47,Rio de Janeiro (RJ),2,Silver
CLI-95604,20,São Paulo (SP),3,Gold
CLI-86945,65,Paraná (PR),4,Gold
CLI-69956,19,Rio de Janeiro (RJ),2,Silver
CLI-73734,44,Bahia (BA),3,Gold
CLI-43748,38,Minas Gerais (MG),1,Silver
CLI-62405,46,Rio de Janeiro (RJ),1,Silver
CLI-64495,46,Rio de Janeiro (RJ),1,Silver
CLI-75556,21,Minas Gerais (MG),4,Gold
CLI-34523,42,Rio de Janeiro (RJ),1,Silver
CLI-13740,23,Paraná (PR),2,Silver
CLI-59835,27,Rio de Janeiro (RJ),2,Silver
CLI-68150,30,São Paulo (SP),1,Silver
CLI-97175,61,Bahia (BA),4,Gold
CLI-62053,63,São Paulo (SP),2,Silver
CLI-68946,62,Bahia (BA),1,Silver
CLI-57584,53,Paraná (PR),4,Gold
CLI-48669,22,Paraná (PR),1,Silver
CLI-59113,22,Rio de Janeiro (RJ),1,Silver
CLI-84490,27,Rio de Janeiro (RJ),2,Silver
CLI-24047,34,Bahia (BA),1,Silver
CLI-15158,63,Bahia (BA),2,Silver
CLI-93288,32,Minas Gerais (MG),3,Gold
CLI-65910,45,Bahia (BA),4,Gold
CLI-54702,42,Minas Gerais (MG),1,Silver
CLI-81628,34,Rio de Janeiro (RJ),1,Silver
CLI-32900,59,Paraná (PR),2,Silver
CLI-75987,46,Bahia (BA),1,Silver
CLI-39764,62,Paraná (PR),1,Silver
CLI-31484,29,Rio de Janeiro (RJ),4,Gold
CLI-15672,21,Paraná (PR),4,Gold
CLI-97841,37,Bahia (BA),4,Gold
CLI-28664,31,Minas Gerais (MG),2,Silver
CLI-92482,45,Bahia (BA),4,Gold
CLI-27362,60,Bahia (BA),3,Gold
CLI-72476,29,São Paulo (SP),4,Gold
CLI-78771,49,Paraná (PR),4,Gold
CLI-63398,52,Rio de Janeiro (RJ),3,Gold
CLI-26488,59,Paraná (PR),2,Silver
CLI-28059,30,Paraná (PR),1,Silver
CLI-16271,25,Paraná (PR),4,Gold
CLI-46315,31,Rio de Janeiro (RJ),2,Silver
CLI-57440,30,Paraná (PR),1,Silver
CLI-77241,24,Bahia (BA),3,Gold
CLI-89107,38,Paraná (PR),1,Silver
CLI-25121,47,São Paulo (SP),4,Gold
CLI-81599,34,Rio de Janeiro (RJ),1,Silver
CLI-90144,26,Paraná (PR),1,Silver
CLI-93733,36,Minas Gerais (MG),3,Gold
CLI-78045,47,Minas Gerais (MG),2,Silver
CLI-60178,49,São Paulo (SP),4,Gold
CLI-57399,27,São Paulo (SP),2,Silver
CLI-97283,24,Paraná (PR),3,Gold
CLI-26690,34,Rio de Janeiro (RJ),1,Silver
CLI-52299,20,São Paulo (SP),3,Gold
CLI-29589,25,Paraná (PR),4,Gold
CLI-19026,27,Minas Gerais (MG),2,Silver
CLI-13672,52,Rio de Janeiro (RJ),3,Gold
CLI-35011,55,São Paulo (SP),4,Gold
CLI-81034,50,Bahia (BA),1,Silver
CLI-45402,63,Bahia (BA),2,Silver
CLI-40624,27,Rio de Janeiro (RJ),2,Silver
CLI-52109,44,Rio de Janeiro (RJ),3,Gold
CLI-75104,19,Paraná (PR),2,Silver
CLI-48023,33,São Paulo (SP),4,Gold
CLI-17649,45,Bahia (BA),4,Gold
CLI-29072,49,Minas Gerais (MG),4,Gold
CLI-80941,45,São Paulo (SP),4,Gold
CLI-32044,62,São Paulo (SP),1,Silver
CLI-35457,61,São Paulo (SP),4,Gold
CLI-46463,64,Rio de Janeiro (RJ),3,Gold
CLI-85123,45,São Paulo (SP),4,Gold
CLI-31671,47,Paraná (PR),2,Silver
CLI-49743,60,Minas Gerais (MG),3,Gold
CLI-92565,59,Minas Gerais (MG),2,Silver
CLI-24697,53,Minas Gerais (MG),4,Gold
CLI-82351,61,Bahia (BA),4,Gold
CLI-13152,44,Bahia (BA),3,Gold
CLI-21213,53,Rio de Janeiro (RJ),4,Gold
CLI-14961,44,Minas Gerais (MG),3,Gold
CLI-45616,24,Bahia (BA),3,Gold
CLI-72590,58,Minas Gerais (MG),1,Silver
CLI-55355,44,Bahia (BA),3,Gold
CLI-49806,37,Minas Gerais (MG),4,Gold
CLI-31646,57,Rio de Janeiro (RJ),4,Gold
CLI-76543,50,Rio de Janeiro (RJ),1,Silver
CLI-68772,30,Bahia (BA),1,Silver
CLI-14933,26,Paraná (PR),1,Silver
CLI-49188,31,Minas Gerais (MG),2,Silver
CLI-14048,37,Bahia (BA),4,Gold
CLI-72398,50,Bahia (BA),1,Silver
CLI-57696,58,Minas Gerais (MG),1,Silver
CLI-26003,22,Rio de Janeiro (RJ),1,Silver
CLI-74931,25,Rio de Janeiro (RJ),4,Gold
CLI-86752,62,Bahia (BA),1,Silver
CLI-52843,50,Paraná (PR),1,Silver
CLI-89043,53,Paraná (PR),4,Gold
CLI-81688,58,Minas Gerais (MG),1,Silver
CLI-48275,27,Paraná (PR),2,Silver
CLI-88698,27,São Paulo (SP),2,Silver
CLI-57240,44,Rio de Janeiro (RJ),3,Gold
CLI-92590,61,Bahia (BA),4,Gold
CLI-29276,46,Bahia (BA),1,Silver
CLI-91734,48,Minas Gerais (MG),3,Gold
CLI-92416,54,Bahia (BA),1,Silver
CLI-63486,46,Paraná (PR),1,Silver
CLI-30502,20,São Paulo (SP),3,Gold
CLI-16875,62,São Paulo (SP),1,Silver
CLI-71796,31,São Paulo (SP),2,Silver
CLI-35373,64,Minas Gerais (MG),3,Gold
CLI-15497,62,São Paulo (SP),1,Silver
CLI-19829,57,Bahia (BA),4,Gold
CLI-26854,29,Bahia (BA),4,Gold
CLI-30732,57,Paraná (PR),4,Gold
CLI-20752,30,Rio de Janeiro (RJ),1,Silver
CLI-71120,54,Minas Gerais (MG),1,Silver
CLI-11185,25,Rio de Janeiro (RJ),4,Gold
CLI-92645,61,Bahia (BA),4,Gold
CLI-86052,29,Bahia (BA),4,Gold
CLI-52684,35,Rio de Janeiro (RJ),2,Silver
CLI-38516,20,Rio de Janeiro (RJ),3,Gold
CLI-80039,62,Rio de Janeiro (RJ),1,Silver
CLI-73857,39,São Paulo (SP),4,Gold
CLI-78472,48,Rio de Janeiro (RJ),3,Gold
CLI-97914,61,São Paulo (SP),4,Gold
CLI-48113,39,Paraná (PR),2,Silver
CLI-79285,64,Minas Gerais (MG),3,Gold
CLI-58192,59,Bahia (BA),2,Silver
CLI-77945,20,Paraná (PR),3,Gold
CLI-60327,39,Minas Gerais (MG),2,Silver
CLI-60908,27,Bahia (BA),2,Silver
CLI-22981,41,Bahia (BA),4,Gold
CLI-53637,23,Minas Gerais (MG),2,Silver
CLI-44677,18,Bahia (BA),1,Silver
CLI-15415,42,Bahia (BA),1,Silver
CLI-78465,31,Rio de Janeiro (RJ),2,Silver
CLI-14458,34,Minas Gerais (MG),1,Silver
CLI-90412,50,Bahia (BA),1,Silver
CLI-94864,29,Paraná (PR),4,Gold
CLI-42568,48,São Paulo (SP),4,Gold
CLI-76399,19,Bahia (BA),2,Silver
CLI-94984,60,Bahia (BA),3,Gold
CLI-80738,23,Rio de Janeiro (RJ),2,Silver
CLI-88791,28,São Paulo (SP),3,Gold
CLI-26571,58,Paraná (PR),1,Silver
CLI-16749,40,Bahia (BA),3,Gold
CLI-71915,62,Paraná (PR),1,Silver
CLI-43475,55,São Paulo (SP),4,Gold
CLI-85590,34,Paraná (PR),1,Silver
CLI-71406,26,Rio de Janeiro (RJ),1,Silver
CLI-97290,42,São Paulo (SP),4,Gold
CLI-41572,29,Paraná (PR),4,Gold
CLI-79659,38,Rio de Janeiro (RJ),1,Silver
CLI-28153,25,Bahia (BA),4,Gold
CLI-98564,19,Paraná (PR),2,Silver
CLI-80069,52,Paraná (PR),3,Gold
CLI-64406,18,Bahia (BA),1,Silver
CLI-59169,49,Rio de Janeiro (RJ),4,Gold
CLI-87801,49,São Paulo (SP),4,Gold
CLI-73376,51,Paraná (PR),2,Silver
CLI-80300,21,São Paulo (SP),4,Gold
CLI-36421,22,São Paulo (SP),1,Silver
CLI-49729,36,Paraná (PR),3,Gold
CLI-16254,34,Bahia (BA),1,Silver
CLI-33479,31,Minas Gerais (MG),2,Silver
CLI-14956,48,Minas Gerais (MG),3,Gold
CLI-41038,32,Paraná (PR),3,Gold
CLI-11501,41,Paraná (PR),4,Gold
CLI-22198,44,Minas Gerais (MG),3,Gold
CLI-39313,39,Paraná (PR),2,Silver
CLI-24214,19,Paraná (PR),2,Silver
CLI-75799,52,Paraná (PR),3,Gold
CLI-67149,37,Paraná (PR),4,Gold
CLI-80382,60,Paraná (PR),3,Gold
CLI-68873,55,Paraná (PR),2,Silver
CLI-83195,50,Bahia (BA),1,Silver
CLI-96120,45,Rio de Janeiro (RJ),4,Gold
CLI-58361,47,Paraná (PR),2,Silver
CLI-81724,53,Paraná (PR),4,Gold
CLI-77414,30,Paraná (PR),1,Silver
CLI-15687,24,Minas Gerais (MG),3,Gold
CLI-68440,31,São Paulo (SP),2,Silver
CLI-83980,27,Rio de Janeiro (RJ),2,Silver
CLI-43228,20,Minas Gerais (MG),3,Gold
CLI-64175,55,São Paulo (SP),4,Gold
CLI-93757,39,Minas Gerais (MG),2,Silver
CLI-80256,27,Minas Gerais (MG),2,Silver
CLI-21711,50,São Paulo (SP),4,Gold
CLI-17748,29,São Paulo (SP),4,Gold
CLI-12496,49,Paraná (PR),4,Gold
CLI-45369,56,Rio de Janeiro (RJ),3,Gold
CLI-83832,28,Minas Gerais (MG),3,Gold
CLI-65269,57,Rio de Janeiro (RJ),4,Gold
CLI-41887,52,Minas Gerais (MG),3,Gold
CLI-59249,34,Minas Gerais (MG),1,Silver
CLI-99199,40,São Paulo (SP),4,Gold
CLI-62758,24,Minas Gerais (MG),3,Gold
CLI-99032,19,Bahia (BA),2,Silver
CLI-31701,50,Minas Gerais (MG),1,Silver
CLI-95372,34,Rio de Janeiro (RJ),1,Silver
CLI-65251,62,Rio de Janeiro (RJ),1,Silver
CLI-35789,54,Paraná (PR),1,Silver
CLI-94760,61,Bahia (BA),4,Gold
CLI-29785,24,São Paulo (SP),3,Gold
CLI-41518,47,Bahia (BA),2,Silver
CLI-21631,64,Paraná (PR),3,Gold
CLI-45931,45,Minas Gerais (MG),4,Gold
CLI-61080,19,Bahia (BA),2,Silver
CLI-88204,52,Bahia (BA),3,Gold
CLI-53321,30,São Paulo (SP),1,Silver
CLI-73847,19,Paraná (PR),2,Silver
CLI-94711,27,Bahia (BA),2,Silver
CLI-10324,32,Paraná (PR),3,Gold
CLI-82726,20,Minas Gerais (MG),3,Gold
CLI-19222,28,Bahia (BA),3,Gold
CLI-96606,58,São Paulo (SP),1,Silver
CLI-27426,26,Minas Gerais (MG),1,Silver
CLI-20612,45,Paraná (PR),4,Gold
CLI-19955,37,Rio de Janeiro (RJ),4,Gold
CLI-96949,29,Rio de Janeiro (RJ),4,Gold
CLI-10493,61,São Paulo (SP),4,Gold
CLI-67762,43,São Paulo (SP),4,Gold
CLI-25840,34,Minas Gerais (MG),1,Silver
CLI-24485,21,Minas Gerais (MG),4,Gold
CLI-36209,27,Bahia (BA),2,Silver
CLI-70610,63,Rio de Janeiro (RJ),2,Silver
CLI-38129,33,Rio de Janeiro (RJ),4,Gold
CLI-21483,36,Paraná (PR),3,Gold
CLI-87066,50,Paraná (PR),1,Silver
CLI-56013,62,Minas Gerais (MG),1,Silver
CLI-34761,49,São Paulo (SP),4,Gold
CLI-59430,34,Minas Gerais (MG),1,Silver
CLI-44291,61,Rio de Janeiro (RJ),4,Gold
CLI-62933,32,Bahia (BA),3,Gold
CLI-29408,24,Rio de Janeiro (RJ),3,Gold
CLI-62022,24,Bahia (BA),3,Gold
CLI-54652,42,Rio de Janeiro (RJ),1,Silver
CLI-42340,37,Bahia (BA),4,Gold
CLI-48422,33,Rio de Janeiro (RJ),4,Gold
CLI-36078,30,Rio de Janeiro (RJ),1,Silver
CLI-56475,36,Rio de Janeiro (RJ),3,Gold
CLI-82845,56,Paraná (PR),3,Gold
CLI-37655,63,Rio de Janeiro (RJ),2,Silver
CLI-62522,62,Paraná (PR),1,Silver
CLI-77313,19,Paraná (PR),2,Silver
CLI-64055,57,Bahia (BA),4,Gold
CLI-10336,20,Rio de Janeiro (RJ),3,Gold
CLI-72264,22,Bahia (BA),1,Silver
CLI-44614,43,São Paulo (SP),4,Gold
CLI-17998,42,Rio de Janeiro (RJ),1,Silver
CLI-71158,50,Paraná (PR),1,Silver
CLI-71001,52,Minas Gerais (MG),3,Gold
CLI-26425,54,Bahia (BA),1,Silver
CLI-94573,49,Minas Gerais (MG),4,Gold
CLI-25820,21,Paraná (PR),4,Gold
CLI-15791,34,Bahia (BA),1,Silver
CLI-12781,61,Minas Gerais (MG),4,Gold
CLI-13107,56,Paraná (PR),3,Gold
CLI-63654,38,Paraná (PR),1,Silver
CLI-15781,29,Rio de Janeiro (RJ),4,Gold
CLI-86925,61,Rio de Janeiro (RJ),4,Gold
CLI-28258,51,Bahia (BA),2,Silver
CLI-95844,48,Bahia (BA),3,Gold
CLI-12825,50,Bahia (BA),1,Silver
CLI-53725,21,Minas Gerais (MG),4,Gold
CLI-47409,41,Rio de Janeiro (RJ),4,Gold
CLI-16506,38,Rio de Janeiro (RJ),1,Silver
CLI-72364,48,Bahia (BA),3,Gold
CLI-80377,48,São Paulo (SP),4,Gold
CLI-90064,64,Paraná (PR),3,Gold
CLI-34877,48,Paraná (PR),3,Gold
CLI-29569,63,Minas Gerais (MG),2,Silver
CLI-10708,22,São Paulo (SP),1,Silver
CLI-10794,65,São Paulo (SP),4,Gold
CLI-64844,27,São Paulo (SP),2,Silver
CLI-14472,39,Minas Gerais (MG),2,Silver
CLI-50505,33,Rio de Janeiro (RJ),4,Gold
CLI-70263,62,Rio de Janeiro (RJ),1,Silver
CLI-84098,36,Bahia (BA),3,Gold
CLI-85248,21,Minas Gerais (MG),4,Gold
CLI-45551,46,Paraná (PR),1,Silver
CLI-15771,65,Bahia (BA),4,Gold
CLI-57138,43,São Paulo (SP),4,Gold
CLI-63524,52,Bahia (BA),3,Gold
CLI-63496,20,Paraná (PR),3,Gold
CLI-81709,30,São Paulo (SP),1,Silver
CLI-84857,58,Paraná (PR),1,Silver
CLI-63984,43,Paraná (PR),2,Silver
CLI-80626,54,Bahia (BA),1,Silver
CLI-85244,28,Bahia (BA),3,Gold
CLI-28979,43,Bahia (BA),2,Silver
CLI-33464,43,Minas Gerais (MG),2,Silver
CLI-74334,53,Paraná (PR),4,Gold
CLI-21211,60,Bahia (BA),3,Gold
CLI-68993,24,Bahia (BA),3,Gold
CLI-45042,63,Paraná (PR),2,Silver
CLI-98354,52,São Paulo (SP),4,Gold
CLI-63364,54,Paraná (PR),1,Silver
CLI-21136,49,São Paulo (SP),4,Gold
CLI-95823,57,Rio de Janeiro (RJ),4,Gold
CLI-38732,21,Minas Gerais (MG),4,Gold
CLI-90016,53,Rio de Janeiro (RJ),4,Gold
CLI-86116,28,Rio de Janeiro (RJ),3,Gold
CLI-44188,53,São Paulo (SP),4,Gold
CLI-24187,31,São Paulo (SP),2,Silver
CLI-90725,48,Rio de Janeiro (RJ),3,Gold
CLI-80619,45,Paraná (PR),4,Gold
CLI-25078,38,São Paulo (SP),4,Gold
CLI-84320,62,Paraná (PR),1,Silver
CLI-99703,47,Rio de Janeiro (RJ),2,Silver
CLI-57498,46,Bahia (BA),1,Silver
CLI-27336,64,Minas Gerais (MG),3,Gold
CLI-58634,62,São Paulo (SP),1,Silver
CLI-28563,58,Paraná (PR),1,Silver
CLI-89114,62,Minas Gerais (MG),1,Silver
CLI-26168,37,Rio de Janeiro (RJ),4,Gold
CLI-58369,36,Rio de Janeiro (RJ),3,Gold
CLI-15259,59,Paraná (PR),2,Silver
CLI-32923,56,Bahia (BA),3,Gold
CLI-65234,42,Bahia (BA),1,Silver
CLI-20784,47,Minas Gerais (MG),2,Silver
CLI-42951,43,Paraná (PR),2,Silver
CLI-72493,31,Rio de Janeiro (RJ),2,Silver
CLI-63768,39,Rio de Janeiro (RJ),2,Silver
CLI-28864,54,Paraná (PR),1,Silver
CLI-90674,63,Rio de Janeiro (RJ),2,Silver
CLI-23242,40,São Paulo (SP),4,Gold
CLI-24407,41,Paraná (PR),4,Gold
CLI-75099,33,São Paulo (SP),4,Gold
CLI-97684,41,Paraná (PR),4,Gold
CLI-65290,40,Minas Gerais (MG),3,Gold
CLI-53851,32,São Paulo (SP),3,Gold
CLI-72164,45,Rio de Janeiro (RJ),4,Gold
CLI-34264,39,Minas Gerais (MG),2,Silver
CLI-97329,34,Paraná (PR),1,Silver
CLI-97182,40,Minas Gerais (MG),3,Gold
CLI-98658,57,São Paulo (SP),4,Gold
CLI-27291,28,Bahia (BA),3,Gold
CLI-28913,41,Rio de Janeiro (RJ),4,Gold
CLI-22943,60,Minas Gerais (MG),3,Gold
CLI-22326,62,Minas Gerais (MG),1,Silver
CLI-69770,38,Minas Gerais (MG),1,Silver
CLI-26339,20,Bahia (BA),3,Gold
CLI-45219,64,Minas Gerais (MG),3,Gold
CLI-78295,19,São Paulo (SP),2,Silver
CLI-65970,49,Rio de Janeiro (RJ),4,Gold
CLI-76099,54,Minas Gerais (MG),1,Silver
CLI-13832,60,Paraná (PR),3,Gold
CLI-85227,39,Bahia (BA),2,Silver
CLI-13043,63,São Paulo (SP),2,Silver
CLI-89182,57,Paraná (PR),4,Gold
CLI-61183,19,Bahia (BA),2,Silver
CLI-66823,19,Bahia (BA),2,Silver
CLI-11026,29,São Paulo (SP),4,Gold
CLI-17719,49,Rio de Janeiro (RJ),4,Gold
CLI-50478,53,Minas Gerais (MG),4,Gold
CLI-73738,56,Rio de Janeiro (RJ),3,Gold
CLI-10811,42,Paraná (PR),1,Silver
CLI-27538,34,São Paulo (SP),1,Silver
CLI-74703,55,São Paulo (SP),4,Gold
CLI-44422,51,Paraná (PR),2,Silver
CLI-13094,36,Minas Gerais (MG),3,Gold
CLI-14500,38,Paraná (PR),1,Silver
CLI-94146,33,Minas Gerais (MG),4,Gold
CLI-79777,48,Minas Gerais (MG),3,Gold
CLI-35758,38,Bahia (BA),1,Silver
CLI-88230,49,Paraná (PR),4,Gold
CLI-73503,59,Rio de Janeiro (RJ),2,Silver
CLI-50518,65,São Paulo (SP),4,Gold
CLI-98657,21,Paraná (PR),4,Gold
CLI-72860,59,Rio de Janeiro (RJ),2,Silver
CLI-51997,20,São Paulo (SP),3,Gold
CLI-81549,44,Bahia (BA),3,Gold
CLI-61863,42,Bahia (BA),1,Silver
CLI-45075,45,Paraná (PR),4,Gold
CLI-59816,52,Paraná (PR),3,Gold
CLI-70876,58,Bahia (BA),1,Silver
CLI-27699,30,São Paulo (SP),1,Silver
CLI-86990,60,Paraná (PR),3,Gold
CLI-13802,49,Rio de Janeiro (RJ),4,Gold
CLI-26641,27,São Paulo (SP),2,Silver
CLI-88922,41,São Paulo (SP),4,Gold
CLI-79559,34,São Paulo (SP),1,Silver
CLI-81334,62,Minas Gerais (MG),1,Silver
CLI-86614,54,São Paulo (SP),4,Gold
CLI-26143,54,São Paulo (SP),4,Gold
CLI-37865,19,Paraná (PR),2,Silver
CLI-75558,22,Paraná (PR),1,Silver
CLI-64145,39,Rio de Janeiro (RJ),2,Silver
CLI-43965,24,Bahia (BA),3,Gold
CLI-98423,40,Paraná (PR),3,Gold
CLI-84458,60,Rio de Janeiro (RJ),3,Gold
CLI-20968,40,Paraná (PR),3,Gold
CLI-94820,37,São Paulo (SP),4,Gold
CLI-25394,52,Bahia (BA),3,Gold
CLI-66356,58,Paraná (PR),1,Silver
CLI-82297,33,Paraná (PR),4,Gold
CLI-81703,23,Rio de Janeiro (RJ),2,Silver
CLI-69434,39,Rio de Janeiro (RJ),2,Silver
CLI-31878,63,Minas Gerais (MG),2,Silver
CLI-51354,51,Bahia (BA),2,Silver
CLI-47001,48,São Paulo (SP),4,Gold
CLI-53584,61,São Paulo (SP),4,Gold
CLI-78501,27,Minas Gerais (MG),2,Silver
CLI-94068,18,Paraná (PR),1,Silver
CLI-89827,62,São Paulo (SP),1,Silver
CLI-94657,18,Paraná (PR),1,Silver
CLI-17255,42,Paraná (PR),1,Silver
CLI-26369,62,Rio de Janeiro (RJ),1,Silver
CLI-27350,39,São Paulo (SP),4,Gold
CLI-57431,38,São Paulo (SP),4,Gold
CLI-87691,26,Rio de Janeiro (RJ),1,Silver
CLI-79260,18,Minas Gerais (MG),1,Silver
CLI-38784,40,São Paulo (SP),4,Gold
CLI-94699,61,Minas Gerais (MG),4,Gold
CLI-26011,45,Bahia (BA),4,Gold
CLI-88931,49,São Paulo (SP),4,Gold
CLI-45842,59,Rio de Janeiro (RJ),2,Silver
CLI-35110,64,São Paulo (SP),3,Gold
CLI-63616,35,Minas Gerais (MG),2,Silver
CLI-30821,35,São Paulo (SP),4,Gold
CLI-72083,59,São Paulo (SP),2,Silver
CLI-50515,57,Minas Gerais (MG),4,Gold
CLI-74573,33,São Paulo (SP),4,Gold
CLI-93049,59,São Paulo (SP),2,Silver
CLI-65587,22,São Paulo (SP),1,Silver
CLI-96971,18,Paraná (PR),1,Silver
CLI-34259,51,Rio de Janeiro (RJ),2,Silver
CLI-46257,45,São Paulo (SP),4,Gold
CLI-25399,42,Minas Gerais (MG),1,Silver
CLI-20522,46,Paraná (PR),1,Silver
CLI-26929,18,Rio de Janeiro (RJ),1,Silver
CLI-93522,64,Paraná (PR),3,Gold
CLI-26188,58,Paraná (PR),1,Silver
CLI-89033,35,Bahia (BA),2,Silver
CLI-58627,24,Minas Gerais (MG),3,Gold
CLI-50377,35,Rio de Janeiro (RJ),2,Silver
CLI-66495,65,Bahia (BA),4,Gold
CLI-65592,23,Minas Gerais (MG),2,Silver
CLI-14742,19,Paraná (PR),2,Silver
CLI-44319,35,Paraná (PR),2,Silver
CLI-83157,35,Paraná (PR),2,Silver
CLI-64583,34,Paraná (PR),1,Silver
CLI-10970,63,São Paulo (SP),2,Silver
CLI-50597,57,São Paulo (SP),4,Gold
CLI-31250,58,Minas Gerais (MG),1,Silver
CLI-69992,21,Bahia (BA),4,Gold
CLI-25067,57,Paraná (PR),4,Gold
CLI-92939,39,São Paulo (SP),4,Gold
CLI-68571,43,Rio de Janeiro (RJ),2,Silver
CLI-37168,58,Paraná (PR),1,Silver
CLI-67472,29,Minas Gerais (MG),4,Gold
CLI-67468,64,Bahia (BA),3,Gold
CLI-38346,44,Bahia (BA),3,Gold
CLI-61347,45,Paraná (PR),4,Gold
CLI-79900,26,Rio de Janeiro (RJ),1,Silver
CLI-75013,49,Minas Gerais (MG),4,Gold
CLI-39588,39,Bahia (BA),2,Silver
CLI-32975,20,Minas Gerais (MG),3,Gold
CLI-69541,31,Paraná (PR),2,Silver
CLI-48583,33,São Paulo (SP),4,Gold
CLI-48337,27,Bahia (BA),2,Silver
CLI-57096,52,Paraná (PR),3,Gold
CLI-88434,28,Paraná (PR),3,Gold
CLI-47563,30,Paraná (PR),1,Silver
CLI-79245,35,Paraná (PR),2,Silver
CLI-30952,45,Rio de Janeiro (RJ),4,Gold
CLI-90919,24,Minas Gerais (MG),3,Gold
CLI-43676,54,Minas Gerais (MG),1,Silver
CLI-90085,37,Rio de Janeiro (RJ),4,Gold
CLI-44107,30,Bahia (BA),1,Silver
CLI-72437,63,Rio de Janeiro (RJ),2,Silver
CLI-93251,37,Paraná (PR),4,Gold
CLI-88586,53,Rio de Janeiro (RJ),4,Gold
CLI-72492,39,Bahia (BA),2,Silver
CLI-10515,53,Paraná (PR),4,Gold
CLI-21050,49,Rio de Janeiro (RJ),4,Gold
CLI-61271,22,Rio de Janeiro (RJ),1,Silver
CLI-50650,51,Rio de Janeiro (RJ),2,Silver
CLI-22869,46,Rio de Janeiro (RJ),1,Silver
CLI-43161,53,São Paulo (SP),4,Gold
CLI-91961,31,Rio de Janeiro (RJ),2,Silver
CLI-11392,54,São Paulo (SP),4,Gold
CLI-69028,22,Rio de Janeiro (RJ),1,Silver
CLI-38537,47,Rio de Janeiro (RJ),2,Silver
CLI-28479,33,Paraná (PR),4,Gold
CLI-39718,25,Rio de Janeiro (RJ),4,Gold
CLI-56282,60,Rio de Janeiro (RJ),3,Gold
CLI-53220,21,Paraná (PR),4,Gold
CLI-15826,22,Minas Gerais (MG),1,Silver
CLI-20908,42,Minas Gerais (MG),1,Silver
CLI-21268,37,Minas Gerais (MG),4,Gold
CLI-49921,51,Minas Gerais (MG),2,Silver
CLI-92096,37,Rio de Janeiro (RJ),4,Gold
CLI-78735,43,Minas Gerais (MG),2,Silver
CLI-10147,26,Rio de Janeiro (RJ),1,Silver
CLI-90637,40,Bahia (BA),3,Gold
CLI-71059,37,Bahia (BA),4,Gold
CLI-60312,56,São Paulo (SP),3,Gold
CLI-55599,31,Bahia (BA),2,Silver
CLI-73870,47,São Paulo (SP),4,Gold
CLI-60750,58,Rio de Janeiro (RJ),1,Silver
CLI-52496,42,Paraná (PR),1,Silver
CLI-16638,19,Bahia (BA),2,Silver
CLI-97015,36,Bahia (BA),3,Gold
CLI-62149,58,Minas Gerais (MG),1,Silver
CLI-37893,22,Rio de Janeiro (RJ),1,Silver
CLI-29113,63,Paraná (PR),2,Silver
CLI-26341,58,Rio de Janeiro (RJ),1,Silver
CLI-29466,52,São Paulo (SP),4,Gold
CLI-29123,34,São Paulo (SP),1,Silver
CLI-82011,51,Bahia (BA),2,Silver
CLI-99772,52,Bahia (BA),3,Gold
CLI-58028,33,São Paulo (SP),4,Gold
CLI-78934,31,Minas Gerais (MG),2,Silver
CLI-62158,36,Bahia (BA),3,Gold
CLI-97305,35,Paraná (PR),2,Silver
CLI-85983,34,Bahia (BA),1,Silver
CLI-25310,50,São Paulo (SP),4,Gold
CLI-97760,51,Rio de Janeiro (RJ),2,Silver
CLI-10964,57,Rio de Janeiro (RJ),4,Gold
CLI-55372,53,Bahia (BA),4,Gold
CLI-45733,18,Rio de Janeiro (RJ),1,Silver
CLI-64431,26,Rio de Janeiro (RJ),1,Silver
CLI-52195,45,Minas Gerais (MG),4,Gold
CLI-37799,43,São Paulo (SP),4,Gold
CLI-35686,18,Rio de Janeiro (RJ),1,Silver
CLI-38064,50,São Paulo (SP),4,Gold
CLI-86264,56,Bahia (BA),3,Gold
CLI-59321,43,Rio de Janeiro (RJ),2,Silver
CLI-30851,47,São Paulo (SP),4,Gold
CLI-28717,38,Bahia (BA),1,Silver
CLI-28424,38,Bahia (BA),1,Silver
CLI-75432,30,Minas Gerais (MG),1,Silver
CLI-79774,25,Paraná (PR),4,Gold
CLI-18423,57,Rio de Janeiro (RJ),4,Gold
CLI-41921,51,Rio de Janeiro (RJ),2,Silver
CLI-59117,35,Minas Gerais (MG),2,Silver
CLI-88502,40,São Paulo (SP),4,Gold
CLI-22405,32,Paraná (PR),3,Gold
CLI-81570,30,Paraná (PR),1,Silver
CLI-34547,22,Paraná (PR),1,Silver
CLI-26032,21,Paraná (PR),4,Gold
CLI-94805,45,Minas Gerais (MG),4,Gold
CLI-76245,45,Bahia (BA),4,Gold
CLI-14114,45,São Paulo (SP),4,Gold
CLI-18324,49,Paraná (PR),4,Gold
CLI-61273,22,São Paulo (SP),1,Silver
CLI-92901,40,Bahia (BA),3,Gold
CLI-48395,64,São Paulo (SP),3,Gold
CLI-16768,56,Bahia (BA),3,Gold
CLI-56276,30,São Paulo (SP),1,Silver
CLI-42674,35,São Paulo (SP),4,Gold
CLI-63066,23,Bahia (BA),2,Silver
CLI-34090,64,São Paulo (SP),3,Gold
CLI-60858,49,São Paulo (SP),4,Gold
CLI-25486,59,Rio de Janeiro (RJ),2,Silver
CLI-76753,50,Paraná (PR),1,Silver
CLI-73951,44,Bahia (BA),3,Gold
CLI-79049,42,Minas Gerais (MG),1,Silver
CLI-30154,55,Minas Gerais (MG),2,Silver
CLI-27124,60,São Paulo (SP),3,Gold
CLI-48529,25,Paraná (PR),4,Gold
CLI-61662,26,São Paulo (SP),1,Silver
CLI-60163,58,Bahia (BA),1,Silver
CLI-52397,50,São Paulo (SP),4,Gold
CLI-21054,63,São Paulo (SP),2,Silver
CLI-71474,37,São Paulo (SP),4,Gold
CLI-35983,57,Minas Gerais (MG),4,Gold
CLI-24188,64,Rio de Janeiro (RJ),3,Gold
CLI-82439,21,Bahia (BA),4,Gold
CLI-55840,64,Rio de Janeiro (RJ),3,Gold
CLI-53467,42,Paraná (PR),1,Silver
CLI-96834,56,Minas Gerais (MG),3,Gold
CLI-84942,34,São Paulo (SP),1,Silver
CLI-14108,37,Minas Gerais (MG),4,Gold
CLI-48066,33,Bahia (BA),4,Gold
CLI-83877,54,Paraná (PR),1,Silver
CLI-63568,53,Rio de Janeiro (RJ),4,Gold
CLI-80257,40,Bahia (BA),3,Gold
CLI-21006,48,Paraná (PR),3,Gold
CLI-80135,44,Paraná (PR),3,Gold
CLI-10240,60,Bahia (BA),3,Gold
CLI-88926,56,Bahia (BA),3,Gold
CLI-90701,31,Minas Gerais (MG),2,Silver
CLI-48744,51,Minas Gerais (MG),2,Silver
CLI-79836,36,Bahia (BA),3,Gold
CLI-72610,21,Bahia (BA),4,Gold
CLI-94481,25,Rio de Janeiro (RJ),4,Gold
CLI-51661,29,Bahia (BA),4,Gold
CLI-76406,22,São Paulo (SP),1,Silver
CLI-35353,52,Bahia (BA),3,Gold
CLI-75554,54,São Paulo (SP),4,Gold
CLI-10106,46,São Paulo (SP),4,Gold
CLI-92357,31,São Paulo (SP),2,Silver
CLI-38580,42,Minas Gerais (MG),1,Silver
CLI-56920,48,Bahia (BA),3,Gold
CLI-58541,63,Bahia (BA),2,Silver
CLI-75894,54,Minas Gerais (MG),1,Silver
CLI-43470,28,Bahia (BA),3,Gold
CLI-66539,39,Paraná (PR),2,Silver
CLI-56596,30,Rio de Janeiro (RJ),1,Silver
CLI-91605,46,São Paulo (SP),4,Gold
CLI-81133,63,Minas Gerais (MG),2,Silver
CLI-92530,57,Rio de Janeiro (RJ),4,Gold
CLI-65738,55,Bahia (BA),2,Silver
CLI-54834,29,São Paulo (SP),4,Gold
CLI-82387,63,Minas Gerais (MG),2,Silver
CLI-64278,58,Paraná (PR),1,Silver
CLI-89514,44,Bahia (BA),3,Gold
CLI-67315,25,Paraná (PR),4,Gold
CLI-28706,19,Rio de Janeiro (RJ),2,Silver
CLI-39816,54,Rio de Janeiro (RJ),1,Silver
CLI-48719,24,São Paulo (SP),3,Gold
CLI-53932,31,Paraná (PR),2,Silver
CLI-32669,46,Bahia (BA),1,Silver
CLI-81041,23,Paraná (PR),2,Silver
CLI-44213,33,São Paulo (SP),4,Gold
CLI-15310,21,Bahia (BA),4,Gold
CLI-50188,35,Minas Gerais (MG),2,Silver
CLI-93715,51,Bahia (BA),2,Silver
CLI-12996,51,São Paulo (SP),4,Gold
CLI-61891,39,Bahia (BA),2,Silver
CLI-64183,37,Rio de Janeiro (RJ),4,Gold
CLI-91997,43,Minas Gerais (MG),2,Silver
CLI-50746,31,Rio de Janeiro (RJ),2,Silver
CLI-44820,62,Rio de Janeiro (RJ),1,Silver
CLI-40425,63,Bahia (BA),2,Silver
CLI-53631,39,Paraná (PR),2,Silver
CLI-19546,64,Bahia (BA),3,Gold
CLI-31037,41,Paraná (PR),4,Gold
CLI-85262,45,São Paulo (SP),4,Gold
CLI-19254,36,Rio de Janeiro (RJ),3,Gold
CLI-44231,48,Minas Gerais (MG),3,Gold
CLI-17743,19,Rio de Janeiro (RJ),2,Silver
CLI-91049,38,Bahia (BA),1,Silver
CLI-20181,54,Paraná (PR),1,Silver
CLI-14577,40,Paraná (PR),3,Gold
CLI-98886,46,Paraná (PR),1,Silver
CLI-88398,32,Paraná (PR),3,Gold
CLI-61057,64,Rio de Janeiro (RJ),3,Gold
CLI-99298,18,Bahia (BA),1,Silver
CLI-81251,35,Rio de Janeiro (RJ),2,Silver
CLI-64667,24,Paraná (PR),3,Gold
CLI-95342,24,Minas Gerais (MG),3,Gold
CLI-86787,47,Rio de Janeiro (RJ),2,Silver
CLI-93913,59,São Paulo (SP),2,Silver
CLI-57441,55,Paraná (PR),2,Silver
CLI-86445,46,Rio de Janeiro (RJ),1,Silver
CLI-56171,62,Minas Gerais (MG),1,Silver
CLI-83748,26,São Paulo (SP),1,Silver
CLI-80596,60,Paraná (PR),3,Gold
CLI-28454,34,Rio de Janeiro (RJ),1,Silver
CLI-49243,58,São Paulo (SP),1,Silver
CLI-88038,46,Rio de Janeiro (RJ),1,Silver
CLI-15935,23,Paraná (PR),2,Silver
CLI-21045,30,Paraná (PR),1,Silver
CLI-33885,26,Minas Gerais (MG),1,Silver
CLI-88103,43,São Paulo (SP),4,Gold
CLI-99991,65,Bahia (BA),4,Gold
CLI-55735,65,Paraná (PR),4,Gold
CLI-36033,65,São Paulo (SP),4,Gold
CLI-38640,59,Paraná (PR),2,Silver
CLI-47688,53,Rio de Janeiro (RJ),4,Gold
CLI-28433,49,Paraná (PR),4,Gold
CLI-53440,43,Rio de Janeiro (RJ),2,Silver
CLI-40568,20,Minas Gerais (MG),3,Gold
CLI-24251,51,Rio de Janeiro (RJ),2,Silver
CLI-37706,28,Bahia (BA),3,Gold
CLI-96479,35,Paraná (PR),2,Silver
CLI-96262,27,São Paulo (SP),2,Silver
CLI-47446,29,São Paulo (SP),4,Gold
CLI-68739,53,Rio de Janeiro (RJ),4,Gold
CLI-87483,18,Rio de Janeiro (RJ),1,Silver
CLI-74417,64,Minas Gerais (MG),3,Gold
CLI-75208,44,São Paulo (SP),4,Gold
CLI-32519,31,Paraná (PR),2,Silver
CLI-66610,54,Rio de Janeiro (RJ),1,Silver
CLI-25829,37,Rio de Janeiro (RJ),4,Gold
CLI-81118,48,Minas Gerais (MG),3,Gold
CLI-29721,55,São Paulo (SP),4,Gold
CLI-45499,25,Minas Gerais (MG),4,Gold
CLI-17754,64,Minas Gerais (MG),3,Gold
CLI-81997,44,Paraná (PR),3,Gold
CLI-51319,65,Rio de Janeiro (RJ),4,Gold
CLI-30005,41,São Paulo (SP),4,Gold
CLI-31419,58,Paraná (PR),1,Silver
CLI-51271,18,Paraná (PR),1,Silver
CLI-32720,54,São Paulo (SP),4,Gold
CLI-61684,48,Paraná (PR),3,Gold
CLI-48677,43,Bahia (BA),2,Silver
CLI-35547,44,Paraná (PR),3,Gold
CLI-62444,58,Paraná (PR),1,Silver
CLI-17216,35,Minas Gerais (MG),2,Silver
CLI-40173,30,Minas Gerais (MG),1,Silver
CLI-81601,53,Bahia (BA),4,Gold
CLI-54248,26,São Paulo (SP),1,Silver
CLI-73664,18,São Paulo (SP),1,Silver
CLI-50727,58,São Paulo (SP),1,Silver
CLI-25198,61,Bahia (BA),4,Gold
CLI-72591,48,Paraná (PR),3,Gold
CLI-58390,57,Paraná (PR),4,Gold
CLI-29595,20,Rio de Janeiro (RJ),3,Gold
CLI-15668,34,Rio de Janeiro (RJ),1,Silver
CLI-14691,27,Rio de Janeiro (RJ),2,Silver
CLI-49814,63,Paraná (PR),2,Silver
CLI-41701,54,Rio de Janeiro (RJ),1,Silver
CLI-50422,35,Paraná (PR),2,Silver
CLI-71959,31,Paraná (PR),2,Silver
CLI-74928,25,São Paulo (SP),4,Gold
CLI-75325,21,Rio de Janeiro (RJ),4,Gold
CLI-89681,33,Rio de Janeiro (RJ),4,Gold
CLI-72733,65,Rio de Janeiro (RJ),4,Gold
CLI-45046,56,São Paulo (SP),3,Gold
CLI-20810,18,Bahia (BA),1,Silver
CLI-13306,52,Minas Gerais (MG),3,Gold
CLI-40344,18,Paraná (PR),1,Silver
CLI-19842,44,Paraná (PR),3,Gold
CLI-16445,18,Rio de Janeiro (RJ),1,Silver
CLI-84946,43,Bahia (BA),2,Silver
CLI-86992,60,Rio de Janeiro (RJ),3,Gold
CLI-93763,21,Paraná (PR),4,Gold
CLI-26115,29,Bahia (BA),4,Gold
CLI-34855,41,Rio de Janeiro (RJ),4,Gold
CLI-31892,59,Bahia (BA),2,Silver
CLI-17191,20,Rio de Janeiro (RJ),3,Gold
CLI-79913,33,São Paulo (SP),4,Gold
CLI-68893,27,São Paulo (SP),2,Silver
CLI-49464,41,Paraná (PR),4,Gold
CLI-96621,50,Rio de Janeiro (RJ),1,Silver
CLI-21456,30,Rio de Janeiro (RJ),1,Silver
CLI-96757,57,Minas Gerais (MG),4,Gold
CLI-30262,48,Bahia (BA),3,Gold
CLI-52499,40,Rio de Janeiro (RJ),3,Gold
CLI-52687,53,Rio de Janeiro (RJ),4,Gold
CLI-41545,49,São Paulo (SP),4,Gold
CLI-66319,59,São Paulo (SP),2,Silver
CLI-51167,53,Paraná (PR),4,Gold
CLI-83335,64,Bahia (BA),3,Gold
CLI-83252,22,Minas Gerais (MG),1,Silver
CLI-85176,64,Paraná (PR),3,Gold
CLI-36082,49,Bahia (BA),4,Gold
CLI-79584,64,Rio de Janeiro (RJ),3,Gold
CLI-92390,46,Bahia (BA),1,Silver
CLI-57113,20,São Paulo (SP),3,Gold
CLI-95758,37,Rio de Janeiro (RJ),4,Gold
CLI-90663,35,São Paulo (SP),4,Gold
CLI-34978,33,Minas Gerais (MG),4,Gold
CLI-18028,47,Paraná (PR),2,Silver
CLI-95266,51,São Paulo (SP),4,Gold
CLI-21411,48,Minas Gerais (MG),3,Gold
CLI-28987,43,Minas Gerais (MG),2,Silver
CLI-29931,63,Minas Gerais (MG),2,Silver
CLI-59332,63,Bahia (BA),2,Silver
CLI-16573,18,Paraná (PR),1,Silver
CLI-18180,65,São Paulo (SP),4,Gold
CLI-52711,36,Bahia (BA),3,Gold
CLI-17789,46,Bahia (BA),1,Silver
CLI-77837,57,Minas Gerais (MG),4,Gold
CLI-78954,62,Bahia (BA),1,Silver
CLI-55838,65,Minas Gerais (MG),4,Gold
CLI-86527,34,Minas Gerais (MG),1,Silver
CLI-55663,39,Paraná (PR),2,Silver
CLI-91112,64,Bahia (BA),3,Gold
CLI-84401,58,Minas Gerais (MG),1,Silver
CLI-23554,32,Rio de Janeiro (RJ),3,Gold
CLI-22290,23,Bahia (BA),2,Silver
CLI-71771,48,Paraná (PR),3,Gold
CLI-77477,65,Paraná (PR),4,Gold
CLI-66784,65,São Paulo (SP),4,Gold
CLI-13512,39,Rio de Janeiro (RJ),2,Silver
CLI-78052,46,Paraná (PR),1,Silver
CLI-96187,24,São Paulo (SP),3,Gold
CLI-65921,26,Paraná (PR),1,Silver
CLI-91898,46,Bahia (BA),1,Silver
CLI-79342,59,Rio de Janeiro (RJ),2,Silver
CLI-28291,18,Rio de Janeiro (RJ),1,Silver
CLI-25935,34,Bahia (BA),1,Silver
CLI-35174,47,São Paulo (SP),4,Gold
CLI-18707,23,Paraná (PR),2,Silver
CLI-18754,30,Bahia (BA),1,Silver
CLI-18646,49,Rio de Janeiro (RJ),4,Gold
CLI-46223,42,Minas Gerais (MG),1,Silver
CLI-58591,62,Paraná (PR),1,Silver
CLI-75045,31,São Paulo (SP),2,Silver
CLI-74143,24,Minas Gerais (MG),3,Gold
CLI-12087,46,Paraná (PR),1,Silver
CLI-16867,28,Paraná (PR),3,Gold
CLI-25264,55,São Paulo (SP),4,Gold
CLI-26054,32,Rio de Janeiro (RJ),3,Gold
CLI-51809,60,Bahia (BA),3,Gold
CLI-48759,56,Rio de Janeiro (RJ),3,Gold
CLI-28606,60,Rio de Janeiro (RJ),3,Gold
CLI-91446,51,Bahia (BA),2,Silver
CLI-95081,56,Paraná (PR),3,Gold
CLI-99438,61,Rio de Janeiro (RJ),4,Gold
CLI-41166,53,Paraná (PR),4,Gold
CLI-88470,42,Bahia (BA),1,Silver
CLI-32785,57,São Paulo (SP),4,Gold
CLI-25489,48,Rio de Janeiro (RJ),3,Gold
CLI-83756,47,Paraná (PR),2,Silver
CLI-91059,22,Paraná (PR),1,Silver
CLI-86688,50,Minas Gerais (MG),1,Silver
CLI-87873,36,Rio de Janeiro (RJ),3,Gold
CLI-43742,29,Minas Gerais (MG),4,Gold
CLI-58516,30,São Paulo (SP),1,Silver
CLI-65210,36,Bahia (BA),3,Gold
CLI-57231,54,Paraná (PR),1,Silver
CLI-85198,32,Rio de Janeiro (RJ),3,Gold
CLI-10601,52,Bahia (BA),3,Gold
CLI-86514,49,Paraná (PR),4,Gold
CLI-23742,44,Paraná (PR),3,Gold
CLI-84967,54,São Paulo (SP),4,Gold
CLI-66207,36,São Paulo (SP),4,Gold
CLI-55333,27,Rio de Janeiro (RJ),2,Silver
CLI-55110,38,Minas Gerais (MG),1,Silver
CLI-22628,60,Paraná (PR),3,Gold
CLI-97811,58,São Paulo (SP),1,Silver
CLI-54220,59,Rio de Janeiro (RJ),2,Silver
CLI-63885,46,Bahia (BA),1,Silver
CLI-34375,56,São Paulo (SP),3,Gold
CLI-56503,54,Paraná (PR),1,Silver
CLI-82563,63,São Paulo (SP),2,Silver
CLI-23226,25,Rio de Janeiro (RJ),4,Gold
CLI-90508,50,Paraná (PR),1,Silver
CLI-59709,21,Bahia (BA),4,Gold
CLI-87586,47,Bahia (BA),2,Silver
CLI-63987,46,Paraná (PR),1,Silver
CLI-59565,60,Bahia (BA),3,Gold
CLI-65840,36,Minas Gerais (MG),3,Gold
CLI-28337,54,Rio de Janeiro (RJ),1,Silver
CLI-19578,35,Minas Gerais (MG),2,Silver
CLI-96894,60,Bahia (BA),3,Gold
CLI-53912,35,Bahia (BA),2,Silver
CLI-86138,29,Paraná (PR),4,Gold
CLI-79027,58,Rio de Janeiro (RJ),1,Silver
CLI-95231,33,Paraná (PR),4,Gold
CLI-82930,29,Bahia (BA),4,Gold
CLI-51990,20,Paraná (PR),3,Gold
CLI-94501,42,Paraná (PR),1,Silver
CLI-78522,49,Bahia (BA),4,Gold
CLI-96285,22,São Paulo (SP),1,Silver
CLI-60418,27,Rio de Janeiro (RJ),2,Silver
CLI-36424,28,Paraná (PR),3,Gold
CLI-99522,38,Paraná (PR),1,Silver
CLI-12140,55,Rio de Janeiro (RJ),2,Silver
CLI-46888,52,Minas Gerais (MG),3,Gold
CLI-58566,65,Bahia (BA),4,Gold
CLI-82391,38,Paraná (PR),1,Silver
CLI-46130,29,Paraná (PR),4,Gold
CLI-43388,51,Paraná (PR),2,Silver
CLI-77392,35,Rio de Janeiro (RJ),2,Silver
CLI-14483,58,Paraná (PR),1,Silver
CLI-90222,38,Minas Gerais (MG),1,Silver
CLI-94152,63,Bahia (BA),2,Silver
CLI-19621,56,Minas Gerais (MG),3,Gold
CLI-79034,59,Bahia (BA),2,Silver
CLI-21258,39,Minas Gerais (MG),2,Silver
CLI-29341,61,Bahia (BA),4,Gold
CLI-99303,48,Rio de Janeiro (RJ),3,Gold
CLI-20180,24,Rio de Janeiro (RJ),3,Gold
CLI-84346,38,Rio de Janeiro (RJ),1,Silver
CLI-18097,49,Bahia (BA),4,Gold
CLI-81399,62,Paraná (PR),1,Silver
CLI-10307,43,Minas Gerais (MG),2,Silver
CLI-34019,40,Bahia (BA),3,Gold
CLI-33049,35,Paraná (PR),2,Silver
CLI-84569,18,Minas Gerais (MG),1,Silver
CLI-58521,29,Bahia (BA),4,Gold
CLI-71681,50,São Paulo (SP),4,Gold
CLI-87822,19,Paraná (PR),2,Silver
CLI-52406,27,Paraná (PR),2,Silver
CLI-56306,35,Rio de Janeiro (RJ),2,Silver
CLI-36906,64,São Paulo (SP),3,Gold
CLI-35659,41,Rio de Janeiro (RJ),4,Gold
CLI-19655,54,São Paulo (SP),4,Gold
CLI-41430,55,Paraná (PR),2,Silver
CLI-47786,23,São Paulo (SP),2,Silver
CLI-89482,32,Paraná (PR),3,Gold
CLI-11662,41,Rio de Janeiro (RJ),4,Gold
CLI-38927,45,Bahia (BA),4,Gold
CLI-90608,61,São Paulo (SP),4,Gold
CLI-85398,52,Paraná (PR),3,Gold
CLI-12026,34,Bahia (BA),1,Silver
CLI-74736,18,São Paulo (SP),1,Silver
CLI-44454,54,Bahia (BA),1,Silver
CLI-12679,36,São Paulo (SP),4,Gold
CLI-92625,55,Rio de Janeiro (RJ),2,Silver
CLI-99017,50,Rio de Janeiro (RJ),1,Silver
CLI-72108,61,Minas Gerais (MG),4,Gold
CLI-66163,21,Minas Gerais (MG),4,Gold
CLI-20339,40,Minas Gerais (MG),3,Gold
CLI-62820,63,Paraná (PR),2,Silver
CLI-21362,50,Bahia (BA),1,Silver
CLI-51897,28,Paraná (PR),3,Gold
CLI-30628,35,São Paulo (SP),4,Gold
CLI-90265,45,São Paulo (SP),4,Gold
CLI-18883,32,Rio de Janeiro (RJ),3,Gold
CLI-81386,45,Paraná (PR),4,Gold
CLI-99765,29,Minas Gerais (MG),4,Gold
CLI-86281,62,Minas Gerais (MG),1,Silver
CLI-16499,61,Minas Gerais (MG),4,Gold
CLI-58535,29,Bahia (BA),4,Gold
CLI-17508,54,São Paulo (SP),4,Gold
CLI-22771,39,Paraná (PR),2,Silver
CLI-50999,56,Bahia (BA),3,Gold
CLI-68900,47,Bahia (BA),2,Silver
CLI-86011,50,São Paulo (SP),4,Gold
CLI-27891,52,Bahia (BA),3,Gold
CLI-84040,64,Bahia (BA),3,Gold
CLI-22187,37,Minas Gerais (MG),4,Gold
CLI-78108,22,São Paulo (SP),1,Silver
CLI-16211,37,Bahia (BA),4,Gold
CLI-46912,59,Paraná (PR),2,Silver
CLI-12131,41,São Paulo (SP),4,Gold
CLI-13069,49,Rio de Janeiro (RJ),4,Gold
CLI-20289,61,Rio de Janeiro (RJ),4,Gold
CLI-84579,57,Paraná (PR),4,Gold
CLI-61409,42,Rio de Janeiro (RJ),1,Silver
CLI-59214,46,São Paulo (SP),4,Gold
CLI-22999,47,Rio de Janeiro (RJ),2,Silver
CLI-20400,53,Minas Gerais (MG),4,Gold
CLI-48196,54,Paraná (PR),1,Silver
CLI-84529,34,Bahia (BA),1,Silver
CLI-47743,33,Paraná (PR),4,Gold
CLI-18134,25,Paraná (PR),4,Gold
CLI-41970,53,Paraná (PR),4,Gold
CLI-62111,33,Bahia (BA),4,Gold
CLI-61464,35,São Paulo (SP),4,Gold
CLI-89234,18,Rio de Janeiro (RJ),1,Silver
CLI-72767,45,Paraná (PR),4,Gold
CLI-19333,44,Minas Gerais (MG),3,Gold
CLI-34456,30,Minas Gerais (MG),1,Silver
CLI-99527,53,São Paulo (SP),4,Gold
CLI-92509,33,Bahia (BA),4,Gold
CLI-25775,50,Minas Gerais (MG),1,Silver
CLI-17683,65,Minas Gerais (MG),4,Gold
CLI-26129,22,São Paulo (SP),1,Silver
CLI-14906,63,Bahia (BA),2,Silver
CLI-50160,64,Paraná (PR),3,Gold
CLI-25176,31,Bahia (BA),2,Silver
CLI-73784,52,Bahia (BA),3,Gold
CLI-50491,54,São Paulo (SP),4,Gold
CLI-35069,37,Paraná (PR),4,Gold
CLI-23341,43,Bahia (BA),2,Silver
CLI-76111,19,Rio de Janeiro (RJ),2,Silver
CLI-85414,54,Rio de Janeiro (RJ),1,Silver
CLI-75434,26,Bahia (BA),1,Silver
CLI-11520,21,Bahia (BA),4,Gold
CLI-58249,43,Rio de Janeiro (RJ),2,Silver
CLI-65237,37,São Paulo (SP),4,Gold
CLI-36703,51,São Paulo (SP),4,Gold
CLI-90533,43,Bahia (BA),2,Silver
CLI-36335,34,Bahia (BA),1,Silver
CLI-81759,58,Rio de Janeiro (RJ),1,Silver
CLI-76037,35,Paraná (PR),2,Silver
CLI-78995,32,São Paulo (SP),3,Gold
CLI-31186,21,Minas Gerais (MG),4,Gold
CLI-93124,62,Rio de Janeiro (RJ),1,Silver
CLI-77228,25,Rio de Janeiro (RJ),4,Gold
CLI-10135,38,Rio de Janeiro (RJ),1,Silver
CLI-45801,63,Paraná (PR),2,Silver
CLI-70835,38,Bahia (BA),1,Silver
CLI-25618,22,Minas Gerais (MG),1,Silver
CLI-67128,65,Minas Gerais (MG),4,Gold
CLI-71696,58,Minas Gerais (MG),1,Silver
CLI-43788,39,São Paulo (SP),4,Gold
CLI-15169,57,Bahia (BA),4,Gold
CLI-27512,33,São Paulo (SP),4,Gold
CLI-39213,32,Minas Gerais (MG),3,Gold
CLI-10326,24,São Paulo (SP),3,Gold
CLI-79671,40,Paraná (PR),3,Gold
CLI-38801,45,Paraná (PR),4,Gold
CLI-92481,29,Bahia (BA),4,Gold
CLI-94895,32,São Paulo (SP),3,Gold
CLI-65763,19,Rio de Janeiro (RJ),2,Silver
CLI-86762,44,São Paulo (SP),4,Gold
CLI-44135,31,Minas Gerais (MG),2,Silver
CLI-33653,49,Minas Gerais (MG),4,Gold
CLI-99218,36,Paraná (PR),3,Gold
CLI-95963,50,Bahia (BA),1,Silver
CLI-61945,22,Minas Gerais (MG),1,Silver
CLI-76593,33,Minas Gerais (MG),4,Gold
CLI-98028,52,Rio de Janeiro (RJ),3,Gold
CLI-99997,43,Rio de Janeiro (RJ),2,Silver
CLI-84581,24,Minas Gerais (MG),3,Gold
CLI-36002,58,São Paulo (SP),1,Silver
CLI-77585,65,Bahia (BA),4,Gold
CLI-88372,44,Rio de Janeiro (RJ),3,Gold
CLI-33558,64,São Paulo (SP),3,Gold
CLI-22516,23,Rio de Janeiro (RJ),2,Silver
CLI-94444,37,Minas Gerais (MG),4,Gold
CLI-34135,41,Minas Gerais (MG),4,Gold
CLI-50637,20,Minas Gerais (MG),3,Gold
CLI-63587,63,Rio de Janeiro (RJ),2,Silver
CLI-21564,20,Rio de Janeiro (RJ),3,Gold
CLI-98432,60,Rio de Janeiro (RJ),3,Gold
CLI-15298,26,Rio de Janeiro (RJ),1,Silver
CLI-96374,58,Bahia (BA),1,Silver
CLI-20783,64,Rio de Janeiro (RJ),3,Gold
CLI-46509,23,Minas Gerais (MG),2,Silver
CLI-71864,23,Rio de Janeiro (RJ),2,Silver
CLI-32705,38,Rio de Janeiro (RJ),1,Silver
CLI-14140,41,Rio de Janeiro (RJ),4,Gold
CLI-18112,60,Rio de Janeiro (RJ),3,Gold
CLI-21518,43,São Paulo (SP),4,Gold
CLI-69958,60,Rio de Janeiro (RJ),3,Gold
CLI-18515,55,São Paulo (SP),4,Gold
CLI-54651,63,Bahia (BA),2,Silver
CLI-79316,39,Rio de Janeiro (RJ),2,Silver
CLI-85357,28,Minas Gerais (MG),3,Gold
CLI-95863,37,Paraná (PR),4,Gold
CLI-66998,31,Minas Gerais (MG),2,Silver
CLI-15802,33,Rio de Janeiro (RJ),4,Gold
CLI-28485,29,Minas Gerais (MG),4,Gold
CLI-19118,23,Rio de Janeiro (RJ),2,Silver
CLI-68199,32,São Paulo (SP),3,Gold
CLI-21767,65,Paraná (PR),4,Gold
CLI-15434,50,Paraná (PR),1,Silver
CLI-89554,42,Rio de Janeiro (RJ),1,Silver
CLI-93856,62,Minas Gerais (MG),1,Silver
CLI-56080,24,São Paulo (SP),3,Gold
CLI-87660,34,São Paulo (SP),1,Silver
CLI-60211,18,Paraná (PR),1,Silver
CLI-35621,56,Rio de Janeiro (RJ),3,Gold
CLI-18623,41,São Paulo (SP),4,Gold
CLI-47756,35,Minas Gerais (MG),2,Silver
CLI-85375,37,Rio de Janeiro (RJ),4,Gold
CLI-82184,48,Bahia (BA),3,Gold
CLI-50168,42,Rio de Janeiro (RJ),1,Silver
CLI-87932,27,Minas Gerais (MG),2,Silver
CLI-22004,24,São Paulo (SP),3,Gold
CLI-10823,51,Minas Gerais (MG),2,Silver
CLI-25134,52,Rio de Janeiro (RJ),3,Gold
CLI-62060,41,Rio de Janeiro (RJ),4,Gold
CLI-25619,57,Bahia (BA),4,Gold
CLI-66919,41,Rio de Janeiro (RJ),4,Gold
CLI-51195,41,São Paulo (SP),4,Gold
CLI-24855,37,Minas Gerais (MG),4,Gold
CLI-63418,28,São Paulo (SP),3,Gold
CLI-57469,49,Paraná (PR),4,Gold
CLI-27347,46,Rio de Janeiro (RJ),1,Silver
CLI-56162,48,São Paulo (SP),4,Gold
CLI-93528,31,São Paulo (SP),2,Silver
CLI-24689,42,Minas Gerais (MG),1,Silver
CLI-61097,34,Rio de Janeiro (RJ),1,Silver
CLI-58262,52,Paraná (PR),3,Gold
CLI-53954,59,Minas Gerais (MG),2,Silver
CLI-69814,39,Rio de Janeiro (RJ),2,Silver
CLI-39476,65,Minas Gerais (MG),4,Gold
CLI-61185,50,Paraná (PR),1,Silver
CLI-61345,38,Bahia (BA),1,Silver
CLI-50940,22,Rio de Janeiro (RJ),1,Silver
CLI-68728,55,São Paulo (SP),4,Gold
CLI-40826,49,Rio de Janeiro (RJ),4,Gold
CLI-76368,43,Paraná (PR),2,Silver
CLI-63623,28,Paraná (PR),3,Gold
CLI-53409,34,Rio de Janeiro (RJ),1,Silver
CLI-79014,35,Paraná (PR),2,Silver
CLI-99580,48,Bahia (BA),3,Gold
CLI-90673,20,Paraná (PR),3,Gold
CLI-71031,29,Paraná (PR),4,Gold
CLI-39148,43,Rio de Janeiro (RJ),2,Silver
CLI-72956,41,Bahia (BA),4,Gold
CLI-97208,22,Minas Gerais (MG),1,Silver
CLI-29339,27,São Paulo (SP),2,Silver
CLI-44280,29,Paraná (PR),4,Gold
CLI-39375,37,Bahia (BA),4,Gold
CLI-17970,31,Minas Gerais (MG),2,Silver
CLI-43523,57,Bahia (BA),4,Gold
CLI-62755,19,São Paulo (SP),2,Silver
CLI-83416,52,Bahia (BA),3,Gold
CLI-17329,30,Paraná (PR),1,Silver
CLI-89377,37,Rio de Janeiro (RJ),4,Gold
CLI-72853,51,Minas Gerais (MG),2,Silver
CLI-21094,48,Bahia (BA),3,Gold
CLI-37969,42,Paraná (PR),1,Silver
CLI-54754,57,Rio de Janeiro (RJ),4,Gold
CLI-42686,33,São Paulo (SP),4,Gold
CLI-82195,22,Rio de Janeiro (RJ),1,Silver
CLI-58308,41,São Paulo (SP),4,Gold
CLI-90687,43,São Paulo (SP),4,Gold
CLI-19343,56,Paraná (PR),3,Gold
CLI-90260,35,São Paulo (SP),4,Gold
CLI-68072,42,Rio de Janeiro (RJ),1,Silver
CLI-62819,28,São Paulo (SP),3,Gold
CLI-93422,39,Minas Gerais (MG),2,Silver
CLI-57845,36,São Paulo (SP),4,Gold
CLI-85861,55,Paraná (PR),2,Silver
CLI-91356,44,Rio de Janeiro (RJ),3,Gold
CLI-92430,54,Paraná (PR),1,Silver
CLI-18078,32,São Paulo (SP),3,Gold
CLI-46717,27,Minas Gerais (MG),2,Silver
CLI-88140,43,São Paulo (SP),4,Gold
CLI-86596,65,Rio de Janeiro (RJ),4,Gold
CLI-86545,54,Paraná (PR),1,Silver
CLI-99382,54,Minas Gerais (MG),1,Silver
CLI-23852,31,Paraná (PR),2,Silver
CLI-24067,51,Paraná (PR),2,Silver
CLI-67390,65,Paraná (PR),4,Gold
CLI-86937,34,Bahia (BA),1,Silver
CLI-62776,59,São Paulo (SP),2,Silver
CLI-27548,65,Bahia (BA),4,Gold
CLI-79081,28,São Paulo (SP),3,Gold
CLI-24915,29,Rio de Janeiro (RJ),4,Gold
CLI-92071,61,Bahia (BA),4,Gold
CLI-54666,52,São Paulo (SP),4,Gold
CLI-46497,49,Paraná (PR),4,Gold
CLI-18322,20,Bahia (BA),3,Gold
CLI-34876,43,Paraná (PR),2,Silver
CLI-99606,42,Bahia (BA),1,Silver
CLI-44734,36,Bahia (BA),3,Gold
CLI-13556,50,São Paulo (SP),4,Gold
CLI-14106,27,São Paulo (SP),2,Silver
CLI-20285,34,Paraná (PR),1,Silver
CLI-64424,34,Bahia (BA),1,Silver
CLI-96263,25,Rio de Janeiro (RJ),4,Gold
CLI-44884,42,Rio de Janeiro (RJ),1,Silver
CLI-48930,59,Paraná (PR),2,Silver
CLI-93101,42,Bahia (BA),1,Silver
CLI-45789,64,Bahia (BA),3,Gold
CLI-10756,28,Paraná (PR),3,Gold
CLI-85368,52,São Paulo (SP),4,Gold
CLI-80862,58,São Paulo (SP),1,Silver
CLI-40140,47,Minas Gerais (MG),2,Silver
CLI-97646,24,Minas Gerais (MG),3,Gold
CLI-89235,43,Minas Gerais (MG),2,Silver
CLI-76403,58,Bahia (BA),1,Silver
CLI-36976,30,Minas Gerais (MG),1,Silver
CLI-17810,36,Bahia (BA),3,Gold
CLI-22041,23,Bahia (BA),2,Silver
CLI-49342,38,São Paulo (SP),4,Gold
CLI-52080,30,Minas Gerais (MG),1,Silver
CLI-48392,40,Paraná (PR),3,Gold
CLI-99444,42,Rio de Janeiro (RJ),1,Silver
CLI-26884,29,Minas Gerais (MG),4,Gold
CLI-71602,58,Bahia (BA),1,Silver
CLI-35636,47,Paraná (PR),2,Silver
CLI-71553,32,Rio de Janeiro (RJ),3,Gold
CLI-69431,59,Minas Gerais (MG),2,Silver
CLI-80757,28,Minas Gerais (MG),3,Gold
CLI-39094,23,São Paulo (SP),2,Silver
CLI-15032,50,Bahia (BA),1,Silver
CLI-97200,64,Rio de Janeiro (RJ),3,Gold
CLI-66387,62,Paraná (PR),1,Silver
CLI-75132,52,Rio de Janeiro (RJ),3,Gold
CLI-66787,52,Paraná (PR),3,Gold
CLI-25356,58,Minas Gerais (MG),1,Silver
CLI-25554,20,Rio de Janeiro (RJ),3,Gold
CLI-80903,37,São Paulo (SP),4,Gold
CLI-15460,55,Paraná (PR),2,Silver
CLI-58114,63,Paraná (PR),2,Silver
CLI-85847,18,Bahia (BA),1,Silver
CLI-41356,23,Paraná (PR),2,Silver
CLI-99704,33,Bahia (BA),4,Gold
CLI-99147,36,São Paulo (SP),4,Gold
CLI-93993,42,São Paulo (SP),4,Gold
CLI-18907,21,Rio de Janeiro (RJ),4,Gold
CLI-51117,34,São Paulo (SP),1,Silver
CLI-67968,56,São Paulo (SP),3,Gold
CLI-88736,41,São Paulo (SP),4,Gold
CLI-75778,61,Paraná (PR),4,Gold
CLI-16362,56,Paraná (PR),3,Gold
CLI-34299,33,São Paulo (SP),4,Gold
CLI-72640,29,São Paulo (SP),4,Gold
CLI-34598,51,Minas Gerais (MG),2,Silver
CLI-54189,39,Bahia (BA),2,Silver
CLI-29945,41,Minas Gerais (MG),4,Gold
CLI-45060,34,Paraná (PR),1,Silver
CLI-19464,55,Minas Gerais (MG),2,Silver
CLI-38118,45,Bahia (BA),4,Gold
CLI-27106,31,Paraná (PR),2,Silver
CLI-44995,22,Paraná (PR),1,Silver
CLI-73950,28,Bahia (BA),3,Gold
CLI-42525,28,Bahia (BA),3,Gold
CLI-75423,58,São Paulo (SP),1,Silver
CLI-45037,29,Minas Gerais (MG),4,Gold
CLI-89363,33,Paraná (PR),4,Gold
CLI-90406,65,Rio de Janeiro (RJ),4,Gold
CLI-91513,61,Rio de Janeiro (RJ),4,Gold
CLI-64984,61,Paraná (PR),4,Gold
CLI-35894,53,Minas Gerais (MG),4,Gold
CLI-95983,20,Paraná (PR),3,Gold
CLI-67865,61,Minas Gerais (MG),4,Gold
CLI-22366,59,Rio de Janeiro (RJ),2,Silver
CLI-77656,63,Bahia (BA),2,Silver
CLI-31029,52,Paraná (PR),3,Gold
CLI-40118,40,Rio de Janeiro (RJ),3,Gold
CLI-98245,19,São Paulo (SP),2,Silver
CLI-64909,32,Rio de Janeiro (RJ),3,Gold
CLI-55771,60,Bahia (BA),3,Gold
CLI-89408,60,Minas Gerais (MG),3,Gold
CLI-71852,27,Rio de Janeiro (RJ),2,Silver
CLI-82607,19,São Paulo (SP),2,Silver
CLI-40558,65,São Paulo (SP),4,Gold
CLI-45013,37,São Paulo (SP),4,Gold
CLI-23115,58,São Paulo (SP),1,Silver
CLI-62498,52,Paraná (PR),3,Gold
CLI-32154,45,Bahia (BA),4,Gold
CLI-93174,32,Rio de Janeiro (RJ),3,Gold
CLI-13080,59,Rio de Janeiro (RJ),2,Silver
CLI-69090,46,Paraná (PR),1,Silver
CLI-37430,42,Bahia (BA),1,Silver
CLI-47615,29,Rio de Janeiro (RJ),4,Gold
CLI-19627,55,Bahia (BA),2,Silver
CLI-68392,56,Minas Gerais (MG),3,Gold
CLI-97815,62,Bahia (BA),1,Silver
CLI-73141,36,Rio de Janeiro (RJ),3,Gold
CLI-36387,26,Minas Gerais (MG),1,Silver
CLI-37231,65,Paraná (PR),4,Gold
CLI-39633,30,São Paulo (SP),1,Silver
CLI-60395,25,Bahia (BA),4,Gold
CLI-75502,26,Bahia (BA),1,Silver
CLI-12743,48,Minas Gerais (MG),3,Gold
CLI-89671,32,São Paulo (SP),3,Gold
CLI-66859,59,Bahia (BA),2,Silver
CLI-57121,52,Minas Gerais (MG),3,Gold
CLI-69430,52,Bahia (BA),3,Gold
CLI-21970,33,Bahia (BA),4,Gold
CLI-53566,63,Bahia (BA),2,Silver
CLI-58296,33,Paraná (PR),4,Gold
CLI-71648,58,Minas Gerais (MG),1,Silver
CLI-16677,20,Minas Gerais (MG),3,Gold
CLI-19076,23,Rio de Janeiro (RJ),2,Silver
CLI-20328,46,Bahia (BA),1,Silver
CLI-65005,21,São Paulo (SP),4,Gold
CLI-37503,42,Rio de Janeiro (RJ),1,Silver
CLI-14828,52,São Paulo (SP),4,Gold
CLI-89523,20,Paraná (PR),3,Gold
CLI-55357,28,Paraná (PR),3,Gold
CLI-36873,58,Bahia (BA),1,Silver
CLI-28089,20,São Paulo (SP),3,Gold
CLI-40884,57,Paraná (PR),4,Gold
CLI-61222,22,Paraná (PR),1,Silver
CLI-23666,47,São Paulo (SP),4,Gold
CLI-65293,50,Bahia (BA),1,Silver
CLI-64714,54,Rio de Janeiro (RJ),1,Silver
CLI-52559,24,Bahia (BA),3,Gold
CLI-40587,37,São Paulo (SP),4,Gold
CLI-88340,42,São Paulo (SP),4,Gold
CLI-16895,62,Paraná (PR),1,Silver
CLI-52636,57,Paraná (PR),4,Gold
CLI-62528,60,Paraná (PR),3,Gold
CLI-70683,33,São Paulo (SP),4,Gold
CLI-37584,30,Paraná (PR),1,Silver
CLI-87032,31,Rio de Janeiro (RJ),2,Silver
CLI-34743,62,Paraná (PR),1,Silver
CLI-20369,43,Minas Gerais (MG),2,Silver
CLI-98118,20,Rio de Janeiro (RJ),3,Gold
CLI-49309,59,Minas Gerais (MG),2,Silver
CLI-53604,64,Bahia (BA),3,Gold
CLI-54994,57,Paraná (PR),4,Gold
CLI-96361,58,Bahia (BA),1,Silver
CLI-47740,43,Rio de Janeiro (RJ),2,Silver
CLI-81464,41,Bahia (BA),4,Gold
CLI-42348,32,Bahia (BA),3,Gold
CLI-35027,21,Rio de Janeiro (RJ),4,Gold
CLI-19858,20,Rio de Janeiro (RJ),3,Gold
CLI-33621,58,Rio de Janeiro (RJ),1,Silver
CLI-53224,32,Minas Gerais (MG),3,Gold
CLI-73473,18,Minas Gerais (MG),1,Silver
CLI-89322,63,Paraná (PR),2,Silver
CLI-85037,29,Minas Gerais (MG),4,Gold
CLI-95038,19,Bahia (BA),2,Silver
CLI-41264,50,Paraná (PR),1,Silver
CLI-67461,21,São Paulo (SP),4,Gold
CLI-33055,51,Rio de Janeiro (RJ),2,Silver
CLI-39592,38,Rio de Janeiro (RJ),1,Silver
CLI-80189,34,Bahia (BA),1,Silver
CLI-86816,64,Minas Gerais (MG),3,Gold
CLI-86184,65,Paraná (PR),4,Gold
CLI-98265,47,Bahia (BA),2,Silver
CLI-22225,63,Minas Gerais (MG),2,Silver
CLI-67153,39,Paraná (PR),2,Silver
CLI-50417,25,Minas Gerais (MG),4,Gold
CLI-80036,45,São Paulo (SP),4,Gold
CLI-82177,38,Bahia (BA),1,Silver
CLI-62576,38,Bahia (BA),1,Silver
CLI-51043,55,Paraná (PR),2,Silver
CLI-65827,41,São Paulo (SP),4,Gold
CLI-85269,38,Bahia (BA),1,Silver
CLI-24881,38,Paraná (PR),1,Silver
CLI-65318,61,Bahia (BA),4,Gold
CLI-71832,48,São Paulo (SP),4,Gold
CLI-76097,18,Paraná (PR),1,Silver
CLI-88505,27,Paraná (PR),2,Silver
CLI-22316,56,São Paulo (SP),3,Gold
CLI-57413,22,São Paulo (SP),1,Silver
CLI-75363,60,Paraná (PR),3,Gold
CLI-24372,31,Minas Gerais (MG),2,Silver
CLI-43346,24,Rio de Janeiro (RJ),3,Gold
CLI-58341,51,Rio de Janeiro (RJ),2,Silver
CLI-87237,49,Bahia (BA),4,Gold
CLI-36867,38,São Paulo (SP),4,Gold
CLI-51219,33,Bahia (BA),4,Gold
CLI-71575,48,São Paulo (SP),4,Gold
CLI-15556,46,Rio de Janeiro (RJ),1,Silver
CLI-93304,23,Rio de Janeiro (RJ),2,Silver
CLI-58991,65,Paraná (PR),4,Gold
CLI-12227,46,Bahia (BA),1,Silver
CLI-80905,20,São Paulo (SP),3,Gold
CLI-20819,27,Minas Gerais (MG),2,Silver
CLI-19391,59,Paraná (PR),2,Silver
CLI-16071,43,São Paulo (SP),4,Gold
CLI-85427,45,Minas Gerais (MG),4,Gold
CLI-17829,46,Paraná (PR),1,Silver
CLI-51745,23,São Paulo (SP),2,Silver
CLI-75579,26,Rio de Janeiro (RJ),1,Silver
CLI-24660,37,Paraná (PR),4,Gold
CLI-51478,59,Minas Gerais (MG),2,Silver
CLI-59413,44,Minas Gerais (MG),3,Gold
CLI-36898,57,Minas Gerais (MG),4,Gold
CLI-85790,42,Paraná (PR),1,Silver
CLI-78564,41,Rio de Janeiro (RJ),4,Gold
CLI-71534,24,Paraná (PR),3,Gold
CLI-28502,57,São Paulo (SP),4,Gold
CLI-34234,22,Rio de Janeiro (RJ),1,Silver
CLI-73388,18,Rio de Janeiro (RJ),1,Silver
CLI-37200,57,Minas Gerais (MG),4,Gold
CLI-16041,25,Paraná (PR),4,Gold
CLI-96840,46,Rio de Janeiro (RJ),1,Silver
CLI-32585,51,Minas Gerais (MG),2,Silver
CLI-95216,48,Rio de Janeiro (RJ),3,Gold
CLI-42479,32,Bahia (BA),3,Gold
CLI-49509,59,Paraná (PR),2,Silver
CLI-22408,23,São Paulo (SP),2,Silver
CLI-59723,28,Rio de Janeiro (RJ),3,Gold
CLI-58869,57,Paraná (PR),4,Gold
CLI-18636,56,Rio de Janeiro (RJ),3,Gold
CLI-69450,56,São Paulo (SP),3,Gold
CLI-41127,23,Minas Gerais (MG),2,Silver
CLI-17295,57,Rio de Janeiro (RJ),4,Gold
CLI-38657,29,Rio de Janeiro (RJ),4,Gold
CLI-38136,30,Bahia (BA),1,Silver
CLI-20950,51,São Paulo (SP),4,Gold
CLI-50423,30,Paraná (PR),1,Silver
CLI-88893,53,Paraná (PR),4,Gold
CLI-92419,61,Paraná (PR),4,Gold
CLI-74923,41,Bahia (BA),4,Gold
CLI-89233,52,São Paulo (SP),4,Gold
CLI-50061,36,Paraná (PR),3,Gold
CLI-80362,59,Bahia (BA),2,Silver
CLI-17152,55,São Paulo (SP),4,Gold
CLI-81415,30,Paraná (PR),1,Silver
CLI-70651,19,São Paulo (SP),2,Silver
CLI-60325,30,Rio de Janeiro (RJ),1,Silver
CLI-87625,36,Paraná (PR),3,Gold
CLI-99401,55,São Paulo (SP),4,Gold
CLI-78832,38,Bahia (BA),1,Silver
CLI-88863,55,São Paulo (SP),4,Gold
CLI-62497,49,Bahia (BA),4,Gold
CLI-59518,30,Rio de Janeiro (RJ),1,Silver
CLI-72813,35,Paraná (PR),2,Silver
CLI-66727,40,Paraná (PR),3,Gold
CLI-67324,57,Minas Gerais (MG),4,Gold
CLI-29550,19,Rio de Janeiro (RJ),2,Silver
CLI-58736,23,Minas Gerais (MG),2,Silver
CLI-59178,24,Rio de Janeiro (RJ),3,Gold
CLI-26772,60,São Paulo (SP),3,Gold
CLI-78619,52,Rio de Janeiro (RJ),3,Gold
CLI-84366,35,Rio de Janeiro (RJ),2,Silver
CLI-54246,57,São Paulo (SP),4,Gold
CLI-87919,48,São Paulo (SP),4,Gold
CLI-27253,41,São Paulo (SP),4,Gold
CLI-15197,58,Rio de Janeiro (RJ),1,Silver
CLI-85651,56,Rio de Janeiro (RJ),3,Gold
CLI-89901,39,Bahia (BA),2,Silver
CLI-78930,51,Rio de Janeiro (RJ),2,Silver
CLI-40769,47,Rio de Janeiro (RJ),2,Silver
CLI-10483,35,Bahia (BA),2,Silver
CLI-58844,36,Rio de Janeiro (RJ),3,Gold
CLI-34522,65,Paraná (PR),4,Gold
CLI-17038,55,Bahia (BA),2,Silver
CLI-79432,34,São Paulo (SP),1,Silver
CLI-75656,56,São Paulo (SP),3,Gold
CLI-99122,62,Paraná (PR),1,Silver
CLI-59641,35,Minas Gerais (MG),2,Silver
CLI-61442,37,Rio de Janeiro (RJ),4,Gold
CLI-11530,21,Paraná (PR),4,Gold
CLI-13302,37,Rio de Janeiro (RJ),4,Gold
CLI-87569,27,Rio de Janeiro (RJ),2,Silver
CLI-46825,35,Bahia (BA),2,Silver
CLI-64605,32,Paraná (PR),3,Gold
CLI-21611,51,Rio de Janeiro (RJ),2,Silver
CLI-58494,18,Bahia (BA),1,Silver
CLI-95655,34,Bahia (BA),1,Silver
CLI-95308,48,Minas Gerais (MG),3,Gold
CLI-36338,21,São Paulo (SP),4,Gold
CLI-52807,48,Rio de Janeiro (RJ),3,Gold
CLI-56346,62,São Paulo (SP),1,Silver
CLI-26658,61,Rio de Janeiro (RJ),4,Gold
CLI-76890,65,Bahia (BA),4,Gold
CLI-71886,54,Paraná (PR),1,Silver
CLI-31416,59,Rio de Janeiro (RJ),2,Silver
CLI-47425,31,Paraná (PR),2,Silver
CLI-21034,39,São Paulo (SP),4,Gold
CLI-59666,32,Minas Gerais (MG),3,Gold
CLI-13646,63,Bahia (BA),2,Silver
CLI-29048,28,São Paulo (SP),3,Gold
CLI-98863,40,Minas Gerais (MG),3,Gold
CLI-62183,65,São Paulo (SP),4,Gold
CLI-39027,24,Bahia (BA),3,Gold
CLI-25094,64,Bahia (BA),3,Gold
CLI-98757,43,Minas Gerais (MG),2,Silver
CLI-40990,38,Paraná (PR),1,Silver
CLI-47528,23,Paraná (PR),2,Silver
CLI-15518,22,Bahia (BA),1,Silver
CLI-84457,40,Minas Gerais (MG),3,Gold
CLI-34288,18,Minas Gerais (MG),1,Silver
CLI-32404,56,Minas Gerais (MG),3,Gold
CLI-10513,32,Minas Gerais (MG),3,Gold
CLI-75882,20,Paraná (PR),3,Gold
CLI-77811,38,São Paulo (SP),4,Gold
CLI-42485,60,Minas Gerais (MG),3,Gold
CLI-97438,56,Minas Gerais (MG),3,Gold
CLI-59392,53,São Paulo (SP),4,Gold
CLI-22413,40,São Paulo (SP),4,Gold
CLI-53489,51,São Paulo (SP),4,Gold
CLI-78630,21,Minas Gerais (MG),4,Gold
CLI-30738,21,Rio de Janeiro (RJ),4,Gold
CLI-97715,52,São Paulo (SP),4,Gold
CLI-80575,41,São Paulo (SP),4,Gold
CLI-48749,36,Bahia (BA),3,Gold
CLI-39582,62,Rio de Janeiro (RJ),1,Silver
CLI-21576,39,Bahia (BA),2,Silver
CLI-91842,43,Rio de Janeiro (RJ),2,Silver
CLI-93614,51,Bahia (BA),2,Silver
CLI-22431,28,Rio de Janeiro (RJ),3,Gold
CLI-84687,59,Paraná (PR),2,Silver
CLI-59317,20,Bahia (BA),3,Gold
CLI-59880,32,Minas Gerais (MG),3,Gold
CLI-71536,36,São Paulo (SP),4,Gold
CLI-93339,25,Bahia (BA),4,Gold
CLI-62681,59,São Paulo (SP),2,Silver
CLI-63680,26,Minas Gerais (MG),1,Silver
CLI-96076,64,Rio de Janeiro (RJ),3,Gold
CLI-16002,49,Bahia (BA),4,Gold
CLI-94342,29,Bahia (BA),4,Gold
CLI-46215,49,São Paulo (SP),4,Gold
CLI-71299,19,Paraná (PR),2,Silver
CLI-88249,33,Bahia (BA),4,Gold
CLI-70409,62,Minas Gerais (MG),1,Silver
CLI-32136,62,Minas Gerais (MG),1,Silver
CLI-70333,30,Paraná (PR),1,Silver
CLI-74287,18,Rio de Janeiro (RJ),1,Silver
CLI-95090,27,Minas Gerais (MG),2,Silver
CLI-46955,48,Paraná (PR),3,Gold
CLI-31650,46,Minas Gerais (MG),1,Silver
CLI-13053,64,São Paulo (SP),3,Gold
CLI-46252,32,Minas Gerais (MG),3,Gold
CLI-59143,21,Rio de Janeiro (RJ),4,Gold
CLI-52511,61,Bahia (BA),4,Gold
CLI-96914,40,São Paulo (SP),4,Gold
CLI-36956,51,São Paulo (SP),4,Gold
CLI-91633,18,São Paulo (SP),1,Silver
CLI-40503,21,Paraná (PR),4,Gold
CLI-84586,28,Rio de Janeiro (RJ),3,Gold
CLI-97923,64,Bahia (BA),3,Gold
CLI-82963,46,São Paulo (SP),4,Gold
CLI-59379,33,Paraná (PR),4,Gold
CLI-44491,60,Paraná (PR),3,Gold
CLI-70714,50,Bahia (BA),1,Silver
CLI-69505,50,Rio de Janeiro (RJ),1,Silver
CLI-69403,24,Rio de Janeiro (RJ),3,Gold
CLI-14498,21,Minas Gerais (MG),4,Gold
CLI-73052,33,Paraná (PR),4,Gold
CLI-23119,29,Rio de Janeiro (RJ),4,Gold
CLI-15328,25,Paraná (PR),4,Gold
CLI-81811,54,Paraná (PR),1,Silver
CLI-77114,32,Paraná (PR),3,Gold
CLI-37751,21,Minas Gerais (MG),4,Gold
CLI-20616,63,Paraná (PR),2,Silver
CLI-99284,40,Paraná (PR),3,Gold
CLI-28041,47,Rio de Janeiro (RJ),2,Silver
CLI-58368,27,Rio de Janeiro (RJ),2,Silver
CLI-73013,44,Minas Gerais (MG),3,Gold
CLI-63193,22,São Paulo (SP),1,Silver
CLI-36685,61,São Paulo (SP),4,Gold
CLI-77042,18,São Paulo (SP),1,Silver
CLI-14740,42,Bahia (BA),1,Silver
CLI-94668,43,Paraná (PR),2,Silver
CLI-95026,49,Minas Gerais (MG),4,Gold
CLI-71993,39,Minas Gerais (MG),2,Silver
CLI-78525,29,Bahia (BA),4,Gold
CLI-27017,61,Bahia (BA),4,Gold
CLI-41644,65,Rio de Janeiro (RJ),4,Gold
CLI-96400,18,Paraná (PR),1,Silver
CLI-55651,28,São Paulo (SP),3,Gold
CLI-44048,30,Minas Gerais (MG),1,Silver
CLI-91130,25,Rio de Janeiro (RJ),4,Gold
CLI-13364,21,Bahia (BA),4,Gold
CLI-68263,50,São Paulo (SP),4,Gold
CLI-20555,27,Minas Gerais (MG),2,Silver
CLI-69242,24,Minas Gerais (MG),3,Gold
CLI-63288,29,Rio de Janeiro (RJ),4,Gold
CLI-64086,20,Paraná (PR),3,Gold
CLI-96727,23,Bahia (BA),2,Silver
CLI-97506,45,Paraná (PR),4,Gold
CLI-42991,39,Paraná (PR),2,Silver
CLI-89178,51,Paraná (PR),2,Silver
CLI-99453,65,Paraná (PR),4,Gold
CLI-62830,63,Rio de Janeiro (RJ),2,Silver
CLI-66565,61,Rio de Janeiro (RJ),4,Gold
CLI-58984,20,Rio de Janeiro (RJ),3,Gold
CLI-26939,22,Rio de Janeiro (RJ),1,Silver
CLI-72760,49,Bahia (BA),4,Gold
CLI-47616,50,Minas Gerais (MG),1,Silver
CLI-85461,48,Bahia (BA),3,Gold
CLI-38210,53,São Paulo (SP),4,Gold
CLI-32914,24,Bahia (BA),3,Gold
CLI-31137,35,Bahia (BA),2,Silver
CLI-78617,29,São Paulo (SP),4,Gold
CLI-35568,32,Bahia (BA),3,Gold
CLI-65589,45,Paraná (PR),4,Gold
CLI-32045,31,Minas Gerais (MG),2,Silver
CLI-87795,21,Bahia (BA),4,Gold
CLI-97620,37,Minas Gerais (MG),4,Gold
CLI-64070,47,Paraná (PR),2,Silver
CLI-34564,19,São Paulo (SP),2,Silver
CLI-43957,44,Rio de Janeiro (RJ),3,Gold
CLI-49483,57,Bahia (BA),4,Gold
CLI-44715,39,Minas Gerais (MG),2,Silver
CLI-44451,59,Paraná (PR),2,Silver
CLI-87733,44,Paraná (PR),3,Gold
CLI-27411,63,Minas Gerais (MG),2,Silver
CLI-17680,24,Paraná (PR),3,Gold
CLI-13479,37,Minas Gerais (MG),4,Gold
CLI-12750,32,Paraná (PR),3,Gold
CLI-25998,37,Minas Gerais (MG),4,Gold
CLI-73430,64,Minas Gerais (MG),3,Gold
CLI-31584,38,Bahia (BA),1,Silver
CLI-46598,45,Bahia (BA),4,Gold
CLI-61172,25,São Paulo (SP),4,Gold
CLI-39971,43,Paraná (PR),2,Silver
CLI-10768,29,Minas Gerais (MG),4,Gold
CLI-19588,34,Minas Gerais (MG),1,Silver
CLI-37513,56,Bahia (BA),3,Gold
CLI-36436,47,Bahia (BA),2,Silver
CLI-85308,32,Rio de Janeiro (RJ),3,Gold
CLI-89589,58,Minas Gerais (MG),1,Silver
CLI-81061,43,Bahia (BA),2,Silver
CLI-95961,39,Rio de Janeiro (RJ),2,Silver
CLI-73540,52,Minas Gerais (MG),3,Gold
CLI-68869,44,Bahia (BA),3,Gold
CLI-32031,25,Rio de Janeiro (RJ),4,Gold
CLI-40069,21,Minas Gerais (MG),4,Gold
CLI-71250,48,Paraná (PR),3,Gold
CLI-72461,43,Bahia (BA),2,Silver
CLI-60323,44,Minas Gerais (MG),3,Gold
CLI-27127,33,Bahia (BA),4,Gold
CLI-70869,45,São Paulo (SP),4,Gold
CLI-38105,51,São Paulo (SP),4,Gold
CLI-27727,47,Bahia (BA),2,Silver
CLI-17230,45,Paraná (PR),4,Gold
CLI-15412,45,Minas Gerais (MG),4,Gold
CLI-97456,57,Bahia (BA),4,Gold
CLI-72202,28,Bahia (BA),3,Gold
CLI-69831,28,Minas Gerais (MG),3,Gold
CLI-10011,23,Paraná (PR),2,Silver
CLI-24463,52,Minas Gerais (MG),3,Gold
CLI-65362,49,Minas Gerais (MG),4,Gold
CLI-21734,62,Rio de Janeiro (RJ),1,Silver
CLI-84001,29,Paraná (PR),4,Gold
CLI-33137,40,Bahia (BA),3,Gold
CLI-47784,32,São Paulo (SP),3,Gold
CLI-69449,45,Paraná (PR),4,Gold
CLI-31657,21,Minas Gerais (MG),4,Gold
CLI-46012,21,Paraná (PR),4,Gold
CLI-21862,54,São Paulo (SP),4,Gold
CLI-95916,23,Bahia (BA),2,Silver
CLI-73158,31,São Paulo (SP),2,Silver
CLI-64584,37,Rio de Janeiro (RJ),4,Gold
CLI-98854,28,São Paulo (SP),3,Gold
CLI-73759,27,Paraná (PR),2,Silver
CLI-93105,20,São Paulo (SP),3,Gold
CLI-67586,54,Paraná (PR),1,Silver
CLI-39693,45,Minas Gerais (MG),4,Gold
CLI-88161,63,Paraná (PR),2,Silver
CLI-89076,42,São Paulo (SP),4,Gold
CLI-71694,21,Bahia (BA),4,Gold
CLI-70631,57,Minas Gerais (MG),4,Gold
CLI-67273,44,São Paulo (SP),4,Gold
CLI-23154,30,Bahia (BA),1,Silver
CLI-46784,60,Paraná (PR),3,Gold
CLI-28849,59,São Paulo (SP),2,Silver
CLI-79534,31,Bahia (BA),2,Silver
CLI-20020,35,Rio de Janeiro (RJ),2,Silver
CLI-97183,19,Rio de Janeiro (RJ),2,Silver
CLI-61759,56,Minas Gerais (MG),3,Gold
CLI-95716,58,Minas Gerais (MG),1,Silver
CLI-23141,25,Bahia (BA),4,Gold
CLI-21359,42,Rio de Janeiro (RJ),1,Silver
CLI-13056,50,São Paulo (SP),4,Gold
CLI-93534,36,Paraná (PR),3,Gold
CLI-43340,44,São Paulo (SP),4,Gold
CLI-57090,43,Paraná (PR),2,Silver
CLI-64498,28,São Paulo (SP),3,Gold
CLI-47778,20,São Paulo (SP),3,Gold
CLI-86865,29,Bahia (BA),4,Gold
CLI-16503,23,Bahia (BA),2,Silver
CLI-69658,61,Bahia (BA),4,Gold
CLI-39910,24,Rio de Janeiro (RJ),3,Gold
CLI-53773,39,Bahia (BA),2,Silver
CLI-31611,52,Bahia (BA),3,Gold
CLI-95009,60,Paraná (PR),3,Gold
CLI-39635,41,Paraná (PR),4,Gold
CLI-53614,36,São Paulo (SP),4,Gold
CLI-32973,25,Rio de Janeiro (RJ),4,Gold
CLI-67429,54,Rio de Janeiro (RJ),1,Silver
CLI-81955,18,São Paulo (SP),1,Silver
CLI-59014,63,Minas Gerais (MG),2,Silver
CLI-14443,20,Bahia (BA),3,Gold
CLI-54904,24,Rio de Janeiro (RJ),3,Gold
CLI-40938,35,São Paulo (SP),4,Gold
CLI-76685,37,Paraná (PR),4,Gold
CLI-69890,32,Bahia (BA),3,Gold
CLI-56990,23,São Paulo (SP),2,Silver
CLI-89669,59,Bahia (BA),2,Silver
CLI-25841,65,São Paulo (SP),4,Gold
CLI-66842,29,Bahia (BA),4,Gold
CLI-20713,35,Rio de Janeiro (RJ),2,Silver
CLI-51501,29,Rio de Janeiro (RJ),4,Gold
CLI-60994,38,São Paulo (SP),4,Gold
CLI-59375,46,Paraná (PR),1,Silver
CLI-19944,58,Rio de Janeiro (RJ),1,Silver
CLI-71584,21,São Paulo (SP),4,Gold
CLI-39102,52,Paraná (PR),3,Gold
CLI-27146,33,Bahia (BA),4,Gold
CLI-39891,64,Minas Gerais (MG),3,Gold
CLI-87883,44,Rio de Janeiro (RJ),3,Gold
CLI-55437,56,Bahia (BA),3,Gold
CLI-81653,60,Paraná (PR),3,Gold
CLI-53520,58,Paraná (PR),1,Silver
CLI-82323,63,Paraná (PR),2,Silver
CLI-80436,44,Rio de Janeiro (RJ),3,Gold
CLI-76233,25,Rio de Janeiro (RJ),4,Gold
CLI-93939,19,Minas Gerais (MG),2,Silver
CLI-34032,43,Bahia (BA),2,Silver
CLI-17185,27,Rio de Janeiro (RJ),2,Silver
CLI-62439,29,Rio de Janeiro (RJ),4,Gold
CLI-22631,58,Bahia (BA),1,Silver
CLI-14490,19,Minas Gerais (MG),2,Silver
CLI-61730,46,São Paulo (SP),4,Gold
CLI-80409,48,Rio de Janeiro (RJ),3,Gold
CLI-90693,56,São Paulo (SP),3,Gold
CLI-69879,64,Bahia (BA),3,Gold
CLI-36736,62,São Paulo (SP),1,Silver
CLI-25877,19,Minas Gerais (MG),2,Silver
CLI-62619,49,Rio de Janeiro (RJ),4,Gold
CLI-46533,38,Minas Gerais (MG),1,Silver
CLI-54751,55,Bahia (BA),2,Silver
CLI-92104,41,Rio de Janeiro (RJ),4,Gold
CLI-46144,54,Minas Gerais (MG),1,Silver
CLI-82685,29,Paraná (PR),4,Gold
CLI-20029,55,Minas Gerais (MG),2,Silver
CLI-31299,36,Paraná (PR),3,Gold
CLI-75640,40,Bahia (BA),3,Gold
CLI-31233,20,Rio de Janeiro (RJ),3,Gold
CLI-85780,23,São Paulo (SP),2,Silver
CLI-50898,42,Minas Gerais (MG),1,Silver
CLI-91353,48,Paraná (PR),3,Gold
CLI-17116,32,Paraná (PR),3,Gold
CLI-40368,29,Paraná (PR),4,Gold
CLI-78244,61,Bahia (BA),4,Gold
CLI-35541,18,Minas Gerais (MG),1,Silver
CLI-29461,51,Paraná (PR),2,Silver
CLI-63554,19,Bahia (BA),2,Silver
CLI-42075,45,Bahia (BA),4,Gold
CLI-37636,36,Rio de Janeiro (RJ),3,Gold
CLI-83604,50,Rio de Janeiro (RJ),1,Silver
CLI-81217,45,Rio de Janeiro (RJ),4,Gold
CLI-62440,36,São Paulo (SP),4,Gold
CLI-17642,40,São Paulo (SP),4,Gold
CLI-26505,54,Paraná (PR),1,Silver
CLI-63880,57,Rio de Janeiro (RJ),4,Gold
CLI-22139,47,Paraná (PR),2,Silver
CLI-11507,55,Rio de Janeiro (RJ),2,Silver
CLI-29532,42,São Paulo (SP),4,Gold
CLI-84499,62,Minas Gerais (MG),1,Silver
CLI-45078,49,Paraná (PR),4,Gold
CLI-34509,36,Bahia (BA),3,Gold
CLI-42576,56,Bahia (BA),3,Gold
CLI-57538,27,Paraná (PR),2,Silver
CLI-12931,56,Paraná (PR),3,Gold
CLI-80693,30,São Paulo (SP),1,Silver
CLI-71568,34,Minas Gerais (MG),1,Silver
CLI-96510,29,Rio de Janeiro (RJ),4,Gold
CLI-11834,27,Rio de Janeiro (RJ),2,Silver
CLI-17663,21,Rio de Janeiro (RJ),4,Gold
CLI-93497,59,Bahia (BA),2,Silver
CLI-36420,65,Bahia (BA),4,Gold
CLI-67556,50,Minas Gerais (MG),1,Silver
CLI-30569,47,Rio de Janeiro (RJ),2,Silver
CLI-38913,32,Minas Gerais (MG),3,Gold
CLI-54100,31,Rio de Janeiro (RJ),2,Silver
CLI-86500,62,Rio de Janeiro (RJ),1,Silver
CLI-13590,21,Minas Gerais (MG),4,Gold
CLI-28108,60,São Paulo (SP),3,Gold
CLI-30564,49,Rio de Janeiro (RJ),4,Gold
CLI-55322,25,Paraná (PR),4,Gold
CLI-41472,60,Minas Gerais (MG),3,Gold
CLI-38308,56,Bahia (BA),3,Gold
CLI-55824,20,Rio de Janeiro (RJ),3,Gold
CLI-73365,47,São Paulo (SP),4,Gold
CLI-13604,44,Bahia (BA),3,Gold
CLI-74879,58,Bahia (BA),1,Silver
CLI-63460,33,Minas Gerais (MG),4,Gold
CLI-44471,43,Paraná (PR),2,Silver
CLI-29366,63,Minas Gerais (MG),2,Silver
CLI-64705,37,Bahia (BA),4,Gold
CLI-34051,44,São Paulo (SP),4,Gold
CLI-94012,39,Paraná (PR),2,Silver
CLI-82470,59,Paraná (PR),2,Silver
CLI-85363,29,Minas Gerais (MG),4,Gold
CLI-79955,33,Bahia (BA),4,Gold
CLI-23946,29,São Paulo (SP),4,Gold
CLI-25292,23,Paraná (PR),2,Silver
CLI-19221,54,Minas Gerais (MG),1,Silver
CLI-38067,62,Rio de Janeiro (RJ),1,Silver
CLI-82156,31,Bahia (BA),2,Silver
CLI-25751,22,Paraná (PR),1,Silver
CLI-12625,30,Bahia (BA),1,Silver
CLI-70031,62,São Paulo (SP),1,Silver
CLI-70886,62,Paraná (PR),1,Silver
CLI-90481,57,Bahia (BA),4,Gold
CLI-73655,33,Rio de Janeiro (RJ),4,Gold
CLI-57133,27,Paraná (PR),2,Silver
CLI-15509,46,São Paulo (SP),4,Gold
CLI-55373,33,São Paulo (SP),4,Gold
CLI-45388,32,Bahia (BA),3,Gold
CLI-18803,59,Rio de Janeiro (RJ),2,Silver
CLI-69061,29,Rio de Janeiro (RJ),4,Gold
CLI-88632,56,Paraná (PR),3,Gold
CLI-66798,57,Rio de Janeiro (RJ),4,Gold
CLI-75493,30,Paraná (PR),1,Silver
CLI-24284,60,São Paulo (SP),3,Gold
CLI-35249,41,Bahia (BA),4,Gold
CLI-50033,65,Rio de Janeiro (RJ),4,Gold
CLI-42281,43,Bahia (BA),2,Silver
CLI-69949,59,Rio de Janeiro (RJ),2,Silver
CLI-65997,42,Paraná (PR),1,Silver
CLI-27448,42,Rio de Janeiro (RJ),1,Silver
CLI-48896,20,São Paulo (SP),3,Gold
CLI-24609,27,São Paulo (SP),2,Silver
CLI-50495,60,Rio de Janeiro (RJ),3,Gold
CLI-43952,26,Rio de Janeiro (RJ),1,Silver
CLI-63451,29,Paraná (PR),4,Gold
CLI-45887,23,São Paulo (SP),2,Silver
CLI-97955,27,Paraná (PR),2,Silver
CLI-51653,43,Rio de Janeiro (RJ),2,Silver
CLI-40482,24,Minas Gerais (MG),3,Gold
CLI-21029,20,Minas Gerais (MG),3,Gold
CLI-70309,43,São Paulo (SP),4,Gold
CLI-12596,49,Minas Gerais (MG),4,Gold
CLI-70073,21,Rio de Janeiro (RJ),4,Gold
CLI-61101,22,Rio de Janeiro (RJ),1,Silver
CLI-53239,49,Minas Gerais (MG),4,Gold
CLI-61541,20,Rio de Janeiro (RJ),3,Gold
CLI-26134,53,Paraná (PR),4,Gold
CLI-68784,65,Bahia (BA),4,Gold
CLI-43345,28,Minas Gerais (MG),3,Gold
CLI-10876,23,Bahia (BA),2,Silver
CLI-25610,38,Minas Gerais (MG),1,Silver
CLI-45811,64,São Paulo (SP),3,Gold
CLI-41812,34,São Paulo (SP),1,Silver
CLI-57779,19,São Paulo (SP),2,Silver
CLI-87301,20,Bahia (BA),3,Gold
CLI-83377,37,São Paulo (SP),4,Gold
CLI-54755,62,Bahia (BA),1,Silver
CLI-39558,25,São Paulo (SP),4,Gold
CLI-76891,29,Rio de Janeiro (RJ),4,Gold
CLI-65893,26,São Paulo (SP),1,Silver
CLI-26050,46,Minas Gerais (MG),1,Silver
CLI-20990,38,Rio de Janeiro (RJ),1,Silver
CLI-19306,32,São Paulo (SP),3,Gold
CLI-37641,48,Bahia (BA),3,Gold
CLI-60136,55,Paraná (PR),2,Silver
CLI-55115,56,São Paulo (SP),3,Gold
CLI-38996,56,São Paulo (SP),3,Gold
CLI-17944,23,Minas Gerais (MG),2,Silver
CLI-11800,23,Paraná (PR),2,Silver
CLI-82559,43,Bahia (BA),2,Silver
CLI-46031,62,São Paulo (SP),1,Silver
CLI-46716,33,Rio de Janeiro (RJ),4,Gold
CLI-91785,51,Minas Gerais (MG),2,Silver
CLI-97875,34,São Paulo (SP),1,Silver
CLI-36662,46,São Paulo (SP),4,Gold
CLI-79549,51,São Paulo (SP),4,Gold
CLI-67826,59,São Paulo (SP),2,Silver
CLI-51121,61,Paraná (PR),4,Gold
CLI-80587,51,Bahia (BA),2,Silver
CLI-75162,50,São Paulo (SP),4,Gold
CLI-75772,22,Minas Gerais (MG),1,Silver
CLI-41738,34,Paraná (PR),1,Silver
CLI-69839,31,Rio de Janeiro (RJ),2,Silver
CLI-46123,61,Rio de Janeiro (RJ),4,Gold
CLI-68124,54,Bahia (BA),1,Silver
CLI-88944,60,Paraná (PR),3,Gold
CLI-60822,35,Rio de Janeiro (RJ),2,Silver
CLI-57340,24,Minas Gerais (MG),3,Gold
CLI-46782,51,Paraná (PR),2,Silver
CLI-24726,25,Minas Gerais (MG),4,Gold
CLI-11335,47,Paraná (PR),2,Silver
CLI-58694,59,Bahia (BA),2,Silver
CLI-36464,58,Minas Gerais (MG),1,Silver
CLI-76678,24,Rio de Janeiro (RJ),3,Gold
CLI-62223,49,Bahia (BA),4,Gold
CLI-53157,26,Bahia (BA),1,Silver
CLI-29207,21,Minas Gerais (MG),4,Gold
CLI-11101,55,Minas Gerais (MG),2,Silver
CLI-50409,47,Minas Gerais (MG),2,Silver
CLI-46828,38,Rio de Janeiro (RJ),1,Silver
CLI-82231,45,Rio de Janeiro (RJ),4,Gold
CLI-42094,49,Paraná (PR),4,Gold
CLI-62948,59,Minas Gerais (MG),2,Silver
CLI-80400,61,Rio de Janeiro (RJ),4,Gold
CLI-81265,41,Minas Gerais (MG),4,Gold
CLI-74400,53,São Paulo (SP),4,Gold
CLI-14786,64,Minas Gerais (MG),3,Gold
CLI-36618,53,Rio de Janeiro (RJ),4,Gold
CLI-31840,34,São Paulo (SP),1,Silver
CLI-30857,21,São Paulo (SP),4,Gold
CLI-32289,25,Rio de Janeiro (RJ),4,Gold
CLI-26264,46,Rio de Janeiro (RJ),1,Silver
CLI-58866,35,Rio de Janeiro (RJ),2,Silver
CLI-24043,60,Paraná (PR),3,Gold
CLI-35754,64,São Paulo (SP),3,Gold
CLI-62541,63,São Paulo (SP),2,Silver
CLI-53436,35,Bahia (BA),2,Silver
CLI-54437,27,Paraná (PR),2,Silver
CLI-68193,24,São Paulo (SP),3,Gold
CLI-43956,62,Rio de Janeiro (RJ),1,Silver
CLI-48909,40,Minas Gerais (MG),3,Gold
CLI-71728,38,Minas Gerais (MG),1,Silver
CLI-86441,42,Minas Gerais (MG),1,Silver
CLI-69759,41,Minas Gerais (MG),4,Gold
CLI-83106,56,Minas Gerais (MG),3,Gold
CLI-20384,22,Paraná (PR),1,Silver
CLI-78680,41,Paraná (PR),4,Gold
CLI-95869,52,Rio de Janeiro (RJ),3,Gold
CLI-65752,41,São Paulo (SP),4,Gold
CLI-34126,54,Rio de Janeiro (RJ),1,Silver
CLI-63878,59,Paraná (PR),2,Silver
CLI-27329,55,Paraná (PR),2,Silver
CLI-56245,64,Minas Gerais (MG),3,Gold
CLI-20248,61,Rio de Janeiro (RJ),4,Gold
CLI-51955,46,São Paulo (SP),4,Gold
CLI-67815,50,São Paulo (SP),4,Gold
CLI-36575,60,Bahia (BA),3,Gold
CLI-14643,25,Minas Gerais (MG),4,Gold
CLI-97388,55,Rio de Janeiro (RJ),2,Silver
CLI-54782,29,Minas Gerais (MG),4,Gold
CLI-99529,55,Rio de Janeiro (RJ),2,Silver
CLI-12930,28,São Paulo (SP),3,Gold
CLI-26127,26,Minas Gerais (MG),1,Silver
CLI-76321,57,Bahia (BA),4,Gold
CLI-90602,52,Rio de Janeiro (RJ),3,Gold
CLI-48155,43,Rio de Janeiro (RJ),2,Silver
CLI-52186,56,Minas Gerais (MG),3,Gold
CLI-51853,58,São Paulo (SP),1,Silver
CLI-26207,60,Minas Gerais (MG),3,Gold
CLI-64859,38,Bahia (BA),1,Silver
CLI-27020,54,Bahia (BA),1,Silver
CLI-39647,58,Paraná (PR),1,Silver
CLI-31287,32,Bahia (BA),3,Gold
CLI-64043,18,Bahia (BA),1,Silver
CLI-57350,65,Minas Gerais (MG),4,Gold
CLI-44894,43,Paraná (PR),2,Silver
CLI-89213,44,Minas Gerais (MG),3,Gold
CLI-25024,25,Rio de Janeiro (RJ),4,Gold
CLI-12126,40,Rio de Janeiro (RJ),3,Gold
CLI-31483,58,Rio de Janeiro (RJ),1,Silver
CLI-91876,59,Rio de Janeiro (RJ),2,Silver
CLI-91139,24,São Paulo (SP),3,Gold
CLI-20448,35,Paraná (PR),2,Silver
CLI-76064,40,Rio de Janeiro (RJ),3,Gold
CLI-13402,57,Paraná (PR),4,Gold
CLI-28350,50,Paraná (PR),1,Silver
CLI-44797,63,São Paulo (SP),2,Silver
CLI-66925,42,São Paulo (SP),4,Gold
CLI-41611,45,Rio de Janeiro (RJ),4,Gold
CLI-47859,20,Paraná (PR),3,Gold
CLI-23474,33,Rio de Janeiro (RJ),4,Gold
CLI-17375,33,Rio de Janeiro (RJ),4,Gold
CLI-94526,37,Rio de Janeiro (RJ),4,Gold
CLI-85715,19,Rio de Janeiro (RJ),2,Silver
CLI-25491,20,Minas Gerais (MG),3,Gold
CLI-67545,18,São Paulo (SP),1,Silver
CLI-18573,42,Paraná (PR),1,Silver
CLI-50759,46,Bahia (BA),1,Silver
CLI-79856,54,Minas Gerais (MG),1,Silver
CLI-71322,64,Rio de Janeiro (RJ),3,Gold
CLI-23805,41,Bahia (BA),4,Gold
CLI-69557,45,São Paulo (SP),4,Gold
CLI-56084,37,Paraná (PR),4,Gold
CLI-89676,45,Bahia (BA),4,Gold
CLI-62066,39,Minas Gerais (MG),2,Silver
CLI-41079,43,Minas Gerais (MG),2,Silver
CLI-61494,62,Paraná (PR),1,Silver
CLI-88007,64,Bahia (BA),3,Gold
CLI-63285,20,São Paulo (SP),3,Gold
CLI-14468,61,São Paulo (SP),4,Gold
CLI-77356,21,Bahia (BA),4,Gold
CLI-58158,26,Minas Gerais (MG),1,Silver
CLI-74975,63,São Paulo (SP),2,Silver
CLI-50982,30,Rio de Janeiro (RJ),1,Silver
CLI-57709,42,São Paulo (SP),4,Gold
CLI-75051,33,Rio de Janeiro (RJ),4,Gold
CLI-26361,59,Rio de Janeiro (RJ),2,Silver
CLI-12449,44,Paraná (PR),3,Gold
CLI-98492,56,Rio de Janeiro (RJ),3,Gold
CLI-60890,48,Bahia (BA),3,Gold
CLI-43478,37,Minas Gerais (MG),4,Gold
CLI-50899,59,Rio de Janeiro (RJ),2,Silver
CLI-51631,27,Rio de Janeiro (RJ),2,Silver
CLI-47974,27,Rio de Janeiro (RJ),2,Silver
CLI-69170,53,Rio de Janeiro (RJ),4,Gold
CLI-10164,29,Rio de Janeiro (RJ),4,Gold
CLI-25142,42,Minas Gerais (MG),1,Silver
CLI-44836,42,Paraná (PR),1,Silver
CLI-62678,18,Rio de Janeiro (RJ),1,Silver
CLI-72953,35,Minas Gerais (MG),2,Silver
CLI-25988,61,Rio de Janeiro (RJ),4,Gold
CLI-77211,20,São Paulo (SP),3,Gold
CLI-82729,34,Minas Gerais (MG),1,Silver
CLI-54531,63,Paraná (PR),2,Silver
CLI-13719,25,Paraná (PR),4,Gold
CLI-37792,57,Minas Gerais (MG),4,Gold
CLI-23674,64,Paraná (PR),3,Gold
CLI-86469,38,Paraná (PR),1,Silver
CLI-20462,53,Bahia (BA),4,Gold
CLI-89358,51,Minas Gerais (MG),2,Silver
CLI-23297,48,Rio de Janeiro (RJ),3,Gold
CLI-55486,57,São Paulo (SP),4,Gold
CLI-11973,47,Paraná (PR),2,Silver
CLI-93250,48,Rio de Janeiro (RJ),3,Gold
CLI-42714,57,Bahia (BA),4,Gold
CLI-15137,47,Rio de Janeiro (RJ),2,Silver
CLI-70907,43,São Paulo (SP),4,Gold
CLI-59246,39,Paraná (PR),2,Silver
CLI-40050,26,Bahia (BA),1,Silver
CLI-17861,27,Bahia (BA),2,Silver
CLI-91133,38,Minas Gerais (MG),1,Silver
CLI-75691,62,São Paulo (SP),1,Silver
CLI-55907,51,Paraná (PR),2,Silver
CLI-74520,18,Rio de Janeiro (RJ),1,Silver
CLI-88518,27,São Paulo (SP),2,Silver
CLI-74274,28,Bahia (BA),3,Gold
CLI-67997,33,Bahia (BA),4,Gold
CLI-83293,23,Bahia (BA),2,Silver
CLI-36514,24,Bahia (BA),3,Gold
CLI-24297,43,São Paulo (SP),4,Gold
CLI-80673,23,Paraná (PR),2,Silver
CLI-54663,36,São Paulo (SP),4,Gold
CLI-40184,60,Rio de Janeiro (RJ),3,Gold
CLI-83659,46,Paraná (PR),1,Silver
CLI-82978,24,Bahia (BA),3,Gold
CLI-68830,49,Paraná (PR),4,Gold
CLI-64755,46,Minas Gerais (MG),1,Silver
CLI-95212,35,Bahia (BA),2,Silver
CLI-46675,43,Minas Gerais (MG),2,Silver
CLI-89462,55,Bahia (BA),2,Silver
CLI-90731,47,Paraná (PR),2,Silver
CLI-30898,24,Paraná (PR),3,Gold
CLI-85029,19,Paraná (PR),2,Silver
CLI-56512,23,Bahia (BA),2,Silver
CLI-77439,43,Bahia (BA),2,Silver
CLI-12177,63,Bahia (BA),2,Silver
CLI-88839,43,São Paulo (SP),4,Gold
CLI-64261,52,Bahia (BA),3,Gold
CLI-44612,27,Paraná (PR),2,Silver
CLI-22336,60,Bahia (BA),3,Gold
CLI-39684,47,Rio de Janeiro (RJ),2,Silver
CLI-10026,63,Rio de Janeiro (RJ),2,Silver
CLI-56613,18,Paraná (PR),1,Silver
CLI-35094,37,Rio de Janeiro (RJ),4,Gold
CLI-10123,28,Rio de Janeiro (RJ),3,Gold
CLI-16904,60,São Paulo (SP),3,Gold
CLI-29682,41,Rio de Janeiro (RJ),4,Gold
CLI-61929,56,Bahia (BA),3,Gold
CLI-36344,65,São Paulo (SP),4,Gold
CLI-87389,38,Paraná (PR),1,Silver
CLI-40913,61,Bahia (BA),4,Gold
CLI-52919,31,Bahia (BA),2,Silver
CLI-92220,53,São Paulo (SP),4,Gold
CLI-81008,27,Paraná (PR),2,Silver
CLI-62836,34,Minas Gerais (MG),1,Silver
CLI-47939,60,Bahia (BA),3,Gold
CLI-29193,45,Minas Gerais (MG),4,Gold
CLI-51071,42,Rio de Janeiro (RJ),1,Silver
CLI-15501,30,São Paulo (SP),1,Silver
CLI-24077,43,Minas Gerais (MG),2,Silver
CLI-26823,30,Paraná (PR),1,Silver
CLI-14941,30,Rio de Janeiro (RJ),1,Silver
CLI-39634,62,Rio de Janeiro (RJ),1,Silver
CLI-10569,32,Bahia (BA),3,Gold
CLI-44586,30,São Paulo (SP),1,Silver
CLI-82500,51,Rio de Janeiro (RJ),2,Silver
CLI-12530,47,Minas Gerais (MG),2,Silver
CLI-14529,38,São Paulo (SP),4,Gold
CLI-53246,31,Bahia (BA),2,Silver
CLI-95755,48,Rio de Janeiro (RJ),3,Gold
CLI-34671,26,Paraná (PR),1,Silver
CLI-69347,56,Minas Gerais (MG),3,Gold
CLI-92152,35,Minas Gerais (MG),2,Silver
CLI-61957,48,Bahia (BA),3,Gold
CLI-50209,63,Rio de Janeiro (RJ),2,Silver
CLI-68020,26,Bahia (BA),1,Silver
CLI-10910,46,Rio de Janeiro (RJ),1,Silver
CLI-39998,52,Bahia (BA),3,Gold
CLI-86439,64,São Paulo (SP),3,Gold
CLI-99016,45,São Paulo (SP),4,Gold
CLI-28194,19,São Paulo (SP),2,Silver
CLI-33077,33,Minas Gerais (MG),4,Gold
CLI-44792,23,Rio de Janeiro (RJ),2,Silver
CLI-96173,60,Paraná (PR),3,Gold
CLI-10422,65,Bahia (BA),4,Gold
CLI-75508,38,Paraná (PR),1,Silver
CLI-13945,46,Rio de Janeiro (RJ),1,Silver
CLI-12225,59,São Paulo (SP),2,Silver
CLI-71260,57,Minas Gerais (MG),4,Gold
CLI-59019,56,Rio de Janeiro (RJ),3,Gold
CLI-87926,61,Paraná (PR),4,Gold
CLI-45935,39,Paraná (PR),2,Silver
CLI-48584,52,Rio de Janeiro (RJ),3,Gold
CLI-74987,45,Bahia (BA),4,Gold
CLI-11150,56,Bahia (BA),3,Gold
CLI-11867,28,Bahia (BA),3,Gold
CLI-49776,58,São Paulo (SP),1,Silver
CLI-70471,29,Minas Gerais (MG),4,Gold
CLI-18675,27,Minas Gerais (MG),2,Silver
CLI-28600,31,Bahia (BA),2,Silver
CLI-69238,28,Paraná (PR),3,Gold
CLI-64643,51,Rio de Janeiro (RJ),2,Silver
CLI-83476,29,Rio de Janeiro (RJ),4,Gold
CLI-32881,50,Rio de Janeiro (RJ),1,Silver
CLI-32138,25,Bahia (BA),4,Gold
CLI-99113,22,Bahia (BA),1,Silver
CLI-74163,59,Paraná (PR),2,Silver
CLI-80323,42,Minas Gerais (MG),1,Silver
CLI-71450,56,Minas Gerais (MG),3,Gold
CLI-98393,61,Rio de Janeiro (RJ),4,Gold
CLI-51582,20,Minas Gerais (MG),3,Gold
CLI-27599,55,Minas Gerais (MG),2,Silver
CLI-66571,19,Paraná (PR),2,Silver
CLI-44267,35,Bahia (BA),2,Silver
CLI-59938,19,São Paulo (SP),2,Silver
CLI-69768,25,Paraná (PR),4,Gold
CLI-52063,44,Bahia (BA),3,Gold
CLI-28976,19,Rio de Janeiro (RJ),2,Silver
CLI-67628,19,São Paulo (SP),2,Silver
CLI-23973,33,Bahia (BA),4,Gold
CLI-29697,60,São Paulo (SP),3,Gold
CLI-91664,36,São Paulo (SP),4,Gold
CLI-38755,34,Minas Gerais (MG),1,Silver
CLI-57934,50,Rio de Janeiro (RJ),1,Silver
CLI-19547,51,Rio de Janeiro (RJ),2,Silver
CLI-13591,52,Paraná (PR),3,Gold
CLI-58235,58,Rio de Janeiro (RJ),1,Silver
CLI-43947,59,Bahia (BA),2,Silver
CLI-74349,27,Paraná (PR),2,Silver
CLI-84710,32,São Paulo (SP),3,Gold
CLI-10704,53,Minas Gerais (MG),4,Gold
CLI-61903,39,São Paulo (SP),4,Gold
CLI-50881,30,Rio de Janeiro (RJ),1,Silver
CLI-11984,37,Paraná (PR),4,Gold
CLI-99963,44,Minas Gerais (MG),3,Gold
CLI-75627,22,Rio de Janeiro (RJ),1,Silver
CLI-10101,35,Bahia (BA),2,Silver
CLI-54525,58,Paraná (PR),1,Silver
CLI-74150,26,Bahia (BA),1,Silver
CLI-74997,21,Bahia (BA),4,Gold
CLI-43120,53,Bahia (BA),4,Gold
CLI-56164,28,Bahia (BA),3,Gold
CLI-62023,21,Paraná (PR),4,Gold
CLI-70700,39,Paraná (PR),2,Silver
CLI-57211,60,São Paulo (SP),3,Gold
CLI-23952,32,Minas Gerais (MG),3,Gold
CLI-98540,22,Rio de Janeiro (RJ),1,Silver
CLI-58581,34,Rio de Janeiro (RJ),1,Silver
CLI-79992,29,São Paulo (SP),4,Gold
CLI-26886,20,Bahia (BA),3,Gold
CLI-29679,54,Minas Gerais (MG),1,Silver
CLI-63942,39,Bahia (BA),2,Silver
CLI-36520,63,Minas Gerais (MG),2,Silver
CLI-87370,64,São Paulo (SP),3,Gold
CLI-96978,50,Paraná (PR),1,Silver
CLI-82161,27,São Paulo (SP),2,Silver
CLI-27952,39,Rio de Janeiro (RJ),2,Silver
CLI-99756,19,Rio de Janeiro (RJ),2,Silver
CLI-45174,64,Rio de Janeiro (RJ),3,Gold
CLI-48018,28,São Paulo (SP),3,Gold
CLI-62171,39,Minas Gerais (MG),2,Silver
CLI-25922,28,São Paulo (SP),3,Gold
CLI-10537,33,São Paulo (SP),4,Gold
CLI-56311,23,São Paulo (SP),2,Silver
CLI-35635,19,Minas Gerais (MG),2,Silver
CLI-39322,58,Paraná (PR),1,Silver
CLI-68246,51,São Paulo (SP),4,Gold
CLI-10682,63,Bahia (BA),2,Silver
CLI-91030,52,Bahia (BA),3,Gold
CLI-34852,20,São Paulo (SP),3,Gold
CLI-15029,61,Paraná (PR),4,Gold
CLI-27118,44,Rio de Janeiro (RJ),3,Gold
CLI-51334,29,Rio de Janeiro (RJ),4,Gold
CLI-30466,19,São Paulo (SP),2,Silver
CLI-32074,50,Minas Gerais (MG),1,Silver
CLI-38612,53,Minas Gerais (MG),4,Gold
CLI-80005,58,Rio de Janeiro (RJ),1,Silver
CLI-43342,59,Paraná (PR),2,Silver
CLI-92886,25,São Paulo (SP),4,Gold
CLI-76655,55,Paraná (PR),2,Silver
CLI-40275,34,Rio de Janeiro (RJ),1,Silver
CLI-92739,60,Bahia (BA),3,Gold
CLI-91005,38,Paraná (PR),1,Silver
CLI-29156,37,Minas Gerais (MG),4,Gold
CLI-82315,19,Rio de Janeiro (RJ),2,Silver
CLI-64806,62,Minas Gerais (MG),1,Silver
CLI-60170,32,Bahia (BA),3,Gold
CLI-52923,59,Rio de Janeiro (RJ),2,Silver
CLI-25091,65,Rio de Janeiro (RJ),4,Gold
CLI-11359,51,São Paulo (SP),4,Gold
CLI-32476,25,Minas Gerais (MG),4,Gold
CLI-30342,45,Paraná (PR),4,Gold
CLI-73695,18,Paraná (PR),1,Silver
CLI-62471,59,São Paulo (SP),2,Silver
CLI-70385,38,Minas Gerais (MG),1,Silver
CLI-98159,42,Rio de Janeiro (RJ),1,Silver
CLI-57385,55,Paraná (PR),2,Silver
CLI-54000,41,Bahia (BA),4,Gold
CLI-72734,29,Rio de Janeiro (RJ),4,Gold
CLI-86187,39,Paraná (PR),2,Silver
CLI-15162,46,São Paulo (SP),4,Gold
CLI-94169,40,Minas Gerais (MG),3,Gold
CLI-35330,26,Minas Gerais (MG),1,Silver
CLI-13735,37,Minas Gerais (MG),4,Gold
CLI-87615,63,Bahia (BA),2,Silver
CLI-47753,65,São Paulo (SP),4,Gold
CLI-29023,18,Rio de Janeiro (RJ),1,Silver
CLI-16085,61,Rio de Janeiro (RJ),4,Gold
CLI-65030,41,Bahia (BA),4,Gold
CLI-83717,27,Rio de Janeiro (RJ),2,Silver
CLI-26980,42,São Paulo (SP),4,Gold
CLI-49030,46,Paraná (PR),1,Silver
CLI-90199,40,São Paulo (SP),4,Gold
CLI-62963,37,São Paulo (SP),4,Gold
CLI-79191,43,Bahia (BA),2,Silver
CLI-63547,53,São Paulo (SP),4,Gold
CLI-19429,35,Minas Gerais (MG),2,Silver
CLI-29546,56,Bahia (BA),3,Gold
CLI-47965,21,Bahia (BA),4,Gold
CLI-30727,44,Paraná (PR),3,Gold
CLI-61410,28,Paraná (PR),3,Gold
CLI-28482,38,São Paulo (SP),4,Gold
CLI-53453,60,Rio de Janeiro (RJ),3,Gold
CLI-89572,62,Paraná (PR),1,Silver
CLI-93509,48,Rio de Janeiro (RJ),3,Gold
CLI-52037,46,Minas Gerais (MG),1,Silver
CLI-39070,47,Bahia (BA),2,Silver
CLI-50156,59,Bahia (BA),2,Silver
CLI-88556,18,Paraná (PR),1,Silver
CLI-51215,57,São Paulo (SP),4,Gold
CLI-43303,46,Minas Gerais (MG),1,Silver
CLI-33272,29,Paraná (PR),4,Gold
CLI-46328,36,Rio de Janeiro (RJ),3,Gold
CLI-37564,21,São Paulo (SP),4,Gold
CLI-30625,18,Bahia (BA),1,Silver
CLI-87303,20,Paraná (PR),3,Gold
CLI-71885,29,Minas Gerais (MG),4,Gold
CLI-46858,22,Paraná (PR),1,Silver
CLI-48437,65,Bahia (BA),4,Gold
CLI-46195,38,São Paulo (SP),4,Gold
CLI-54781,25,São Paulo (SP),4,Gold
CLI-40916,55,Bahia (BA),2,Silver
CLI-49663,57,Minas Gerais (MG),4,Gold
CLI-57277,34,Bahia (BA),1,Silver
CLI-50618,65,São Paulo (SP),4,Gold
CLI-41464,24,Paraná (PR),3,Gold
CLI-93472,29,Rio de Janeiro (RJ),4,Gold
CLI-58616,65,São Paulo (SP),4,Gold
CLI-49756,30,São Paulo (SP),1,Silver
CLI-59241,55,Rio de Janeiro (RJ),2,Silver
CLI-27909,18,Minas Gerais (MG),1,Silver
CLI-58416,19,São Paulo (SP),2,Silver
CLI-80756,48,São Paulo (SP),4,Gold
CLI-18488,32,Rio de Janeiro (RJ),3,Gold
CLI-93208,51,Paraná (PR),2,Silver
CLI-99223,42,Minas Gerais (MG),1,Silver
CLI-79074,27,Bahia (BA),2,Silver
CLI-33052,23,Paraná (PR),2,Silver
CLI-52282,49,Minas Gerais (MG),4,Gold
CLI-67250,24,São Paulo (SP),3,Gold
CLI-19712,27,Rio de Janeiro (RJ),2,Silver
CLI-62829,55,Minas Gerais (MG),2,Silver
CLI-43048,59,Rio de Janeiro (RJ),2,Silver
CLI-43132,35,Rio de Janeiro (RJ),2,Silver
CLI-65824,40,São Paulo (SP),4,Gold
CLI-45032,63,Minas Gerais (MG),2,Silver
CLI-68902,48,Bahia (BA),3,Gold
CLI-45523,63,Paraná (PR),2,Silver
CLI-75108,32,Bahia (BA),3,Gold
CLI-64512,32,Bahia (BA),3,Gold
CLI-51470,51,Minas Gerais (MG),2,Silver
CLI-40875,44,São Paulo (SP),4,Gold
CLI-22086,46,São Paulo (SP),4,Gold
CLI-75452,62,São Paulo (SP),1,Silver
CLI-86182,27,Minas Gerais (MG),2,Silver
CLI-29774,54,Rio de Janeiro (RJ),1,Silver
CLI-77298,31,Bahia (BA),2,Silver
CLI-51948,44,São Paulo (SP),4,Gold
CLI-70013,48,Rio de Janeiro (RJ),3,Gold
CLI-27995,44,Paraná (PR),3,Gold
CLI-12372,44,Paraná (PR),3,Gold
CLI-14653,35,São Paulo (SP),4,Gold
CLI-19763,36,São Paulo (SP),4,Gold
CLI-64318,40,Rio de Janeiro (RJ),3,Gold
CLI-32912,21,Paraná (PR),4,Gold
CLI-77734,34,Bahia (BA),1,Silver
CLI-78637,36,Minas Gerais (MG),3,Gold
CLI-29629,28,São Paulo (SP),3,Gold
CLI-57862,64,Rio de Janeiro (RJ),3,Gold
CLI-53315,53,Paraná (PR),4,Gold
CLI-87495,55,Paraná (PR),2,Silver
CLI-94562,36,São Paulo (SP),4,Gold
CLI-64908,61,São Paulo (SP),4,Gold
CLI-48141,26,Bahia (BA),1,Silver
CLI-29323,53,Paraná (PR),4,Gold
CLI-40508,48,Rio de Janeiro (RJ),3,Gold
CLI-86641,52,Minas Gerais (MG),3,Gold
CLI-46746,22,São Paulo (SP),1,Silver
CLI-45806,30,Paraná (PR),1,Silver
CLI-67668,45,Bahia (BA),4,Gold
CLI-61786,32,Rio de Janeiro (RJ),3,Gold
CLI-17480,33,Rio de Janeiro (RJ),4,Gold
CLI-76308,23,Rio de Janeiro (RJ),2,Silver
CLI-31526,63,Bahia (BA),2,Silver
CLI-46583,53,Minas Gerais (MG),4,Gold
CLI-22305,32,Paraná (PR),3,Gold
CLI-44624,42,Rio de Janeiro (RJ),1,Silver
CLI-44415,38,Bahia (BA),1,Silver
CLI-66775,46,São Paulo (SP),4,Gold
CLI-32058,25,Paraná (PR),4,Gold
CLI-46543,41,São Paulo (SP),4,Gold
CLI-16667,24,Bahia (BA),3,Gold
CLI-21959,31,Paraná (PR),2,Silver
CLI-94111,19,São Paulo (SP),2,Silver
CLI-51118,26,Rio de Janeiro (RJ),1,Silver
CLI-99058,35,Minas Gerais (MG),2,Silver
CLI-20721,64,Paraná (PR),3,Gold
CLI-80605,51,Rio de Janeiro (RJ),2,Silver
CLI-38639,38,Paraná (PR),1,Silver
CLI-36219,24,Rio de Janeiro (RJ),3,Gold
CLI-37930,65,Paraná (PR),4,Gold
CLI-39302,57,São Paulo (SP),4,Gold
CLI-80632,23,Paraná (PR),2,Silver
CLI-58700,56,Minas Gerais (MG),3,Gold
CLI-75127,64,Minas Gerais (MG),3,Gold
CLI-87193,20,Rio de Janeiro (RJ),3,Gold
CLI-38049,49,Rio de Janeiro (RJ),4,Gold
CLI-94582,20,São Paulo (SP),3,Gold
CLI-75523,38,Paraná (PR),1,Silver
CLI-68626,48,São Paulo (SP),4,Gold
CLI-45537,50,Bahia (BA),1,Silver
CLI-93644,32,Rio de Janeiro (RJ),3,Gold
CLI-38381,51,Bahia (BA),2,Silver
CLI-81062,47,Minas Gerais (MG),2,Silver
CLI-28645,30,Paraná (PR),1,Silver
CLI-88353,45,Bahia (BA),4,Gold
CLI-82541,34,Bahia (BA),1,Silver
CLI-16304,52,São Paulo (SP),4,Gold
CLI-24280,51,Bahia (BA),2,Silver
CLI-35392,18,Bahia (BA),1,Silver
CLI-46514,38,Minas Gerais (MG),1,Silver
CLI-32495,24,São Paulo (SP),3,Gold
CLI-75232,63,Minas Gerais (MG),2,Silver
CLI-51192,18,Minas Gerais (MG),1,Silver
CLI-19150,18,Minas Gerais (MG),1,Silver
CLI-61502,37,Rio de Janeiro (RJ),4,Gold
CLI-85951,52,Paraná (PR),3,Gold
CLI-12588,56,Bahia (BA),3,Gold
CLI-53048,58,Minas Gerais (MG),1,Silver
CLI-71207,37,São Paulo (SP),4,Gold
CLI-60782,24,São Paulo (SP),3,Gold
CLI-99086,23,Rio de Janeiro (RJ),2,Silver
CLI-32232,46,Bahia (BA),1,Silver
CLI-71726,24,Bahia (BA),3,Gold
CLI-73605,19,Rio de Janeiro (RJ),2,Silver
CLI-43320,39,São Paulo (SP),4,Gold
CLI-38014,39,Bahia (BA),2,Silver
CLI-41005,21,Paraná (PR),4,Gold
CLI-87925,62,Minas Gerais (MG),1,Silver
CLI-52969,47,Rio de Janeiro (RJ),2,Silver
CLI-87498,39,São Paulo (SP),4,Gold
CLI-23340,28,Rio de Janeiro (RJ),3,Gold
CLI-63593,30,Minas Gerais (MG),1,Silver
CLI-19346,25,Paraná (PR),4,Gold
CLI-58088,24,Rio de Janeiro (RJ),3,Gold
CLI-63346,54,Bahia (BA),1,Silver
CLI-63736,65,Bahia (BA),4,Gold
CLI-11164,64,Paraná (PR),3,Gold
CLI-88745,41,São Paulo (SP),4,Gold
CLI-85691,48,São Paulo (SP),4,Gold
CLI-20572,42,Minas Gerais (MG),1,Silver
CLI-31050,42,Rio de Janeiro (RJ),1,Silver
CLI-12129,30,Paraná (PR),1,Silver
CLI-47622,20,São Paulo (SP),3,Gold
CLI-85557,49,Rio de Janeiro (RJ),4,Gold
CLI-51049,58,Paraná (PR),1,Silver
CLI-14610,45,Bahia (BA),4,Gold
CLI-92410,52,Bahia (BA),3,Gold
CLI-12040,21,Paraná (PR),4,Gold
CLI-41635,63,Paraná (PR),2,Silver
CLI-24240,61,Rio de Janeiro (RJ),4,Gold
CLI-40021,45,Bahia (BA),4,Gold
CLI-17293,59,Rio de Janeiro (RJ),2,Silver
CLI-42283,60,Rio de Janeiro (RJ),3,Gold
CLI-60756,65,São Paulo (SP),4,Gold
CLI-86526,58,Bahia (BA),1,Silver
CLI-87519,38,Bahia (BA),1,Silver
CLI-74066,56,Bahia (BA),3,Gold
CLI-71972,22,Rio de Janeiro (RJ),1,Silver
CLI-48039,38,Minas Gerais (MG),1,Silver
CLI-94638,46,Minas Gerais (MG),1,Silver
CLI-60897,31,São Paulo (SP),2,Silver
CLI-63254,50,São Paulo (SP),4,Gold
CLI-76433,18,Bahia (BA),1,Silver
CLI-39004,65,Bahia (BA),4,Gold
CLI-89161,55,Bahia (BA),2,Silver
CLI-96205,59,Minas Gerais (MG),2,Silver
CLI-72704,42,Minas Gerais (MG),1,Silver
CLI-51084,60,Rio de Janeiro (RJ),3,Gold
CLI-53384,51,Paraná (PR),2,Silver
CLI-32409,52,São Paulo (SP),4,Gold
CLI-57077,45,Bahia (BA),4,Gold
CLI-95298,21,Bahia (BA),4,Gold
CLI-99996,24,Rio de Janeiro (RJ),3,Gold
CLI-72358,47,Paraná (PR),2,Silver
CLI-79158,29,São Paulo (SP),4,Gold
CLI-79475,43,Paraná (PR),2,Silver
CLI-26183,53,Bahia (BA),4,Gold
CLI-79795,47,Bahia (BA),2,Silver
CLI-74122,53,Minas Gerais (MG),4,Gold
CLI-18417,51,São Paulo (SP),4,Gold
CLI-53891,37,São Paulo (SP),4,Gold
CLI-12846,28,Bahia (BA),3,Gold
CLI-40787,18,Paraná (PR),1,Silver
CLI-94757,45,Paraná (PR),4,Gold
CLI-32998,23,Rio de Janeiro (RJ),2,Silver
CLI-91201,37,São Paulo (SP),4,Gold
CLI-95119,52,Rio de Janeiro (RJ),3,Gold
CLI-88106,44,Paraná (PR),3,Gold
CLI-62253,62,Paraná (PR),1,Silver
CLI-53535,22,Rio de Janeiro (RJ),1,Silver
CLI-70848,62,Bahia (BA),1,Silver
CLI-99090,59,Minas Gerais (MG),2,Silver
CLI-48743,65,Paraná (PR),4,Gold
CLI-88606,38,Paraná (PR),1,Silver
CLI-45350,56,Bahia (BA),3,Gold
CLI-48123,40,Bahia (BA),3,Gold
CLI-69121,30,Rio de Janeiro (RJ),1,Silver
CLI-88629,21,São Paulo (SP),4,Gold
CLI-69447,30,São Paulo (SP),1,Silver
CLI-87095,56,Paraná (PR),3,Gold
CLI-42702,55,São Paulo (SP),4,Gold
CLI-59362,23,Minas Gerais (MG),2,Silver
CLI-11926,44,Minas Gerais (MG),3,Gold
CLI-32394,53,Paraná (PR),4,Gold
CLI-30941,43,São Paulo (SP),4,Gold
CLI-68863,55,Minas Gerais (MG),2,Silver
CLI-56643,61,Paraná (PR),4,Gold
CLI-16290,45,Bahia (BA),4,Gold
CLI-14332,19,Minas Gerais (MG),2,Silver
CLI-32916,23,Rio de Janeiro (RJ),2,Silver
CLI-12688,61,São Paulo (SP),4,Gold
CLI-28880,28,Paraná (PR),3,Gold
CLI-64357,63,Paraná (PR),2,Silver
CLI-19876,53,Bahia (BA),4,Gold
CLI-22514,32,Paraná (PR),3,Gold
CLI-38974,39,Bahia (BA),2,Silver
CLI-67333,55,Paraná (PR),2,Silver
CLI-34436,26,Rio de Janeiro (RJ),1,Silver
CLI-70690,46,Minas Gerais (MG),1,Silver
CLI-70425,61,Bahia (BA),4,Gold
CLI-83010,48,Rio de Janeiro (RJ),3,Gold
CLI-42632,45,Paraná (PR),4,Gold
CLI-52784,64,Minas Gerais (MG),3,Gold
CLI-68005,34,São Paulo (SP),1,Silver
CLI-46965,40,Rio de Janeiro (RJ),3,Gold
CLI-19144,51,Rio de Janeiro (RJ),2,Silver
CLI-66214,38,Paraná (PR),1,Silver
CLI-13798,38,Rio de Janeiro (RJ),1,Silver
CLI-79964,51,São Paulo (SP),4,Gold
CLI-57743,45,Paraná (PR),4,Gold
CLI-63609,59,São Paulo (SP),2,Silver
CLI-73019,40,Bahia (BA),3,Gold
CLI-12048,48,São Paulo (SP),4,Gold
CLI-52862,62,Rio de Janeiro (RJ),1,Silver
CLI-82627,27,São Paulo (SP),2,Silver
CLI-16776,48,Rio de Janeiro (RJ),3,Gold
CLI-66262,52,Rio de Janeiro (RJ),3,Gold
CLI-29311,65,Minas Gerais (MG),4,Gold
CLI-67176,65,Minas Gerais (MG),4,Gold
CLI-27571,27,Rio de Janeiro (RJ),2,Silver
CLI-77305,28,Minas Gerais (MG),3,Gold
CLI-68978,50,Paraná (PR),1,Silver
CLI-18590,37,Minas Gerais (MG),4,Gold
CLI-62049,63,Minas Gerais (MG),2,Silver
CLI-92338,53,Minas Gerais (MG),4,Gold
CLI-67711,60,São Paulo (SP),3,Gold
CLI-36957,47,Minas Gerais (MG),2,Silver
CLI-77306,20,Paraná (PR),3,Gold
CLI-23985,57,Bahia (BA),4,Gold
CLI-26304,29,Rio de Janeiro (RJ),4,Gold
CLI-58925,32,Paraná (PR),3,Gold
CLI-29453,33,Minas Gerais (MG),4,Gold
CLI-26240,64,Rio de Janeiro (RJ),3,Gold
CLI-11387,48,Paraná (PR),3,Gold
CLI-33820,46,Paraná (PR),1,Silver
CLI-38230,29,Paraná (PR),4,Gold
CLI-38326,56,Minas Gerais (MG),3,Gold
CLI-68355,30,São Paulo (SP),1,Silver
CLI-86661,54,Minas Gerais (MG),1,Silver
CLI-66557,23,São Paulo (SP),2,Silver
CLI-26424,48,São Paulo (SP),4,Gold
CLI-12899,20,Paraná (PR),3,Gold
CLI-44484,52,Bahia (BA),3,Gold
CLI-71429,60,Paraná (PR),3,Gold
CLI-98621,18,Bahia (BA),1,Silver
CLI-56252,38,Bahia (BA),1,Silver
CLI-92490,28,Bahia (BA),3,Gold
CLI-95661,57,Minas Gerais (MG),4,Gold
CLI-41710,21,São Paulo (SP),4,Gold
CLI-91439,51,Rio de Janeiro (RJ),2,Silver
CLI-63167,40,Rio de Janeiro (RJ),3,Gold
CLI-85747,24,Minas Gerais (MG),3,Gold
CLI-67619,32,São Paulo (SP),3,Gold
CLI-86332,58,São Paulo (SP),1,Silver
CLI-86055,32,Bahia (BA),3,Gold
CLI-62542,20,Minas Gerais (MG),3,Gold
CLI-11687,41,São Paulo (SP),4,Gold
CLI-24019,63,Bahia (BA),2,Silver
CLI-50668,61,Minas Gerais (MG),4,Gold
CLI-24192,58,Paraná (PR),1,Silver
CLI-36285,54,Minas Gerais (MG),1,Silver
CLI-32534,35,Paraná (PR),2,Silver
CLI-31179,52,Rio de Janeiro (RJ),3,Gold
CLI-56010,34,Bahia (BA),1,Silver
CLI-78799,61,Paraná (PR),4,Gold
CLI-23239,21,Paraná (PR),4,Gold
CLI-20011,61,Rio de Janeiro (RJ),4,Gold
CLI-65137,23,São Paulo (SP),2,Silver
CLI-50731,51,Paraná (PR),2,Silver
CLI-65302,64,Paraná (PR),3,Gold
CLI-28039,61,São Paulo (SP),4,Gold
CLI-91974,53,São Paulo (SP),4,Gold
CLI-86562,51,Minas Gerais (MG),2,Silver
CLI-69064,55,Rio de Janeiro (RJ),2,Silver
CLI-41669,30,Paraná (PR),1,Silver
CLI-25216,21,Paraná (PR),4,Gold
CLI-30096,50,Paraná (PR),1,Silver
CLI-15375,63,Paraná (PR),2,Silver
CLI-70759,39,Rio de Janeiro (RJ),2,Silver
CLI-74408,58,Bahia (BA),1,Silver
CLI-66521,26,Bahia (BA),1,Silver
CLI-99752,47,Paraná (PR),2,Silver
CLI-31588,55,Minas Gerais (MG),2,Silver
CLI-64112,33,São Paulo (SP),4,Gold
CLI-29200,55,Paraná (PR),2,Silver
CLI-10337,45,Bahia (BA),4,Gold
CLI-22603,22,Rio de Janeiro (RJ),1,Silver
CLI-24408,20,Rio de Janeiro (RJ),3,Gold
CLI-44830,54,São Paulo (SP),4,Gold
CLI-71525,39,Bahia (BA),2,Silver
CLI-11129,53,Rio de Janeiro (RJ),4,Gold
CLI-19861,63,Rio de Janeiro (RJ),2,Silver
CLI-39225,24,Rio de Janeiro (RJ),3,Gold
CLI-82914,25,Minas Gerais (MG),4,Gold
CLI-37711,18,Minas Gerais (MG),1,Silver
CLI-89507,26,Minas Gerais (MG),1,Silver
CLI-36254,54,Paraná (PR),1,Silver
CLI-47933,53,Paraná (PR),4,Gold
CLI-46037,21,Rio de Janeiro (RJ),4,Gold
CLI-88507,34,São Paulo (SP),1,Silver
CLI-67328,55,Paraná (PR),2,Silver
CLI-40889,60,Paraná (PR),3,Gold
CLI-44221,62,Bahia (BA),1,Silver
CLI-47071,61,Bahia (BA),4,Gold
CLI-48873,48,Minas Gerais (MG),3,Gold
CLI-47885,56,São Paulo (SP),3,Gold
CLI-95124,30,Bahia (BA),1,Silver
CLI-52949,49,Bahia (BA),4,Gold
CLI-45374,58,Rio de Janeiro (RJ),1,Silver
CLI-84771,18,Paraná (PR),1,Silver
CLI-53462,18,Paraná (PR),1,Silver
CLI-13261,34,Minas Gerais (MG),1,Silver
CLI-45808,41,Bahia (BA),4,Gold
CLI-81668,21,Paraná (PR),4,Gold
CLI-22346,56,Rio de Janeiro (RJ),3,Gold
CLI-42353,18,Paraná (PR),1,Silver
CLI-63453,63,Minas Gerais (MG),2,Silver
CLI-83417,42,Bahia (BA),1,Silver
CLI-87898,22,Rio de Janeiro (RJ),1,Silver
CLI-22239,47,Rio de Janeiro (RJ),2,Silver
CLI-22726,46,São Paulo (SP),4,Gold
CLI-77930,62,Bahia (BA),1,Silver
CLI-87196,57,São Paulo (SP),4,Gold
CLI-70770,58,São Paulo (SP),1,Silver
CLI-45766,19,Rio de Janeiro (RJ),2,Silver
CLI-38792,54,Minas Gerais (MG),1,Silver
CLI-31498,64,Minas Gerais (MG),3,Gold
CLI-25736,62,Bahia (BA),1,Silver
CLI-67616,57,Paraná (PR),4,Gold
CLI-63111,26,Paraná (PR),1,Silver
CLI-20928,26,Bahia (BA),1,Silver
CLI-43255,19,Minas Gerais (MG),2,Silver
CLI-54822,37,São Paulo (SP),4,Gold
CLI-55638,53,São Paulo (SP),4,Gold
CLI-12768,40,Paraná (PR),3,Gold
CLI-29668,36,Bahia (BA),3,Gold
CLI-56566,35,São Paulo (SP),4,Gold
CLI-37551,48,Minas Gerais (MG),3,Gold
CLI-58386,23,São Paulo (SP),2,Silver
CLI-82422,40,Rio de Janeiro (RJ),3,Gold
CLI-73485,29,Bahia (BA),4,Gold
CLI-68855,41,Rio de Janeiro (RJ),4,Gold
CLI-21551,49,Minas Gerais (MG),4,Gold
CLI-65274,64,São Paulo (SP),3,Gold
CLI-23454,34,Paraná (PR),1,Silver
CLI-85698,20,Minas Gerais (MG),3,Gold
CLI-13281,62,Paraná (PR),1,Silver
CLI-23369,62,Rio de Janeiro (RJ),1,Silver
CLI-32649,43,Bahia (BA),2,Silver
CLI-44494,47,Minas Gerais (MG),2,Silver
CLI-87893,64,Rio de Janeiro (RJ),3,Gold
CLI-97611,32,Paraná (PR),3,Gold
CLI-63372,30,Rio de Janeiro (RJ),1,Silver
CLI-57386,37,Minas Gerais (MG),4,Gold
CLI-59221,53,Paraná (PR),4,Gold
CLI-72106,64,São Paulo (SP),3,Gold
CLI-62953,46,Paraná (PR),1,Silver
CLI-42565,37,Rio de Janeiro (RJ),4,Gold
CLI-28999,18,São Paulo (SP),1,Silver
CLI-98193,38,Minas Gerais (MG),1,Silver
CLI-84677,24,Minas Gerais (MG),3,Gold
CLI-43626,49,Minas Gerais (MG),4,Gold
CLI-60388,39,Bahia (BA),2,Silver
CLI-77312,25,Minas Gerais (MG),4,Gold
CLI-24524,56,Bahia (BA),3,Gold
CLI-42983,59,São Paulo (SP),2,Silver
CLI-92285,64,Paraná (PR),3,Gold
CLI-46556,54,Bahia (BA),1,Silver
CLI-33819,48,Minas Gerais (MG),3,Gold
CLI-14295,22,Bahia (BA),1,Silver
CLI-14645,42,Paraná (PR),1,Silver
CLI-21580,27,Bahia (BA),2,Silver
CLI-88079,63,Rio de Janeiro (RJ),2,Silver
CLI-10543,50,Paraná (PR),1,Silver
CLI-56232,32,Rio de Janeiro (RJ),3,Gold
CLI-70180,23,São Paulo (SP),2,Silver
CLI-22809,22,Paraná (PR),1,Silver
CLI-46486,28,Bahia (BA),3,Gold
CLI-84211,49,Bahia (BA),4,Gold
CLI-60289,56,São Paulo (SP),3,Gold
CLI-26502,38,Minas Gerais (MG),1,Silver
CLI-44725,45,Minas Gerais (MG),4,Gold
CLI-66527,28,São Paulo (SP),3,Gold
CLI-99072,24,Rio de Janeiro (RJ),3,Gold
CLI-54322,28,Bahia (BA),3,Gold
CLI-43763,37,São Paulo (SP),4,Gold
CLI-30832,23,Rio de Janeiro (RJ),2,Silver
CLI-37066,46,São Paulo (SP),4,Gold
CLI-34669,58,Rio de Janeiro (RJ),1,Silver
CLI-96016,36,Bahia (BA),3,Gold
CLI-66324,44,Bahia (BA),3,Gold
CLI-28536,45,Paraná (PR),4,Gold
CLI-61174,51,Rio de Janeiro (RJ),2,Silver
CLI-99280,30,Rio de Janeiro (RJ),1,Silver
CLI-36210,20,Rio de Janeiro (RJ),3,Gold
CLI-76800,57,Rio de Janeiro (RJ),4,Gold
CLI-22626,58,Minas Gerais (MG),1,Silver
CLI-25699,41,Bahia (BA),4,Gold
CLI-33202,47,Rio de Janeiro (RJ),2,Silver
CLI-40770,35,Minas Gerais (MG),2,Silver
CLI-85088,44,Bahia (BA),3,Gold
CLI-13212,24,Rio de Janeiro (RJ),3,Gold
CLI-14874,31,Bahia (BA),2,Silver
CLI-68047,19,Bahia (BA),2,Silver
CLI-91542,24,Paraná (PR),3,Gold
CLI-55301,27,Rio de Janeiro (RJ),2,Silver
CLI-99089,34,Bahia (BA),1,Silver
CLI-85284,46,Bahia (BA),1,Silver
CLI-61534,60,São Paulo (SP),3,Gold
CLI-50098,18,Minas Gerais (MG),1,Silver
CLI-91100,20,Minas Gerais (MG),3,Gold
CLI-49986,19,São Paulo (SP),2,Silver
CLI-85030,26,Rio de Janeiro (RJ),1,Silver
CLI-35153,28,Bahia (BA),3,Gold
CLI-82528,62,Paraná (PR),1,Silver
CLI-57528,40,Minas Gerais (MG),3,Gold
CLI-65320,38,São Paulo (SP),4,Gold
CLI-72132,50,Minas Gerais (MG),1,Silver
CLI-64798,56,Paraná (PR),3,Gold
CLI-50981,59,Bahia (BA),2,Silver
CLI-25457,56,Bahia (BA),3,Gold
CLI-75144,48,Paraná (PR),3,Gold
CLI-79337,23,Bahia (BA),2,Silver
CLI-90389,64,Minas Gerais (MG),3,Gold
CLI-74416,47,Paraná (PR),2,Silver
CLI-88189,41,Paraná (PR),4,Gold
CLI-22059,44,Minas Gerais (MG),3,Gold
CLI-57751,20,Rio de Janeiro (RJ),3,Gold
CLI-51855,38,São Paulo (SP),4,Gold
CLI-78208,23,São Paulo (SP),2,Silver
CLI-69297,21,Rio de Janeiro (RJ),4,Gold
CLI-68318,54,Bahia (BA),1,Silver
CLI-70665,58,Minas Gerais (MG),1,Silver
CLI-41201,61,Paraná (PR),4,Gold
CLI-40955,55,Paraná (PR),2,Silver
CLI-75424,38,São Paulo (SP),4,Gold
CLI-30484,51,Rio de Janeiro (RJ),2,Silver
CLI-57750,65,São Paulo (SP),4,Gold
CLI-14649,21,Rio de Janeiro (RJ),4,Gold
CLI-48173,52,Minas Gerais (MG),3,Gold
CLI-46780,45,Bahia (BA),4,Gold
CLI-70976,38,Bahia (BA),1,Silver
CLI-24538,62,Minas Gerais (MG),1,Silver
CLI-92323,39,Bahia (BA),2,Silver
CLI-17940,57,Paraná (PR),4,Gold
CLI-20004,18,Paraná (PR),1,Silver
CLI-41631,55,Rio de Janeiro (RJ),2,Silver
CLI-57926,59,Bahia (BA),2,Silver
CLI-65270,21,Bahia (BA),4,Gold
CLI-55200,48,Bahia (BA),3,Gold
CLI-22873,34,Minas Gerais (MG),1,Silver
CLI-74271,48,São Paulo (SP),4,Gold
CLI-69380,56,Rio de Janeiro (RJ),3,Gold
CLI-87671,29,Paraná (PR),4,Gold
CLI-36928,63,Bahia (BA),2,Silver
CLI-63149,32,Paraná (PR),3,Gold
CLI-23718,43,São Paulo (SP),4,Gold
CLI-57899,40,Bahia (BA),3,Gold
CLI-80337,33,Bahia (BA),4,Gold
CLI-73517,38,Minas Gerais (MG),1,Silver
CLI-67165,39,Bahia (BA),2,Silver
CLI-79524,43,Paraná (PR),2,Silver
CLI-63141,37,Minas Gerais (MG),4,Gold
CLI-14683,53,Paraná (PR),4,Gold
CLI-13147,43,Rio de Janeiro (RJ),2,Silver
CLI-89035,64,São Paulo (SP),3,Gold
CLI-83702,19,São Paulo (SP),2,Silver
CLI-43453,65,Paraná (PR),4,Gold
CLI-10781,57,Rio de Janeiro (RJ),4,Gold
CLI-62898,46,Minas Gerais (MG),1,Silver
CLI-51242,41,Rio de Janeiro (RJ),4,Gold
CLI-88050,20,Bahia (BA),3,Gold
CLI-57818,44,Bahia (BA),3,Gold
CLI-74981,28,Paraná (PR),3,Gold
CLI-79697,41,Rio de Janeiro (RJ),4,Gold
CLI-26837,35,Minas Gerais (MG),2,Silver
CLI-89074,37,Bahia (BA),4,Gold
CLI-19583,58,São Paulo (SP),1,Silver
CLI-53059,64,Paraná (PR),3,Gold
CLI-87408,59,Paraná (PR),2,Silver
CLI-50823,52,São Paulo (SP),4,Gold
CLI-80041,24,São Paulo (SP),3,Gold
CLI-96305,53,Bahia (BA),4,Gold
CLI-61046,61,Bahia (BA),4,Gold
CLI-23757,34,São Paulo (SP),1,Silver
CLI-17842,36,Bahia (BA),3,Gold
CLI-77852,28,Rio de Janeiro (RJ),3,Gold
CLI-68291,35,São Paulo (SP),4,Gold
CLI-68121,42,São Paulo (SP),4,Gold
CLI-40689,45,São Paulo (SP),4,Gold
CLI-72560,64,Bahia (BA),3,Gold
CLI-73523,36,Paraná (PR),3,Gold
CLI-26545,18,Rio de Janeiro (RJ),1,Silver
CLI-28597,53,Minas Gerais (MG),4,Gold
CLI-29939,18,São Paulo (SP),1,Silver
CLI-49631,30,Rio de Janeiro (RJ),1,Silver
CLI-79736,50,Bahia (BA),1,Silver
CLI-98526,44,Minas Gerais (MG),3,Gold
CLI-58542,31,Minas Gerais (MG),2,Silver
CLI-12335,49,São Paulo (SP),4,Gold
CLI-55339,33,Rio de Janeiro (RJ),4,Gold
CLI-23062,54,Minas Gerais (MG),1,Silver
CLI-18007,19,São Paulo (SP),2,Silver
CLI-44005,29,São Paulo (SP),4,Gold
CLI-40234,64,Minas Gerais (MG),3,Gold
CLI-94523,33,São Paulo (SP),4,Gold
CLI-94478,44,Rio de Janeiro (RJ),3,Gold
CLI-87876,43,Minas Gerais (MG),2,Silver
CLI-13961,63,Minas Gerais (MG),2,Silver
CLI-59808,19,Paraná (PR),2,Silver
CLI-66532,41,Minas Gerais (MG),4,Gold
CLI-44125,38,Bahia (BA),1,Silver
CLI-50266,20,Bahia (BA),3,Gold
CLI-93314,22,Paraná (PR),1,Silver
CLI-65060,56,São Paulo (SP),3,Gold
CLI-14425,44,Bahia (BA),3,Gold
CLI-96870,51,São Paulo (SP),4,Gold
CLI-35554,54,Bahia (BA),1,Silver
CLI-77670,46,Rio de Janeiro (RJ),1,Silver
CLI-67599,28,Bahia (BA),3,Gold
CLI-73199,54,Minas Gerais (MG),1,Silver
CLI-38764,25,Bahia (BA),4,Gold
CLI-57955,43,São Paulo (SP),4,Gold
CLI-65655,42,Rio de Janeiro (RJ),1,Silver
CLI-44795,37,São Paulo (SP),4,Gold
CLI-94630,65,Bahia (BA),4,Gold
CLI-70324,62,São Paulo (SP),1,Silver
CLI-98859,53,Rio de Janeiro (RJ),4,Gold
CLI-33792,20,Paraná (PR),3,Gold
CLI-99130,22,Minas Gerais (MG),1,Silver
CLI-86521,29,Bahia (BA),4,Gold
CLI-26062,43,Paraná (PR),2,Silver
CLI-27267,19,Bahia (BA),2,Silver
CLI-99728,51,Minas Gerais (MG),2,Silver
CLI-26586,48,São Paulo (SP),4,Gold
CLI-51773,23,São Paulo (SP),2,Silver
CLI-68657,21,Minas Gerais (MG),4,Gold
CLI-18818,46,Rio de Janeiro (RJ),1,Silver
CLI-81872,36,Rio de Janeiro (RJ),3,Gold
CLI-91879,57,Rio de Janeiro (RJ),4,Gold
CLI-61930,38,Bahia (BA),1,Silver
CLI-46864,44,Bahia (BA),3,Gold
CLI-94884,59,Rio de Janeiro (RJ),2,Silver
CLI-71715,27,Rio de Janeiro (RJ),2,Silver
CLI-42267,44,Rio de Janeiro (RJ),3,Gold
CLI-93207,50,Paraná (PR),1,Silver
CLI-55247,58,Rio de Janeiro (RJ),1,Silver
CLI-61430,33,Paraná (PR),4,Gold
CLI-36151,33,Paraná (PR),4,Gold
CLI-42166,33,Paraná (PR),4,Gold
CLI-84297,55,São Paulo (SP),4,Gold
CLI-42698,56,Rio de Janeiro (RJ),3,Gold
CLI-63365,25,Paraná (PR),4,Gold
CLI-39825,51,Bahia (BA),2,Silver
CLI-99951,63,Bahia (BA),2,Silver
CLI-80201,31,Bahia (BA),2,Silver
CLI-15119,37,Bahia (BA),4,Gold
CLI-49713,33,Minas Gerais (MG),4,Gold
CLI-44497,51,Paraná (PR),2,Silver
CLI-91608,45,Rio de Janeiro (RJ),4,Gold
CLI-89238,32,Paraná (PR),3,Gold
CLI-35619,45,Rio de Janeiro (RJ),4,Gold
CLI-77025,31,Paraná (PR),2,Silver
CLI-74906,39,Bahia (BA),2,Silver
CLI-92752,57,Paraná (PR),4,Gold
CLI-78521,47,Bahia (BA),2,Silver
CLI-64599,57,Minas Gerais (MG),4,Gold
CLI-55191,56,São Paulo (SP),3,Gold
CLI-68028,49,Rio de Janeiro (RJ),4,Gold
CLI-66272,23,Rio de Janeiro (RJ),2,Silver
CLI-76240,47,Bahia (BA),2,Silver
CLI-13620,52,Rio de Janeiro (RJ),3,Gold
CLI-96293,26,Bahia (BA),1,Silver
CLI-97124,54,Minas Gerais (MG),1,Silver
CLI-88104,49,Rio de Janeiro (RJ),4,Gold
CLI-54375,53,Bahia (BA),4,Gold
CLI-29666,58,Rio de Janeiro (RJ),1,Silver
CLI-48886,53,Paraná (PR),4,Gold
CLI-62778,34,Bahia (BA),1,Silver
CLI-45429,25,Bahia (BA),4,Gold
CLI-23872,44,Bahia (BA),3,Gold
CLI-84162,41,Rio de Janeiro (RJ),4,Gold
CLI-96028,52,Paraná (PR),3,Gold
CLI-94540,53,Bahia (BA),4,Gold
CLI-20424,24,Bahia (BA),3,Gold
CLI-52475,60,Bahia (BA),3,Gold
CLI-73090,55,São Paulo (SP),4,Gold
CLI-83326,30,Rio de Janeiro (RJ),1,Silver
CLI-88373,25,Rio de Janeiro (RJ),4,Gold
CLI-49525,60,São Paulo (SP),3,Gold
CLI-55343,35,Minas Gerais (MG),2,Silver
CLI-65720,40,São Paulo (SP),4,Gold
CLI-69634,31,Minas Gerais (MG),2,Silver
CLI-55539,27,Minas Gerais (MG),2,Silver
CLI-16977,27,Bahia (BA),2,Silver
CLI-74557,23,Minas Gerais (MG),2,Silver
CLI-93708,58,São Paulo (SP),1,Silver
CLI-33170,48,Bahia (BA),3,Gold
CLI-57172,36,Rio de Janeiro (RJ),3,Gold
CLI-83400,62,Bahia (BA),1,Silver
CLI-45476,58,Minas Gerais (MG),1,Silver
CLI-72410,45,Bahia (BA),4,Gold
CLI-83042,18,São Paulo (SP),1,Silver
CLI-41939,64,Paraná (PR),3,Gold
CLI-60758,27,Paraná (PR),2,Silver
CLI-45279,42,Rio de Janeiro (RJ),1,Silver
CLI-42020,33,Paraná (PR),4,Gold
CLI-69089,38,Rio de Janeiro (RJ),1,Silver
CLI-10636,32,Bahia (BA),3,Gold
CLI-74893,44,Paraná (PR),3,Gold
CLI-23101,50,São Paulo (SP),4,Gold
CLI-46473,31,Paraná (PR),2,Silver
CLI-99886,19,Rio de Janeiro (RJ),2,Silver
CLI-55978,22,Bahia (BA),1,Silver
CLI-49040,18,Minas Gerais (MG),1,Silver
CLI-83904,38,Bahia (BA),1,Silver
CLI-73731,32,Rio de Janeiro (RJ),3,Gold
CLI-50987,35,São Paulo (SP),4,Gold
CLI-53049,62,São Paulo (SP),1,Silver
CLI-25152,26,São Paulo (SP),1,Silver
CLI-58165,39,Rio de Janeiro (RJ),2,Silver
CLI-66976,48,Rio de Janeiro (RJ),3,Gold
CLI-74531,28,São Paulo (SP),3,Gold
CLI-55588,19,São Paulo (SP),2,Silver
CLI-71904,44,Paraná (PR),3,Gold
CLI-11406,39,Paraná (PR),2,Silver
CLI-12516,44,Minas Gerais (MG),3,Gold
CLI-14045,46,São Paulo (SP),4,Gold
CLI-84686,39,São Paulo (SP),4,Gold
CLI-83331,43,Paraná (PR),2,Silver
CLI-35903,44,Minas Gerais (MG),3,Gold
CLI-55889,28,Paraná (PR),3,Gold
CLI-98098,40,Rio de Janeiro (RJ),3,Gold
CLI-23942,31,Bahia (BA),2,Silver
CLI-57479,37,Paraná (PR),4,Gold
CLI-81933,46,Rio de Janeiro (RJ),1,Silver
CLI-69036,22,Bahia (BA),1,Silver
CLI-67264,24,Rio de Janeiro (RJ),3,Gold
CLI-30216,18,São Paulo (SP),1,Silver
CLI-92274,51,Paraná (PR),2,Silver
CLI-97696,23,Bahia (BA),2,Silver
CLI-52478,48,Rio de Janeiro (RJ),3,Gold
CLI-34364,27,Minas Gerais (MG),2,Silver
CLI-11837,41,Bahia (BA),4,Gold
CLI-43466,41,São Paulo (SP),4,Gold
CLI-94468,27,Minas Gerais (MG),2,Silver
CLI-95907,35,Bahia (BA),2,Silver
CLI-13797,39,Paraná (PR),2,Silver
CLI-26742,35,São Paulo (SP),4,Gold
CLI-85603,23,Rio de Janeiro (RJ),2,Silver
CLI-43686,60,Paraná (PR),3,Gold
CLI-34046,57,Rio de Janeiro (RJ),4,Gold
CLI-10065,52,Bahia (BA),3,Gold
CLI-38441,33,Bahia (BA),4,Gold
CLI-70185,21,São Paulo (SP),4,Gold
CLI-85784,19,Bahia (BA),2,Silver
CLI-56187,22,Minas Gerais (MG),1,Silver
CLI-56576,49,Paraná (PR),4,Gold
CLI-34659,57,São Paulo (SP),4,Gold
CLI-58144,52,São Paulo (SP),4,Gold
CLI-88437,34,Rio de Janeiro (RJ),1,Silver
CLI-98135,27,Minas Gerais (MG),2,Silver
CLI-96984,61,Minas Gerais (MG),4,Gold
CLI-37918,65,Rio de Janeiro (RJ),4,Gold
CLI-19848,28,Bahia (BA),3,Gold
CLI-63636,63,Paraná (PR),2,Silver
CLI-39856,29,São Paulo (SP),4,Gold
CLI-19380,65,Minas Gerais (MG),4,Gold
CLI-22244,51,Minas Gerais (MG),2,Silver
CLI-83993,37,Minas Gerais (MG),4,Gold
CLI-54483,34,Rio de Janeiro (RJ),1,Silver
CLI-33981,54,Minas Gerais (MG),1,Silver
CLI-77626,25,Minas Gerais (MG),4,Gold
CLI-11139,24,São Paulo (SP),3,Gold
CLI-78609,33,Rio de Janeiro (RJ),4,Gold
CLI-13522,60,São Paulo (SP),3,Gold
CLI-40036,22,Bahia (BA),1,Silver
CLI-45588,32,Rio de Janeiro (RJ),3,Gold
CLI-59447,55,Bahia (BA),2,Silver
CLI-76142,24,Bahia (BA),3,Gold
CLI-50274,46,Minas Gerais (MG),1,Silver
CLI-38880,37,Paraná (PR),4,Gold
CLI-89395,63,Minas Gerais (MG),2,Silver
CLI-32688,27,Rio de Janeiro (RJ),2,Silver
CLI-54712,19,Bahia (BA),2,Silver
CLI-84943,38,Paraná (PR),1,Silver
CLI-85130,62,Paraná (PR),1,Silver
CLI-46946,46,Rio de Janeiro (RJ),1,Silver
CLI-35131,31,Paraná (PR),2,Silver
CLI-30407,55,Rio de Janeiro (RJ),2,Silver
CLI-67577,33,Minas Gerais (MG),4,Gold
CLI-36443,31,São Paulo (SP),2,Silver
CLI-48521,19,Minas Gerais (MG),2,Silver
CLI-89455,37,Rio de Janeiro (RJ),4,Gold
CLI-95291,58,São Paulo (SP),1,Silver
CLI-75666,62,Paraná (PR),1,Silver
CLI-97179,45,Bahia (BA),4,Gold
CLI-84025,64,Paraná (PR),3,Gold
CLI-16479,44,São Paulo (SP),4,Gold
CLI-37747,37,Minas Gerais (MG),4,Gold
CLI-94472,38,Rio de Janeiro (RJ),1,Silver
CLI-45773,59,Paraná (PR),2,Silver
CLI-28436,42,Minas Gerais (MG),1,Silver
CLI-76615,26,Minas Gerais (MG),1,Silver
CLI-63160,37,São Paulo (SP),4,Gold
CLI-67859,25,Minas Gerais (MG),4,Gold
CLI-86842,60,São Paulo (SP),3,Gold
CLI-39893,45,Minas Gerais (MG),4,Gold
CLI-83094,25,Paraná (PR),4,Gold
CLI-19978,31,Bahia (BA),2,Silver
CLI-18522,65,Rio de Janeiro (RJ),4,Gold
CLI-57170,49,Bahia (BA),4,Gold
CLI-95472,52,Rio de Janeiro (RJ),3,Gold
CLI-72892,19,Minas Gerais (MG),2,Silver
CLI-33253,29,Bahia (BA),4,Gold
CLI-67554,49,Paraná (PR),4,Gold
CLI-53575,38,Minas Gerais (MG),1,Silver
CLI-13232,60,Paraná (PR),3,Gold
CLI-34677,45,São Paulo (SP),4,Gold
CLI-60462,18,Paraná (PR),1,Silver
CLI-71577,18,Minas Gerais (MG),1,Silver
CLI-54550,65,Paraná (PR),4,Gold
CLI-60621,36,Minas Gerais (MG),3,Gold
CLI-49892,39,Minas Gerais (MG),2,Silver
CLI-73403,36,Minas Gerais (MG),3,Gold
CLI-41576,18,Bahia (BA),1,Silver
CLI-42624,46,Rio de Janeiro (RJ),1,Silver
CLI-44895,41,Paraná (PR),4,Gold
CLI-91029,49,Rio de Janeiro (RJ),4,Gold
CLI-89716,43,Paraná (PR),2,Silver
CLI-66544,62,São Paulo (SP),1,Silver
CLI-82311,52,Minas Gerais (MG),3,Gold
CLI-79186,34,Bahia (BA),1,Silver
CLI-59826,30,Rio de Janeiro (RJ),1,Silver
CLI-14599,32,São Paulo (SP),3,Gold
CLI-26701,65,Rio de Janeiro (RJ),4,Gold
CLI-60982,42,São Paulo (SP),4,Gold
CLI-44956,42,Rio de Janeiro (RJ),1,Silver
CLI-75723,48,Bahia (BA),3,Gold
CLI-94070,59,Minas Gerais (MG),2,Silver
CLI-45436,63,Paraná (PR),2,Silver
CLI-69829,37,Minas Gerais (MG),4,Gold
CLI-39499,38,Bahia (BA),1,Silver
CLI-81603,31,Paraná (PR),2,Silver
CLI-29873,20,Rio de Janeiro (RJ),3,Gold
CLI-77910,25,Rio de Janeiro (RJ),4,Gold
CLI-79767,29,Rio de Janeiro (RJ),4,Gold
CLI-73708,24,Rio de Janeiro (RJ),3,Gold
CLI-48366,49,São Paulo (SP),4,Gold
CLI-12412,60,São Paulo (SP),3,Gold
CLI-80555,51,Minas Gerais (MG),2,Silver
CLI-60939,56,Rio de Janeiro (RJ),3,Gold
CLI-17323,36,Paraná (PR),3,Gold
CLI-85962,51,Paraná (PR),2,Silver
CLI-19874,48,Paraná (PR),3,Gold
CLI-34702,43,Minas Gerais (MG),2,Silver
CLI-30253,37,Minas Gerais (MG),4,Gold
CLI-71826,53,São Paulo (SP),4,Gold
CLI-61908,20,Bahia (BA),3,Gold
CLI-76717,47,Bahia (BA),2,Silver
CLI-64352,28,Rio de Janeiro (RJ),3,Gold
CLI-29623,32,Paraná (PR),3,Gold
CLI-59100,38,Paraná (PR),1,Silver
CLI-40046,53,Rio de Janeiro (RJ),4,Gold
CLI-92342,29,Paraná (PR),4,Gold
CLI-38063,55,Paraná (PR),2,Silver
CLI-24656,45,Bahia (BA),4,Gold
CLI-54166,27,São Paulo (SP),2,Silver
CLI-31755,55,Paraná (PR),2,Silver
CLI-91551,59,Minas Gerais (MG),2,Silver
CLI-54560,57,São Paulo (SP),4,Gold
CLI-20774,34,Rio de Janeiro (RJ),1,Silver
CLI-70412,56,Minas Gerais (MG),3,Gold
CLI-24044,58,Bahia (BA),1,Silver
CLI-97603,30,Paraná (PR),1,Silver
CLI-57892,22,Bahia (BA),1,Silver
CLI-29034,63,Bahia (BA),2,Silver
CLI-11076,60,Minas Gerais (MG),3,Gold
CLI-34043,43,Minas Gerais (MG),2,Silver
CLI-50666,22,Minas Gerais (MG),1,Silver
CLI-67266,48,Bahia (BA),3,Gold
CLI-92873,59,Bahia (BA),2,Silver
CLI-69446,20,São Paulo (SP),3,Gold
CLI-24747,38,Minas Gerais (MG),1,Silver
CLI-98530,32,São Paulo (SP),3,Gold
CLI-91013,49,Paraná (PR),4,Gold
CLI-78921,24,Rio de Janeiro (RJ),3,Gold
CLI-95822,37,São Paulo (SP),4,Gold
CLI-75062,57,São Paulo (SP),4,Gold
CLI-53253,53,Bahia (BA),4,Gold
CLI-45918,65,Bahia (BA),4,Gold
CLI-67767,42,Paraná (PR),1,Silver
CLI-32213,51,Paraná (PR),2,Silver
CLI-92594,61,São Paulo (SP),4,Gold
CLI-87599,23,Bahia (BA),2,Silver
CLI-49224,47,Minas Gerais (MG),2,Silver
CLI-43017,62,Bahia (BA),1,Silver
CLI-17990,26,São Paulo (SP),1,Silver
CLI-18048,42,Minas Gerais (MG),1,Silver
CLI-80147,21,Minas Gerais (MG),4,Gold
CLI-13112,27,Rio de Janeiro (RJ),2,Silver
CLI-98481,56,Bahia (BA),3,Gold
CLI-11001,29,Paraná (PR),4,Gold
CLI-90831,40,Rio de Janeiro (RJ),3,Gold
CLI-51374,27,São Paulo (SP),2,Silver
CLI-30054,28,Bahia (BA),3,Gold
CLI-70762,58,Bahia (BA),1,Silver
CLI-73405,42,Minas Gerais (MG),1,Silver
CLI-34382,49,São Paulo (SP),4,Gold
CLI-62753,18,São Paulo (SP),1,Silver
CLI-83487,41,Rio de Janeiro (RJ),4,Gold
CLI-75719,22,São Paulo (SP),1,Silver
CLI-18722,19,Minas Gerais (MG),2,Silver
CLI-49815,52,Minas Gerais (MG),3,Gold
CLI-70526,57,Rio de Janeiro (RJ),4,Gold
CLI-72128,63,Paraná (PR),2,Silver
CLI-38123,36,São Paulo (SP),4,Gold
CLI-17281,64,Bahia (BA),3,Gold
CLI-74646,39,Paraná (PR),2,Silver
CLI-68760,47,Minas Gerais (MG),2,Silver
CLI-49424,28,Paraná (PR),3,Gold
CLI-78634,50,Paraná (PR),1,Silver
CLI-65548,24,Minas Gerais (MG),3,Gold
CLI-53540,28,Paraná (PR),3,Gold
CLI-82903,55,Bahia (BA),2,Silver
CLI-26130,20,São Paulo (SP),3,Gold
CLI-26419,21,São Paulo (SP),4,Gold
CLI-60121,47,Minas Gerais (MG),2,Silver
CLI-11278,50,Bahia (BA),1,Silver
CLI-51428,55,Rio de Janeiro (RJ),2,Silver
CLI-93313,27,Bahia (BA),2,Silver
CLI-76556,61,Paraná (PR),4,Gold
CLI-30233,40,Rio de Janeiro (RJ),3,Gold
CLI-72836,48,Bahia (BA),3,Gold
CLI-89222,61,Paraná (PR),4,Gold
CLI-67555,31,Bahia (BA),2,Silver
CLI-19713,43,Paraná (PR),2,Silver
CLI-77770,49,Rio de Janeiro (RJ),4,Gold
CLI-89040,41,Rio de Janeiro (RJ),4,Gold
CLI-25970,49,Paraná (PR),4,Gold
CLI-72511,47,São Paulo (SP),4,Gold
CLI-97736,42,Minas Gerais (MG),1,Silver
CLI-63743,42,Minas Gerais (MG),1,Silver
CLI-48252,30,Rio de Janeiro (RJ),1,Silver
CLI-67963,36,São Paulo (SP),4,Gold
CLI-13879,22,Rio de Janeiro (RJ),1,Silver
CLI-96987,63,Minas Gerais (MG),2,Silver
CLI-80537,46,Rio de Janeiro (RJ),1,Silver
CLI-36910,39,Minas Gerais (MG),2,Silver
CLI-38472,51,Bahia (BA),2,Silver
CLI-56961,52,Paraná (PR),3,Gold
CLI-41247,65,Paraná (PR),4,Gold
CLI-57546,51,Bahia (BA),2,Silver
CLI-56588,52,Rio de Janeiro (RJ),3,Gold
CLI-40486,18,São Paulo (SP),1,Silver
CLI-45510,55,Minas Gerais (MG),2,Silver
CLI-31100,52,Rio de Janeiro (RJ),3,Gold
CLI-72456,23,Bahia (BA),2,Silver
CLI-35800,38,Minas Gerais (MG),1,Silver
CLI-78245,24,Paraná (PR),3,Gold
CLI-69713,25,Bahia (BA),4,Gold
CLI-97424,27,São Paulo (SP),2,Silver
CLI-58019,52,Rio de Janeiro (RJ),3,Gold
CLI-64823,59,São Paulo (SP),2,Silver
CLI-97022,37,Rio de Janeiro (RJ),4,Gold
CLI-22904,65,Rio de Janeiro (RJ),4,Gold
CLI-86552,31,São Paulo (SP),2,Silver
CLI-68793,38,Paraná (PR),1,Silver
CLI-47111,42,Minas Gerais (MG),1,Silver
CLI-38909,25,Paraná (PR),4,Gold
CLI-13817,39,Bahia (BA),2,Silver
CLI-18994,45,São Paulo (SP),4,Gold
CLI-67239,49,Bahia (BA),4,Gold
CLI-60906,33,Bahia (BA),4,Gold
CLI-26580,53,Bahia (BA),4,Gold
CLI-79071,59,São Paulo (SP),2,Silver
CLI-23435,28,São Paulo (SP),3,Gold
CLI-68485,39,Rio de Janeiro (RJ),2,Silver
CLI-72665,42,São Paulo (SP),4,Gold
CLI-12112,32,Paraná (PR),3,Gold
CLI-99009,49,Rio de Janeiro (RJ),4,Gold
CLI-66316,48,Paraná (PR),3,Gold
CLI-42804,37,Bahia (BA),4,Gold
CLI-54791,37,São Paulo (SP),4,Gold
CLI-16515,32,Paraná (PR),3,Gold
CLI-79757,20,Paraná (PR),3,Gold
CLI-56918,51,São Paulo (SP),4,Gold
CLI-65469,22,Minas Gerais (MG),1,Silver
CLI-54091,23,Paraná (PR),2,Silver
CLI-37381,57,Bahia (BA),4,Gold
CLI-17258,22,Bahia (BA),1,Silver
CLI-93706,18,Rio de Janeiro (RJ),1,Silver
CLI-41485,34,Bahia (BA),1,Silver
CLI-45023,57,Bahia (BA),4,Gold
CLI-79547,23,Rio de Janeiro (RJ),2,Silver
CLI-83442,43,Paraná (PR),2,Silver
CLI-46917,54,Bahia (BA),1,Silver
CLI-71209,31,Rio de Janeiro (RJ),2,Silver
CLI-63804,58,Paraná (PR),1,Silver
CLI-24515,37,São Paulo (SP),4,Gold
CLI-34000,23,Minas Gerais (MG),2,Silver
CLI-52040,44,São Paulo (SP),4,Gold
CLI-58772,54,Minas Gerais (MG),1,Silver
CLI-78362,48,Rio de Janeiro (RJ),3,Gold
CLI-18976,48,Minas Gerais (MG),3,Gold
CLI-91812,51,Bahia (BA),2,Silver
CLI-34240,47,Paraná (PR),2,Silver
CLI-75544,64,Bahia (BA),3,Gold
CLI-95821,35,São Paulo (SP),4,Gold
CLI-84495,43,São Paulo (SP),4,Gold
CLI-84285,39,Rio de Janeiro (RJ),2,Silver
CLI-53404,24,Rio de Janeiro (RJ),3,Gold
CLI-55972,57,Minas Gerais (MG),4,Gold
CLI-32549,63,Minas Gerais (MG),2,Silver
CLI-83316,46,Minas Gerais (MG),1,Silver
CLI-65614,36,Rio de Janeiro (RJ),3,Gold
CLI-57353,55,Paraná (PR),2,Silver
CLI-67383,27,Minas Gerais (MG),2,Silver
CLI-50350,18,São Paulo (SP),1,Silver
CLI-15373,32,Paraná (PR),3,Gold
CLI-24750,23,Bahia (BA),2,Silver
CLI-74873,60,Paraná (PR),3,Gold
CLI-71212,47,Rio de Janeiro (RJ),2,Silver
CLI-39857,32,Rio de Janeiro (RJ),3,Gold
CLI-88213,41,Rio de Janeiro (RJ),4,Gold
CLI-40185,43,Paraná (PR),2,Silver
CLI-34975,62,Bahia (BA),1,Silver
CLI-14804,61,Rio de Janeiro (RJ),4,Gold
CLI-83945,29,Minas Gerais (MG),4,Gold
CLI-17199,53,Minas Gerais (MG),4,Gold
CLI-96145,27,Bahia (BA),2,Silver
CLI-56214,43,Bahia (BA),2,Silver
CLI-44899,37,Rio de Janeiro (RJ),4,Gold
CLI-13983,29,Paraná (PR),4,Gold
CLI-18304,53,Minas Gerais (MG),4,Gold
CLI-45925,36,Minas Gerais (MG),3,Gold
CLI-29471,40,São Paulo (SP),4,Gold
CLI-37038,29,Minas Gerais (MG),4,Gold
CLI-88551,26,Bahia (BA),1,Silver
CLI-95781,22,Bahia (BA),1,Silver
CLI-22849,52,Paraná (PR),3,Gold
CLI-66765,27,Bahia (BA),2,Silver
CLI-45611,37,São Paulo (SP),4,Gold
CLI-84312,26,Rio de Janeiro (RJ),1,Silver
CLI-19904,22,Minas Gerais (MG),1,Silver
CLI-16951,26,Rio de Janeiro (RJ),1,Silver
CLI-17773,63,Paraná (PR),2,Silver
CLI-42747,46,Bahia (BA),1,Silver
CLI-38160,26,Minas Gerais (MG),1,Silver
CLI-27358,55,Paraná (PR),2,Silver
CLI-22534,20,Rio de Janeiro (RJ),3,Gold
CLI-41833,51,Minas Gerais (MG),2,Silver
CLI-19865,21,Minas Gerais (MG),4,Gold
CLI-75623,33,Bahia (BA),4,Gold
CLI-54648,56,Bahia (BA),3,Gold
CLI-36883,24,Paraná (PR),3,Gold
CLI-42319,41,São Paulo (SP),4,Gold
CLI-70915,36,Rio de Janeiro (RJ),3,Gold
CLI-26497,58,Paraná (PR),1,Silver
CLI-28971,22,São Paulo (SP),1,Silver
CLI-93053,18,Rio de Janeiro (RJ),1,Silver
CLI-75456,40,Bahia (BA),3,Gold
CLI-46041,51,São Paulo (SP),4,Gold
CLI-21478,39,Paraná (PR),2,Silver
CLI-67034,36,São Paulo (SP),4,Gold
CLI-53898,21,Rio de Janeiro (RJ),4,Gold
CLI-81853,28,São Paulo (SP),3,Gold
CLI-89313,33,Rio de Janeiro (RJ),4,Gold
CLI-73120,54,Minas Gerais (MG),1,Silver
CLI-48177,34,São Paulo (SP),1,Silver
CLI-34354,33,Rio de Janeiro (RJ),4,Gold
CLI-17891,41,São Paulo (SP),4,Gold
CLI-60397,46,Paraná (PR),1,Silver
CLI-28281,52,Rio de Janeiro (RJ),3,Gold
CLI-87321,47,São Paulo (SP),4,Gold
CLI-90125,24,Paraná (PR),3,Gold
CLI-67032,36,Minas Gerais (MG),3,Gold
CLI-77176,45,Minas Gerais (MG),4,Gold
CLI-54409,50,Minas Gerais (MG),1,Silver
CLI-74130,34,São Paulo (SP),1,Silver
CLI-86914,36,Minas Gerais (MG),3,Gold
CLI-84201,58,São Paulo (SP),1,Silver
CLI-35248,34,Minas Gerais (MG),1,Silver
CLI-59171,30,Minas Gerais (MG),1,Silver
CLI-43933,44,Minas Gerais (MG),3,Gold
CLI-33831,35,Rio de Janeiro (RJ),2,Silver
CLI-12600,46,São Paulo (SP),4,Gold
CLI-77614,58,Rio de Janeiro (RJ),1,Silver
CLI-51201,56,Paraná (PR),3,Gold
CLI-16063,55,São Paulo (SP),4,Gold
CLI-12806,59,Minas Gerais (MG),2,Silver
CLI-55805,57,Paraná (PR),4,Gold
CLI-15597,65,Paraná (PR),4,Gold
CLI-98389,50,Paraná (PR),1,Silver
CLI-93324,46,São Paulo (SP),4,Gold
CLI-82256,50,Paraná (PR),1,Silver
CLI-35715,32,Rio de Janeiro (RJ),3,Gold
CLI-90978,19,São Paulo (SP),2,Silver
CLI-47101,22,Paraná (PR),1,Silver
CLI-21150,51,Rio de Janeiro (RJ),2,Silver
CLI-77039,41,Minas Gerais (MG),4,Gold
CLI-93829,54,Minas Gerais (MG),1,Silver
CLI-62277,52,Paraná (PR),3,Gold
CLI-27309,62,São Paulo (SP),1,Silver
CLI-94744,60,São Paulo (SP),3,Gold
CLI-23241,59,Bahia (BA),2,Silver
CLI-39388,53,Paraná (PR),4,Gold
CLI-50073,39,Paraná (PR),2,Silver
CLI-45146,23,Bahia (BA),2,Silver
CLI-96777,47,Minas Gerais (MG),2,Silver
CLI-11006,35,São Paulo (SP),4,Gold
CLI-57210,55,Bahia (BA),2,Silver
CLI-83327,38,Minas Gerais (MG),1,Silver
CLI-95899,44,Paraná (PR),3,Gold
CLI-85113,31,Paraná (PR),2,Silver
CLI-40844,35,Bahia (BA),2,Silver
CLI-49306,37,São Paulo (SP),4,Gold
CLI-98170,53,São Paulo (SP),4,Gold
CLI-60477,46,Bahia (BA),1,Silver
CLI-73642,52,Bahia (BA),3,Gold
CLI-73879,34,Bahia (BA),1,Silver
CLI-71404,65,Bahia (BA),4,Gold
CLI-74690,40,Minas Gerais (MG),3,Gold
CLI-21842,64,Bahia (BA),3,Gold
CLI-83740,44,Bahia (BA),3,Gold
CLI-43455,38,São Paulo (SP),4,Gold
CLI-36434,23,Rio de Janeiro (RJ),2,Silver
CLI-16064,37,São Paulo (SP),4,Gold
CLI-21791,65,Rio de Janeiro (RJ),4,Gold
CLI-14083,30,Paraná (PR),1,Silver
CLI-84858,60,Rio de Janeiro (RJ),3,Gold
CLI-89475,27,Rio de Janeiro (RJ),2,Silver
CLI-26711,45,Bahia (BA),4,Gold
CLI-58797,57,Bahia (BA),4,Gold
CLI-20938,60,Minas Gerais (MG),3,Gold
CLI-12955,40,Bahia (BA),3,Gold
CLI-88853,52,São Paulo (SP),4,Gold
CLI-16801,61,São Paulo (SP),4,Gold
CLI-58718,48,São Paulo (SP),4,Gold
CLI-55960,45,Bahia (BA),4,Gold
CLI-21901,43,Paraná (PR),2,Silver
CLI-56702,25,São Paulo (SP),4,Gold
CLI-62175,54,Rio de Janeiro (RJ),1,Silver
CLI-54324,36,São Paulo (SP),4,Gold
CLI-89644,24,Paraná (PR),3,Gold
CLI-56241,62,São Paulo (SP),1,Silver
CLI-84859,53,São Paulo (SP),4,Gold
CLI-52597,23,Rio de Janeiro (RJ),2,Silver
CLI-95498,29,Rio de Janeiro (RJ),4,Gold
CLI-47800,25,São Paulo (SP),4,Gold
CLI-26383,57,Minas Gerais (MG),4,Gold
CLI-86028,28,Minas Gerais (MG),3,Gold
CLI-15349,51,São Paulo (SP),4,Gold
CLI-13343,29,Bahia (BA),4,Gold
CLI-41995,43,Bahia (BA),2,Silver
CLI-76369,22,Bahia (BA),1,Silver
CLI-66598,32,Paraná (PR),3,Gold
CLI-36087,50,São Paulo (SP),4,Gold
CLI-51373,30,São Paulo (SP),1,Silver
CLI-58254,54,Rio de Janeiro (RJ),1,Silver
CLI-17504,24,São Paulo (SP),3,Gold
CLI-99320,35,Minas Gerais (MG),2,Silver
CLI-44320,49,Rio de Janeiro (RJ),4,Gold
CLI-53968,54,Minas Gerais (MG),1,Silver
CLI-18525,40,Paraná (PR),3,Gold
CLI-91855,41,São Paulo (SP),4,Gold
CLI-77659,35,Bahia (BA),2,Silver
CLI-58450,61,Rio de Janeiro (RJ),4,Gold
CLI-65796,53,Paraná (PR),4,Gold
CLI-70763,47,Paraná (PR),2,Silver
CLI-30394,34,Bahia (BA),1,Silver
CLI-37596,51,Rio de Janeiro (RJ),2,Silver
CLI-64639,22,Rio de Janeiro (RJ),1,Silver
CLI-94695,40,Bahia (BA),3,Gold
CLI-48881,65,São Paulo (SP),4,Gold
CLI-89904,34,Rio de Janeiro (RJ),1,Silver
CLI-62862,61,São Paulo (SP),4,Gold
CLI-73192,61,Paraná (PR),4,Gold
CLI-43866,58,Paraná (PR),1,Silver
CLI-62359,32,Paraná (PR),3,Gold
CLI-33145,21,São Paulo (SP),4,Gold
CLI-99618,45,Minas Gerais (MG),4,Gold
CLI-67483,49,Bahia (BA),4,Gold
CLI-78665,52,Bahia (BA),3,Gold
CLI-67321,31,Paraná (PR),2,Silver
CLI-10402,49,São Paulo (SP),4,Gold
CLI-59405,49,Rio de Janeiro (RJ),4,Gold
CLI-20669,62,Bahia (BA),1,Silver
CLI-37939,28,Bahia (BA),3,Gold
CLI-93890,50,São Paulo (SP),4,Gold
CLI-73541,24,Rio de Janeiro (RJ),3,Gold
CLI-42476,25,Bahia (BA),4,Gold
CLI-84562,41,Minas Gerais (MG),4,Gold
CLI-64576,52,Bahia (BA),3,Gold
CLI-99845,19,Minas Gerais (MG),2,Silver
CLI-63559,37,São Paulo (SP),4,Gold
CLI-32272,49,Paraná (PR),4,Gold
CLI-32323,52,Bahia (BA),3,Gold
CLI-35879,65,Minas Gerais (MG),4,Gold
CLI-18094,63,Minas Gerais (MG),2,Silver
CLI-77168,50,Minas Gerais (MG),1,Silver
CLI-20921,54,Bahia (BA),1,Silver
CLI-29022,55,Paraná (PR),2,Silver
CLI-43000,53,Minas Gerais (MG),4,Gold
CLI-61678,18,São Paulo (SP),1,Silver
CLI-49624,39,Minas Gerais (MG),2,Silver
CLI-26170,27,São Paulo (SP),2,Silver
CLI-15480,40,Rio de Janeiro (RJ),3,Gold
CLI-51020,22,Bahia (BA),1,Silver
CLI-66401,46,São Paulo (SP),4,Gold
CLI-84555,44,Paraná (PR),3,Gold
CLI-84338,65,Bahia (BA),4,Gold
CLI-24367,59,Rio de Janeiro (RJ),2,Silver
CLI-64009,36,Rio de Janeiro (RJ),3,Gold
CLI-66111,54,Minas Gerais (MG),1,Silver
CLI-41141,59,Rio de Janeiro (RJ),2,Silver
CLI-46278,18,Minas Gerais (MG),1,Silver
CLI-88471,23,Bahia (BA),2,Silver
CLI-58593,21,Bahia (BA),4,Gold
CLI-48547,48,Minas Gerais (MG),3,Gold
CLI-36236,41,Bahia (BA),4,Gold
CLI-56355,40,São Paulo (SP),4,Gold
CLI-83103,32,São Paulo (SP),3,Gold
CLI-57710,37,Rio de Janeiro (RJ),4,Gold
CLI-95564,18,Bahia (BA),1,Silver
CLI-32645,41,Bahia (BA),4,Gold
CLI-62772,28,Rio de Janeiro (RJ),3,Gold
CLI-16423,57,Bahia (BA),4,Gold
CLI-20580,50,Rio de Janeiro (RJ),1,Silver
CLI-48511,56,São Paulo (SP),3,Gold
CLI-92952,27,Rio de Janeiro (RJ),2,Silver
CLI-43324,32,Rio de Janeiro (RJ),3,Gold
CLI-39427,60,Paraná (PR),3,Gold
CLI-26725,46,São Paulo (SP),4,Gold
CLI-39650,39,São Paulo (SP),4,Gold
CLI-90233,49,Bahia (BA),4,Gold
CLI-65899,30,Bahia (BA),1,Silver
CLI-89252,52,Rio de Janeiro (RJ),3,Gold
CLI-69440,33,Paraná (PR),4,Gold
CLI-36994,42,São Paulo (SP),4,Gold
CLI-96939,39,Rio de Janeiro (RJ),2,Silver
CLI-29673,36,São Paulo (SP),4,Gold
CLI-15682,18,Paraná (PR),1,Silver
CLI-58846,41,Rio de Janeiro (RJ),4,Gold
CLI-12305,23,Minas Gerais (MG),2,Silver
CLI-51288,61,Minas Gerais (MG),4,Gold
CLI-81639,35,São Paulo (SP),4,Gold
CLI-65585,48,Rio de Janeiro (RJ),3,Gold
CLI-86722,34,Rio de Janeiro (RJ),1,Silver
CLI-24488,63,São Paulo (SP),2,Silver
CLI-94907,40,Minas Gerais (MG),3,Gold
CLI-36332,41,Bahia (BA),4,Gold
CLI-13389,34,São Paulo (SP),1,Silver
CLI-30104,55,Bahia (BA),2,Silver
CLI-74021,60,Bahia (BA),3,Gold
CLI-37499,64,Paraná (PR),3,Gold
CLI-14646,61,São Paulo (SP),4,Gold
CLI-62309,58,Minas Gerais (MG),1,Silver
CLI-16618,45,Paraná (PR),4,Gold
CLI-52410,21,São Paulo (SP),4,Gold
CLI-18512,49,Rio de Janeiro (RJ),4,Gold
CLI-46943,65,Minas Gerais (MG),4,Gold
CLI-55007,21,Rio de Janeiro (RJ),4,Gold
CLI-48283,59,Minas Gerais (MG),2,Silver
CLI-62659,47,São Paulo (SP),4,Gold
CLI-73248,19,Paraná (PR),2,Silver
CLI-82592,35,Bahia (BA),2,Silver
CLI-32766,38,Rio de Janeiro (RJ),1,Silver
CLI-36283,23,Rio de Janeiro (RJ),2,Silver
CLI-97767,31,São Paulo (SP),2,Silver
CLI-97697,46,Bahia (BA),1,Silver
CLI-42882,48,São Paulo (SP),4,Gold
CLI-68473,40,Bahia (BA),3,Gold
CLI-45914,43,São Paulo (SP),4,Gold
CLI-54568,65,Rio de Janeiro (RJ),4,Gold
CLI-23615,57,Rio de Janeiro (RJ),4,Gold
CLI-44617,21,Minas Gerais (MG),4,Gold
CLI-36784,35,Minas Gerais (MG),2,Silver
CLI-39185,28,São Paulo (SP),3,Gold
CLI-20160,53,Rio de Janeiro (RJ),4,Gold
CLI-79331,52,São Paulo (SP),4,Gold
CLI-49134,24,São Paulo (SP),3,Gold
CLI-68221,55,Bahia (BA),2,Silver
CLI-48685,52,Paraná (PR),3,Gold
CLI-38378,63,Minas Gerais (MG),2,Silver
CLI-12130,21,Rio de Janeiro (RJ),4,Gold
CLI-93354,32,São Paulo (SP),3,Gold
CLI-77881,55,Rio de Janeiro (RJ),2,Silver
CLI-59093,28,Rio de Janeiro (RJ),3,Gold
CLI-74137,49,Rio de Janeiro (RJ),4,Gold
CLI-95500,38,Bahia (BA),1,Silver
CLI-90782,50,Bahia (BA),1,Silver
CLI-88395,58,São Paulo (SP),1,Silver
CLI-47305,18,Minas Gerais (MG),1,Silver
CLI-81714,62,Paraná (PR),1,Silver
CLI-29503,27,Paraná (PR),2,Silver
CLI-32053,50,São Paulo (SP),4,Gold
CLI-98546,21,Paraná (PR),4,Gold
CLI-48639,56,Rio de Janeiro (RJ),3,Gold
CLI-51387,55,Rio de Janeiro (RJ),2,Silver
CLI-48960,20,São Paulo (SP),3,Gold
CLI-14779,27,São Paulo (SP),2,Silver
CLI-62340,61,Bahia (BA),4,Gold
CLI-27805,46,Paraná (PR),1,Silver
CLI-37115,35,Bahia (BA),2,Silver
CLI-15344,31,Minas Gerais (MG),2,Silver
CLI-78668,44,Rio de Janeiro (RJ),3,Gold
CLI-72976,47,São Paulo (SP),4,Gold
CLI-46495,51,Bahia (BA),2,Silver
CLI-51589,34,Bahia (BA),1,Silver
CLI-90915,29,Bahia (BA),4,Gold
CLI-89772,65,Rio de Janeiro (RJ),4,Gold
CLI-73275,31,Rio de Janeiro (RJ),2,Silver
CLI-67291,55,Minas Gerais (MG),2,Silver
CLI-97629,47,Paraná (PR),2,Silver
CLI-17441,23,Minas Gerais (MG),2,Silver
CLI-33081,61,Paraná (PR),4,Gold
CLI-10456,65,Rio de Janeiro (RJ),4,Gold
CLI-52472,19,São Paulo (SP),2,Silver
CLI-14688,56,Minas Gerais (MG),3,Gold
CLI-94897,36,São Paulo (SP),4,Gold
CLI-28698,64,Rio de Janeiro (RJ),3,Gold
CLI-86559,25,Minas Gerais (MG),4,Gold
CLI-94189,30,Bahia (BA),1,Silver
CLI-87168,33,Bahia (BA),4,Gold
CLI-91808,52,Bahia (BA),3,Gold
CLI-21540,47,Minas Gerais (MG),2,Silver
CLI-33777,63,Rio de Janeiro (RJ),2,Silver
CLI-19745,63,Bahia (BA),2,Silver
CLI-74036,28,Bahia (BA),3,Gold
CLI-65170,23,São Paulo (SP),2,Silver
CLI-58252,25,São Paulo (SP),4,Gold
CLI-18610,39,Minas Gerais (MG),2,Silver
CLI-94946,41,Minas Gerais (MG),4,Gold
CLI-58527,23,São Paulo (SP),2,Silver
CLI-51692,38,Bahia (BA),1,Silver
CLI-32606,58,Paraná (PR),1,Silver
CLI-81474,56,Rio de Janeiro (RJ),3,Gold
CLI-29738,51,Rio de Janeiro (RJ),2,Silver
CLI-45309,26,Minas Gerais (MG),1,Silver
CLI-88450,57,São Paulo (SP),4,Gold
CLI-25526,30,Rio de Janeiro (RJ),1,Silver
CLI-80523,39,Paraná (PR),2,Silver
CLI-22645,32,Bahia (BA),3,Gold
CLI-58398,24,Bahia (BA),3,Gold
CLI-93972,29,Paraná (PR),4,Gold
CLI-72806,62,Minas Gerais (MG),1,Silver
CLI-77139,59,São Paulo (SP),2,Silver
CLI-85117,36,Paraná (PR),3,Gold
CLI-58220,40,Minas Gerais (MG),3,Gold
CLI-40317,62,São Paulo (SP),1,Silver
CLI-33993,45,Paraná (PR),4,Gold
CLI-40390,49,Bahia (BA),4,Gold
CLI-89924,18,Minas Gerais (MG),1,Silver
CLI-73512,30,São Paulo (SP),1,Silver
CLI-80816,55,Paraná (PR),2,Silver
CLI-33413,43,Rio de Janeiro (RJ),2,Silver
CLI-74072,60,Rio de Janeiro (RJ),3,Gold
CLI-50254,22,Bahia (BA),1,Silver
CLI-52840,43,Minas Gerais (MG),2,Silver
CLI-99823,52,Rio de Janeiro (RJ),3,Gold
CLI-39282,48,Rio de Janeiro (RJ),3,Gold
CLI-60716,32,São Paulo (SP),3,Gold
CLI-62638,33,Bahia (BA),4,Gold
CLI-15212,64,Minas Gerais (MG),3,Gold
CLI-89605,29,Bahia (BA),4,Gold
CLI-90970,19,Bahia (BA),2,Silver
CLI-35629,60,Minas Gerais (MG),3,Gold
CLI-63784,63,Paraná (PR),2,Silver
CLI-74119,62,São Paulo (SP),1,Silver
CLI-51344,28,Minas Gerais (MG),3,Gold
CLI-38227,27,Bahia (BA),2,Silver
CLI-34221,20,São Paulo (SP),3,Gold
CLI-49104,44,Bahia (BA),3,Gold
CLI-94588,26,Paraná (PR),1,Silver
CLI-37489,63,Rio de Janeiro (RJ),2,Silver
CLI-41123,63,São Paulo (SP),2,Silver
CLI-38790,33,Bahia (BA),4,Gold
CLI-95176,58,Paraná (PR),1,Silver
CLI-96907,49,Rio de Janeiro (RJ),4,Gold
CLI-18146,58,Rio de Janeiro (RJ),1,Silver
CLI-31462,42,São Paulo (SP),4,Gold
CLI-88917,62,Paraná (PR),1,Silver
CLI-32489,25,Minas Gerais (MG),4,Gold
CLI-99435,42,Paraná (PR),1,Silver
CLI-98855,62,Bahia (BA),1,Silver
CLI-32116,49,Rio de Janeiro (RJ),4,Gold
CLI-98236,61,Paraná (PR),4,Gold
CLI-89795,27,Minas Gerais (MG),2,Silver
CLI-31210,34,Paraná (PR),1,Silver
CLI-53581,19,São Paulo (SP),2,Silver
CLI-50341,51,São Paulo (SP),4,Gold
CLI-49232,32,São Paulo (SP),3,Gold
CLI-86602,61,Minas Gerais (MG),4,Gold
CLI-79617,30,Bahia (BA),1,Silver
CLI-30238,23,Paraná (PR),2,Silver
CLI-10952,64,Minas Gerais (MG),3,Gold
CLI-19581,44,São Paulo (SP),4,Gold
CLI-87486,22,Minas Gerais (MG),1,Silver
CLI-12420,25,Bahia (BA),4,Gold
CLI-31877,26,São Paulo (SP),1,Silver
CLI-84501,37,Paraná (PR),4,Gold
CLI-91992,37,São Paulo (SP),4,Gold
CLI-37110,20,Minas Gerais (MG),3,Gold
CLI-87638,44,Paraná (PR),3,Gold
CLI-66011,59,Minas Gerais (MG),2,Silver
CLI-18460,19,Minas Gerais (MG),2,Silver
CLI-80164,33,Paraná (PR),4,Gold
CLI-26402,62,São Paulo (SP),1,Silver
CLI-78502,29,Rio de Janeiro (RJ),4,Gold
CLI-97224,59,Paraná (PR),2,Silver
CLI-32294,28,Rio de Janeiro (RJ),3,Gold
CLI-32654,24,Paraná (PR),3,Gold
CLI-71725,25,Minas Gerais (MG),4,Gold
CLI-77290,61,Minas Gerais (MG),4,Gold
CLI-97845,48,Bahia (BA),3,Gold
CLI-49845,46,São Paulo (SP),4,Gold
CLI-62115,20,Minas Gerais (MG),3,Gold
CLI-40628,38,Minas Gerais (MG),1,Silver
CLI-44989,51,Rio de Janeiro (RJ),2,Silver
CLI-47065,61,Paraná (PR),4,Gold
CLI-97899,53,Minas Gerais (MG),4,Gold
CLI-58649,51,Minas Gerais (MG),2,Silver
CLI-23668,46,Bahia (BA),1,Silver
CLI-91720,58,Minas Gerais (MG),1,Silver
CLI-73752,57,Rio de Janeiro (RJ),4,Gold
CLI-27887,23,São Paulo (SP),2,Silver
CLI-13585,44,São Paulo (SP),4,Gold
CLI-33502,22,Bahia (BA),1,Silver
CLI-89121,30,Bahia (BA),1,Silver
CLI-13936,65,Minas Gerais (MG),4,Gold
CLI-90535,18,Paraná (PR),1,Silver
CLI-42727,30,Bahia (BA),1,Silver
CLI-49038,21,Bahia (BA),4,Gold
CLI-22409,65,São Paulo (SP),4,Gold
CLI-27471,37,Minas Gerais (MG),4,Gold
CLI-81910,21,Bahia (BA),4,Gold
CLI-21582,20,Paraná (PR),3,Gold
CLI-64394,47,Bahia (BA),2,Silver
CLI-25405,45,Rio de Janeiro (RJ),4,Gold
CLI-91245,51,Rio de Janeiro (RJ),2,Silver
CLI-34866,21,Minas Gerais (MG),4,Gold
CLI-78197,59,Rio de Janeiro (RJ),2,Silver
CLI-69467,58,São Paulo (SP),1,Silver
CLI-78007,56,Paraná (PR),3,Gold
CLI-94399,32,Rio de Janeiro (RJ),3,Gold
CLI-10673,21,Paraná (PR),4,Gold
CLI-77164,63,Paraná (PR),2,Silver
CLI-71866,25,Minas Gerais (MG),4,Gold
CLI-47955,20,Paraná (PR),3,Gold
CLI-45336,56,Minas Gerais (MG),3,Gold
CLI-55440,41,Bahia (BA),4,Gold
CLI-57950,24,Bahia (BA),3,Gold
CLI-68765,50,Minas Gerais (MG),1,Silver
CLI-84100,49,Minas Gerais (MG),4,Gold
CLI-81675,52,Rio de Janeiro (RJ),3,Gold
CLI-49446,25,São Paulo (SP),4,Gold
CLI-81552,29,Rio de Janeiro (RJ),4,Gold
CLI-40631,36,Paraná (PR),3,Gold
CLI-26091,65,Rio de Janeiro (RJ),4,Gold
CLI-70608,30,Rio de Janeiro (RJ),1,Silver
CLI-23084,37,Paraná (PR),4,Gold
CLI-32657,22,Rio de Janeiro (RJ),1,Silver
CLI-96861,48,Minas Gerais (MG),3,Gold
CLI-42794,34,Bahia (BA),1,Silver
CLI-91202,54,São Paulo (SP),4,Gold
CLI-89380,20,Paraná (PR),3,Gold
CLI-58899,50,São Paulo (SP),4,Gold
CLI-33675,45,Minas Gerais (MG),4,Gold
CLI-80399,23,Paraná (PR),2,Silver
CLI-37001,37,Rio de Janeiro (RJ),4,Gold
CLI-59798,32,Paraná (PR),3,Gold
CLI-62831,58,Bahia (BA),1,Silver
CLI-11085,56,Rio de Janeiro (RJ),3,Gold
CLI-78893,22,Paraná (PR),1,Silver
CLI-26595,23,Minas Gerais (MG),2,Silver
CLI-76809,47,São Paulo (SP),4,Gold
CLI-55780,25,São Paulo (SP),4,Gold
CLI-40404,65,Rio de Janeiro (RJ),4,Gold
CLI-61845,49,São Paulo (SP),4,Gold
CLI-19669,47,Rio de Janeiro (RJ),2,Silver
CLI-80209,53,Minas Gerais (MG),4,Gold
CLI-18776,50,São Paulo (SP),4,Gold
CLI-35201,43,Bahia (BA),2,Silver
CLI-62150,23,São Paulo (SP),2,Silver
CLI-78477,60,São Paulo (SP),3,Gold
CLI-56244,34,Minas Gerais (MG),1,Silver
CLI-45594,49,Rio de Janeiro (RJ),4,Gold
CLI-52691,52,Rio de Janeiro (RJ),3,Gold
CLI-36872,61,São Paulo (SP),4,Gold
CLI-52512,35,Rio de Janeiro (RJ),2,Silver
CLI-34805,52,Minas Gerais (MG),3,Gold
CLI-20791,21,São Paulo (SP),4,Gold
CLI-68547,54,Paraná (PR),1,Silver
CLI-60983,62,Rio de Janeiro (RJ),1,Silver
CLI-15731,20,Rio de Janeiro (RJ),3,Gold
CLI-77987,48,Paraná (PR),3,Gold
CLI-42634,29,Paraná (PR),4,Gold
CLI-31159,22,Paraná (PR),1,Silver
CLI-25950,49,Bahia (BA),4,Gold
CLI-43566,35,São Paulo (SP),4,Gold
CLI-65725,31,Minas Gerais (MG),2,Silver
CLI-67590,24,Paraná (PR),3,Gold
CLI-93926,44,Paraná (PR),3,Gold
CLI-23358,56,São Paulo (SP),3,Gold
CLI-89711,28,São Paulo (SP),3,Gold
CLI-69702,61,Paraná (PR),4,Gold
CLI-22355,64,Paraná (PR),3,Gold
CLI-38770,24,Paraná (PR),3,Gold
CLI-61867,65,Bahia (BA),4,Gold
CLI-14431,24,São Paulo (SP),3,Gold
CLI-24790,20,Paraná (PR),3,Gold
CLI-86811,48,Bahia (BA),3,Gold
CLI-41838,62,Minas Gerais (MG),1,Silver
CLI-87248,21,Minas Gerais (MG),4,Gold
CLI-49073,24,Rio de Janeiro (RJ),3,Gold
CLI-36871,41,Bahia (BA),4,Gold
CLI-53351,51,Paraná (PR),2,Silver
CLI-84339,49,Paraná (PR),4,Gold
CLI-87712,41,Rio de Janeiro (RJ),4,Gold
CLI-92922,57,Rio de Janeiro (RJ),4,Gold
CLI-83564,45,Bahia (BA),4,Gold
CLI-20261,63,Bahia (BA),2,Silver
CLI-57339,40,Rio de Janeiro (RJ),3,Gold
CLI-90219,38,Rio de Janeiro (RJ),1,Silver
CLI-28255,42,Bahia (BA),1,Silver
CLI-94002,44,São Paulo (SP),4,Gold
CLI-25441,29,Minas Gerais (MG),4,Gold
CLI-15601,39,Rio de Janeiro (RJ),2,Silver
CLI-46066,34,Paraná (PR),1,Silver
CLI-95357,40,Rio de Janeiro (RJ),3,Gold
CLI-56863,39,Minas Gerais (MG),2,Silver
CLI-34271,31,Minas Gerais (MG),2,Silver
CLI-65204,26,Rio de Janeiro (RJ),1,Silver
CLI-54601,47,Minas Gerais (MG),2,Silver
CLI-47311,65,Minas Gerais (MG),4,Gold
CLI-89318,18,Minas Gerais (MG),1,Silver
CLI-62869,54,Rio de Janeiro (RJ),1,Silver
CLI-68888,33,Bahia (BA),4,Gold
CLI-97898,46,Paraná (PR),1,Silver
CLI-89987,63,Minas Gerais (MG),2,Silver
CLI-49010,48,Rio de Janeiro (RJ),3,Gold
CLI-32573,37,Rio de Janeiro (RJ),4,Gold
CLI-30472,23,Paraná (PR),2,Silver
CLI-79905,43,Paraná (PR),2,Silver
CLI-13580,65,São Paulo (SP),4,Gold
CLI-84851,48,São Paulo (SP),4,Gold
CLI-75547,56,Rio de Janeiro (RJ),3,Gold
CLI-60014,64,Minas Gerais (MG),3,Gold
CLI-45456,30,Minas Gerais (MG),1,Silver
CLI-27912,22,Paraná (PR),1,Silver
CLI-38164,48,Paraná (PR),3,Gold
CLI-78414,54,Bahia (BA),1,Silver
CLI-54498,43,Paraná (PR),2,Silver
CLI-48293,43,Minas Gerais (MG),2,Silver
CLI-65923,37,Paraná (PR),4,Gold
CLI-99645,27,Rio de Janeiro (RJ),2,Silver
CLI-59815,50,Minas Gerais (MG),1,Silver
CLI-85654,29,Rio de Janeiro (RJ),4,Gold
CLI-98031,40,Rio de Janeiro (RJ),3,Gold
CLI-12107,59,Rio de Janeiro (RJ),2,Silver
CLI-92239,48,Minas Gerais (MG),3,Gold
CLI-97099,48,Bahia (BA),3,Gold
CLI-91770,63,Rio de Janeiro (RJ),2,Silver
CLI-46449,30,São Paulo (SP),1,Silver
CLI-46773,60,São Paulo (SP),3,Gold
CLI-32282,59,Minas Gerais (MG),2,Silver
CLI-37961,39,Rio de Janeiro (RJ),2,Silver
CLI-83634,27,Bahia (BA),2,Silver
CLI-45605,32,Bahia (BA),3,Gold
CLI-86346,35,Paraná (PR),2,Silver
CLI-94510,32,Bahia (BA),3,Gold
CLI-51291,25,Rio de Janeiro (RJ),4,Gold
CLI-88298,26,São Paulo (SP),1,Silver
CLI-24882,64,Minas Gerais (MG),3,Gold
CLI-34047,23,São Paulo (SP),2,Silver
CLI-30333,31,Minas Gerais (MG),2,Silver
CLI-72107,24,São Paulo (SP),3,Gold
CLI-67143,24,Bahia (BA),3,Gold
CLI-38828,54,Minas Gerais (MG),1,Silver
CLI-98820,18,Rio de Janeiro (RJ),1,Silver
CLI-76978,44,São Paulo (SP),4,Gold
CLI-42560,29,Bahia (BA),4,Gold
CLI-71455,46,Rio de Janeiro (RJ),1,Silver
CLI-99775,27,Rio de Janeiro (RJ),2,Silver
CLI-44743,51,Bahia (BA),2,Silver
CLI-91762,21,Bahia (BA),4,Gold
CLI-24371,48,Bahia (BA),3,Gold
CLI-96429,22,Paraná (PR),1,Silver
CLI-60698,48,São Paulo (SP),4,Gold
CLI-74265,57,Minas Gerais (MG),4,Gold
CLI-27495,43,Minas Gerais (MG),2,Silver
CLI-37477,41,Paraná (PR),4,Gold
CLI-60671,24,Paraná (PR),3,Gold
CLI-95059,36,Rio de Janeiro (RJ),3,Gold
CLI-70162,58,São Paulo (SP),1,Silver
CLI-17045,64,Rio de Janeiro (RJ),3,Gold
CLI-58404,44,Bahia (BA),3,Gold
CLI-33822,45,Bahia (BA),4,Gold
CLI-21121,62,Paraná (PR),1,Silver
CLI-55448,51,Paraná (PR),2,Silver
CLI-45541,31,São Paulo (SP),2,Silver
CLI-81896,49,Rio de Janeiro (RJ),4,Gold
CLI-75148,19,Paraná (PR),2,Silver
CLI-15906,27,Paraná (PR),2,Silver
CLI-72910,45,São Paulo (SP),4,Gold
CLI-34281,62,Paraná (PR),1,Silver
CLI-40910,46,Bahia (BA),1,Silver
CLI-94728,61,São Paulo (SP),4,Gold
CLI-68701,62,Rio de Janeiro (RJ),1,Silver
CLI-97893,31,Bahia (BA),2,Silver
CLI-92757,49,Minas Gerais (MG),4,Gold
CLI-71987,25,Bahia (BA),4,Gold
CLI-79963,40,Paraná (PR),3,Gold
CLI-41893,18,Paraná (PR),1,Silver
CLI-49508,41,Bahia (BA),4,Gold
CLI-38929,38,Minas Gerais (MG),1,Silver
CLI-80120,30,Bahia (BA),1,Silver
CLI-99867,56,Minas Gerais (MG),3,Gold
CLI-71786,41,Minas Gerais (MG),4,Gold
CLI-15320,34,Paraná (PR),1,Silver
CLI-30933,25,Minas Gerais (MG),4,Gold
CLI-75705,23,Paraná (PR),2,Silver
CLI-64041,50,São Paulo (SP),4,Gold
CLI-10730,43,São Paulo (SP),4,Gold
CLI-69314,53,Minas Gerais (MG),4,Gold
CLI-87698,48,Minas Gerais (MG),3,Gold
CLI-82516,39,Bahia (BA),2,Silver
CLI-21502,20,Paraná (PR),3,Gold
CLI-65493,65,Rio de Janeiro (RJ),4,Gold
CLI-89435,37,Minas Gerais (MG),4,Gold
CLI-36190,25,Bahia (BA),4,Gold
CLI-34450,46,Rio de Janeiro (RJ),1,Silver
CLI-98011,38,Rio de Janeiro (RJ),1,Silver
CLI-21866,37,Bahia (BA),4,Gold
CLI-58938,19,Bahia (BA),2,Silver
CLI-89498,39,São Paulo (SP),4,Gold
CLI-69501,21,Bahia (BA),4,Gold
CLI-50187,54,Minas Gerais (MG),1,Silver
CLI-11529,54,Minas Gerais (MG),1,Silver
CLI-74204,58,São Paulo (SP),1,Silver
CLI-66489,30,Rio de Janeiro (RJ),1,Silver
CLI-72464,62,Paraná (PR),1,Silver
CLI-21344,51,Bahia (BA),2,Silver
CLI-63456,60,Minas Gerais (MG),3,Gold
CLI-42098,49,São Paulo (SP),4,Gold
CLI-42793,19,São Paulo (SP),2,Silver
CLI-48961,59,Rio de Janeiro (RJ),2,Silver
CLI-88270,47,Bahia (BA),2,Silver
CLI-12907,26,Rio de Janeiro (RJ),1,Silver
CLI-73270,36,Minas Gerais (MG),3,Gold
CLI-76019,30,Bahia (BA),1,Silver
CLI-42590,37,Minas Gerais (MG),4,Gold
CLI-18033,38,São Paulo (SP),4,Gold
CLI-67886,50,São Paulo (SP),4,Gold
CLI-88907,43,Paraná (PR),2,Silver
CLI-94554,23,Paraná (PR),2,Silver
CLI-85660,57,São Paulo (SP),4,Gold
CLI-80001,54,São Paulo (SP),4,Gold
CLI-62323,56,Rio de Janeiro (RJ),3,Gold
CLI-74024,59,Bahia (BA),2,Silver
CLI-72786,39,Paraná (PR),2,Silver
CLI-97366,50,Minas Gerais (MG),1,Silver
CLI-33856,32,Bahia (BA),3,Gold
CLI-73805,59,São Paulo (SP),2,Silver
CLI-92055,55,São Paulo (SP),4,Gold
CLI-69914,25,Bahia (BA),4,Gold
CLI-32614,45,Minas Gerais (MG),4,Gold
CLI-91301,47,São Paulo (SP),4,Gold
CLI-90455,55,Paraná (PR),2,Silver
CLI-15384,51,Bahia (BA),2,Silver
CLI-67801,24,Paraná (PR),3,Gold
CLI-60650,50,São Paulo (SP),4,Gold
CLI-33959,51,Paraná (PR),2,Silver
CLI-87982,64,São Paulo (SP),3,Gold
CLI-90933,47,Bahia (BA),2,Silver
CLI-67231,54,Paraná (PR),1,Silver
CLI-84326,65,Bahia (BA),4,Gold
CLI-42606,45,São Paulo (SP),4,Gold
CLI-54103,39,São Paulo (SP),4,Gold
CLI-29429,55,Paraná (PR),2,Silver
CLI-31720,29,São Paulo (SP),4,Gold
CLI-57461,30,São Paulo (SP),1,Silver
CLI-75081,31,Rio de Janeiro (RJ),2,Silver
CLI-46650,57,São Paulo (SP),4,Gold
CLI-90007,46,São Paulo (SP),4,Gold
CLI-53164,34,Minas Gerais (MG),1,Silver
CLI-56334,56,Bahia (BA),3,Gold
CLI-66883,18,Paraná (PR),1,Silver
CLI-40324,65,Paraná (PR),4,Gold
CLI-93514,35,São Paulo (SP),4,Gold
CLI-84671,33,São Paulo (SP),4,Gold
CLI-12689,31,Rio de Janeiro (RJ),2,Silver
CLI-56224,43,Minas Gerais (MG),2,Silver
CLI-65954,54,Rio de Janeiro (RJ),1,Silver
CLI-70750,63,Paraná (PR),2,Silver
CLI-41536,27,Paraná (PR),2,Silver
CLI-45239,33,Minas Gerais (MG),4,Gold
CLI-73018,27,Paraná (PR),2,Silver
CLI-15264,62,São Paulo (SP),1,Silver
CLI-20412,23,Minas Gerais (MG),2,Silver
CLI-98278,49,Minas Gerais (MG),4,Gold
CLI-35630,45,São Paulo (SP),4,Gold
CLI-64895,42,Minas Gerais (MG),1,Silver
CLI-83524,48,Rio de Janeiro (RJ),3,Gold
CLI-47436,50,Bahia (BA),1,Silver
CLI-70873,62,São Paulo (SP),1,Silver
CLI-48894,36,Paraná (PR),3,Gold
CLI-57427,24,São Paulo (SP),3,Gold
CLI-73555,32,Minas Gerais (MG),3,Gold
CLI-73542,18,São Paulo (SP),1,Silver
CLI-95868,53,Bahia (BA),4,Gold
CLI-80320,39,São Paulo (SP),4,Gold
CLI-59098,48,Bahia (BA),3,Gold
CLI-39448,36,Paraná (PR),3,Gold
CLI-87525,24,Paraná (PR),3,Gold
CLI-93496,23,Paraná (PR),2,Silver
CLI-99135,30,Bahia (BA),1,Silver
CLI-50448,42,Bahia (BA),1,Silver
CLI-64371,31,Paraná (PR),2,Silver
CLI-40010,35,Paraná (PR),2,Silver
CLI-45819,20,Bahia (BA),3,Gold
CLI-49363,59,Paraná (PR),2,Silver
CLI-99079,44,Bahia (BA),3,Gold
CLI-62499,24,Rio de Janeiro (RJ),3,Gold
CLI-90942,41,Rio de Janeiro (RJ),4,Gold
CLI-81579,46,Rio de Janeiro (RJ),1,Silver
CLI-85700,36,São Paulo (SP),4,Gold
CLI-71096,31,Bahia (BA),2,Silver
CLI-50770,37,São Paulo (SP),4,Gold
CLI-62227,65,São Paulo (SP),4,Gold
CLI-50646,30,Bahia (BA),1,Silver
CLI-27037,50,Bahia (BA),1,Silver
CLI-39784,35,Minas Gerais (MG),2,Silver
CLI-20182,40,Rio de Janeiro (RJ),3,Gold
CLI-37442,32,São Paulo (SP),3,Gold
CLI-70305,40,São Paulo (SP),4,Gold
CLI-72377,32,São Paulo (SP),3,Gold
CLI-92510,41,Rio de Janeiro (RJ),4,Gold
CLI-33914,65,Paraná (PR),4,Gold
CLI-66266,54,São Paulo (SP),4,Gold
CLI-14806,24,Bahia (BA),3,Gold
CLI-73524,58,Paraná (PR),1,Silver
CLI-48573,50,Bahia (BA),1,Silver
CLI-88491,51,São Paulo (SP),4,Gold
CLI-15667,37,Minas Gerais (MG),4,Gold
CLI-93330,41,Paraná (PR),4,Gold
CLI-35125,44,Paraná (PR),3,Gold
CLI-89761,33,Rio de Janeiro (RJ),4,Gold
CLI-11552,65,Paraná (PR),4,Gold
CLI-30878,18,São Paulo (SP),1,Silver
CLI-76300,37,Minas Gerais (MG),4,Gold
CLI-12349,31,Bahia (BA),2,Silver
CLI-31073,36,São Paulo (SP),4,Gold
CLI-97843,48,Paraná (PR),3,Gold
CLI-17018,45,São Paulo (SP),4,Gold
CLI-57019,39,Rio de Janeiro (RJ),2,Silver
CLI-80486,33,Rio de Janeiro (RJ),4,Gold
CLI-71066,27,Minas Gerais (MG),2,Silver
CLI-27389,20,Minas Gerais (MG),3,Gold
CLI-74500,61,São Paulo (SP),4,Gold
CLI-73345,18,Rio de Janeiro (RJ),1,Silver
CLI-89520,38,Paraná (PR),1,Silver
CLI-45514,32,Minas Gerais (MG),3,Gold
CLI-50296,33,Minas Gerais (MG),4,Gold
CLI-11165,24,Rio de Janeiro (RJ),3,Gold
CLI-22044,28,Bahia (BA),3,Gold
CLI-72886,51,Bahia (BA),2,Silver
CLI-43350,31,Paraná (PR),2,Silver
CLI-39228,44,Paraná (PR),3,Gold
CLI-60803,34,Minas Gerais (MG),1,Silver
CLI-76570,41,Bahia (BA),4,Gold
CLI-15555,22,Rio de Janeiro (RJ),1,Silver
CLI-46108,25,Paraná (PR),4,Gold
CLI-54296,20,São Paulo (SP),3,Gold
CLI-26579,18,Minas Gerais (MG),1,Silver
CLI-91457,58,Paraná (PR),1,Silver
CLI-49398,62,São Paulo (SP),1,Silver
CLI-98100,58,São Paulo (SP),1,Silver
CLI-77710,22,Paraná (PR),1,Silver
CLI-67941,46,Bahia (BA),1,Silver
CLI-58605,60,Bahia (BA),3,Gold
CLI-23038,32,Paraná (PR),3,Gold
CLI-67576,40,São Paulo (SP),4,Gold
CLI-58575,32,Paraná (PR),3,Gold
CLI-92351,30,Minas Gerais (MG),1,Silver
CLI-23442,49,Minas Gerais (MG),4,Gold
CLI-13109,33,Bahia (BA),4,Gold
CLI-72306,26,Minas Gerais (MG),1,Silver
CLI-98275,55,Rio de Janeiro (RJ),2,Silver
CLI-10978,26,São Paulo (SP),1,Silver
CLI-48261,50,Paraná (PR),1,Silver
CLI-33287,62,São Paulo (SP),1,Silver
CLI-22925,64,Minas Gerais (MG),3,Gold
CLI-50694,39,Paraná (PR),2,Silver
CLI-24403,33,São Paulo (SP),4,Gold
CLI-65109,48,Rio de Janeiro (RJ),3,Gold
CLI-76199,63,Minas Gerais (MG),2,Silver
CLI-70591,56,Paraná (PR),3,Gold
CLI-78672,31,Bahia (BA),2,Silver
CLI-24776,30,Paraná (PR),1,Silver
CLI-21115,32,São Paulo (SP),3,Gold
CLI-77111,55,Minas Gerais (MG),2,Silver
CLI-88928,26,Bahia (BA),1,Silver
CLI-65264,39,Paraná (PR),2,Silver
CLI-24910,63,Paraná (PR),2,Silver
CLI-97978,43,Paraná (PR),2,Silver
CLI-48307,51,Minas Gerais (MG),2,Silver
CLI-42129,62,Rio de Janeiro (RJ),1,Silver
CLI-11241,21,Rio de Janeiro (RJ),4,Gold
CLI-24344,61,Minas Gerais (MG),4,Gold
CLI-29671,57,Rio de Janeiro (RJ),4,Gold
CLI-40468,52,Bahia (BA),3,Gold
CLI-71509,43,São Paulo (SP),4,Gold
CLI-81519,54,Rio de Janeiro (RJ),1,Silver
CLI-98139,57,Rio de Janeiro (RJ),4,Gold
CLI-73384,22,Minas Gerais (MG),1,Silver
CLI-41662,21,Bahia (BA),4,Gold
CLI-93855,26,Bahia (BA),1,Silver
CLI-74629,23,Rio de Janeiro (RJ),2,Silver
CLI-78154,29,São Paulo (SP),4,Gold
CLI-43994,27,Bahia (BA),2,Silver
CLI-43805,32,Minas Gerais (MG),3,Gold
CLI-39680,38,Bahia (BA),1,Silver
CLI-55515,59,Minas Gerais (MG),2,Silver
CLI-50169,51,Rio de Janeiro (RJ),2,Silver
CLI-86014,57,São Paulo (SP),4,Gold
CLI-25591,20,Paraná (PR),3,Gold
CLI-71251,18,Bahia (BA),1,Silver
CLI-96789,65,Paraná (PR),4,Gold
CLI-97042,44,Paraná (PR),3,Gold
CLI-22267,42,Minas Gerais (MG),1,Silver
CLI-96622,38,Bahia (BA),1,Silver
CLI-17205,20,São Paulo (SP),3,Gold
CLI-10649,41,Rio de Janeiro (RJ),4,Gold
CLI-86747,47,Bahia (BA),2,Silver
CLI-61711,23,Bahia (BA),2,Silver
CLI-74479,42,São Paulo (SP),4,Gold
CLI-43986,25,Bahia (BA),4,Gold
CLI-72651,20,Minas Gerais (MG),3,Gold
CLI-69408,35,Bahia (BA),2,Silver
CLI-68130,18,Paraná (PR),1,Silver
CLI-69483,28,Paraná (PR),3,Gold
CLI-52965,56,Paraná (PR),3,Gold
CLI-64675,35,Minas Gerais (MG),2,Silver
CLI-18206,26,Minas Gerais (MG),1,Silver
CLI-83641,58,Minas Gerais (MG),1,Silver
CLI-58732,54,Rio de Janeiro (RJ),1,Silver
CLI-25568,48,Minas Gerais (MG),3,Gold
CLI-17421,46,Bahia (BA),1,Silver
CLI-81036,22,Paraná (PR),1,Silver
CLI-52861,19,Paraná (PR),2,Silver
CLI-17560,31,São Paulo (SP),2,Silver
CLI-10619,52,Bahia (BA),3,Gold
CLI-48431,59,Bahia (BA),2,Silver
CLI-74991,59,Minas Gerais (MG),2,Silver
CLI-75180,62,Bahia (BA),1,Silver
CLI-14028,28,Bahia (BA),3,Gold
CLI-70011,44,Bahia (BA),3,Gold
CLI-52724,54,Minas Gerais (MG),1,Silver
CLI-47907,26,São Paulo (SP),1,Silver
CLI-38969,48,Minas Gerais (MG),3,Gold
CLI-22391,48,São Paulo (SP),4,Gold
CLI-72505,42,Bahia (BA),1,Silver
CLI-64602,46,São Paulo (SP),4,Gold
CLI-84766,48,Bahia (BA),3,Gold
CLI-16703,43,Bahia (BA),2,Silver
CLI-29899,51,Paraná (PR),2,Silver
CLI-23772,61,Paraná (PR),4,Gold
CLI-97207,35,São Paulo (SP),4,Gold
CLI-16597,29,Bahia (BA),4,Gold
CLI-21198,31,Paraná (PR),2,Silver
CLI-25066,59,São Paulo (SP),2,Silver
CLI-36621,53,São Paulo (SP),4,Gold
CLI-96230,40,Bahia (BA),3,Gold
CLI-63782,44,São Paulo (SP),4,Gold
CLI-39183,64,Bahia (BA),3,Gold
CLI-13273,65,Paraná (PR),4,Gold
CLI-29382,50,São Paulo (SP),4,Gold
CLI-22351,46,Rio de Janeiro (RJ),1,Silver
CLI-97733,57,Rio de Janeiro (RJ),4,Gold
CLI-46703,49,Bahia (BA),4,Gold
CLI-19885,58,São Paulo (SP),1,Silver
CLI-97227,25,São Paulo (SP),4,Gold
CLI-59980,26,São Paulo (SP),1,Silver
CLI-89814,34,Paraná (PR),1,Silver
CLI-58612,35,Rio de Janeiro (RJ),2,Silver
CLI-53165,47,Rio de Janeiro (RJ),2,Silver
CLI-12466,37,Paraná (PR),4,Gold
CLI-84305,35,Paraná (PR),2,Silver
CLI-90388,49,Rio de Janeiro (RJ),4,Gold
CLI-34451,56,Minas Gerais (MG),3,Gold
CLI-75403,60,Paraná (PR),3,Gold
CLI-39028,58,São Paulo (SP),1,Silver
CLI-80159,40,Paraná (PR),3,Gold
CLI-57318,50,Paraná (PR),1,Silver
CLI-36909,54,Paraná (PR),1,Silver
CLI-79637,44,Minas Gerais (MG),3,Gold
CLI-84901,61,Minas Gerais (MG),4,Gold
CLI-17434,26,Paraná (PR),1,Silver
CLI-25755,59,Minas Gerais (MG),2,Silver
CLI-68325,28,Paraná (PR),3,Gold
CLI-70747,39,Bahia (BA),2,Silver
CLI-93540,50,Paraná (PR),1,Silver
CLI-77438,20,Bahia (BA),3,Gold
CLI-53158,22,Bahia (BA),1,Silver
CLI-47815,48,Paraná (PR),3,Gold
CLI-55060,59,Rio de Janeiro (RJ),2,Silver
CLI-22670,30,Bahia (BA),1,Silver
CLI-14724,30,Paraná (PR),1,Silver
CLI-37892,53,Minas Gerais (MG),4,Gold
CLI-28765,54,Paraná (PR),1,Silver
CLI-31470,41,Rio de Janeiro (RJ),4,Gold
CLI-55147,45,Bahia (BA),4,Gold
CLI-15681,25,Rio de Janeiro (RJ),4,Gold
CLI-24467,62,Rio de Janeiro (RJ),1,Silver
CLI-92682,64,Bahia (BA),3,Gold
CLI-81743,20,Bahia (BA),3,Gold
CLI-39259,29,São Paulo (SP),4,Gold
CLI-87722,21,Bahia (BA),4,Gold
CLI-73288,32,São Paulo (SP),3,Gold
CLI-43769,44,Bahia (BA),3,Gold
CLI-86662,53,São Paulo (SP),4,Gold
CLI-76035,51,Paraná (PR),2,Silver
CLI-41132,39,Bahia (BA),2,Silver
CLI-45267,41,Bahia (BA),4,Gold
CLI-28209,28,São Paulo (SP),3,Gold
CLI-17975,64,Minas Gerais (MG),3,Gold
CLI-19508,41,Rio de Janeiro (RJ),4,Gold
CLI-74110,39,São Paulo (SP),4,Gold
CLI-84238,57,Paraná (PR),4,Gold
CLI-54661,20,Paraná (PR),3,Gold
CLI-17428,31,Bahia (BA),2,Silver
CLI-88081,52,Minas Gerais (MG),3,Gold
CLI-30431,45,São Paulo (SP),4,Gold
CLI-99380,52,São Paulo (SP),4,Gold
CLI-73536,48,Paraná (PR),3,Gold
CLI-93172,28,Bahia (BA),3,Gold
CLI-41967,57,Bahia (BA),4,Gold
CLI-25921,20,São Paulo (SP),3,Gold
CLI-63194,27,Rio de Janeiro (RJ),2,Silver
CLI-10098,24,Rio de Janeiro (RJ),3,Gold
CLI-45464,38,Paraná (PR),1,Silver
CLI-45018,64,Bahia (BA),3,Gold
CLI-16485,58,Rio de Janeiro (RJ),1,Silver
CLI-91954,48,Minas Gerais (MG),3,Gold
CLI-12425,44,Minas Gerais (MG),3,Gold
CLI-90204,27,Bahia (BA),2,Silver
CLI-83769,58,São Paulo (SP),1,Silver
CLI-29511,59,Paraná (PR),2,Silver
CLI-95830,22,Paraná (PR),1,Silver
CLI-27481,31,Paraná (PR),2,Silver
CLI-36001,31,Minas Gerais (MG),2,Silver
CLI-74184,42,São Paulo (SP),4,Gold
CLI-16525,30,Bahia (BA),1,Silver
CLI-21379,26,Paraná (PR),1,Silver
CLI-19189,23,Minas Gerais (MG),2,Silver
CLI-87679,55,Rio de Janeiro (RJ),2,Silver
CLI-41125,44,São Paulo (SP),4,Gold
CLI-38001,23,Paraná (PR),2,Silver
CLI-25248,30,São Paulo (SP),1,Silver
CLI-69277,42,Minas Gerais (MG),1,Silver
CLI-60400,38,Rio de Janeiro (RJ),1,Silver
CLI-51298,31,Paraná (PR),2,Silver
CLI-77923,31,Bahia (BA),2,Silver
CLI-31078,24,Paraná (PR),3,Gold
CLI-29795,47,Bahia (BA),2,Silver
CLI-55274,32,Bahia (BA),3,Gold
CLI-39478,32,Minas Gerais (MG),3,Gold
CLI-30044,27,Paraná (PR),2,Silver
CLI-62265,23,Paraná (PR),2,Silver
CLI-34907,53,Paraná (PR),4,Gold
CLI-19706,59,Rio de Janeiro (RJ),2,Silver
CLI-56989,57,Paraná (PR),4,Gold
CLI-90285,62,Bahia (BA),1,Silver
CLI-50228,30,São Paulo (SP),1,Silver
CLI-77720,33,Bahia (BA),4,Gold
CLI-83366,65,Paraná (PR),4,Gold
CLI-15661,41,Minas Gerais (MG),4,Gold
CLI-83834,35,Minas Gerais (MG),2,Silver
CLI-79372,25,Minas Gerais (MG),4,Gold
CLI-31934,34,Bahia (BA),1,Silver
CLI-47662,55,São Paulo (SP),4,Gold
CLI-68488,46,São Paulo (SP),4,Gold
CLI-81885,35,São Paulo (SP),4,Gold
CLI-60132,38,Minas Gerais (MG),1,Silver
CLI-88675,61,Minas Gerais (MG),4,Gold
CLI-85171,57,Paraná (PR),4,Gold
CLI-66758,53,Paraná (PR),4,Gold
CLI-34045,43,São Paulo (SP),4,Gold
CLI-36691,18,Minas Gerais (MG),1,Silver
CLI-73079,44,Minas Gerais (MG),3,Gold
CLI-41634,51,Rio de Janeiro (RJ),2,Silver
CLI-41945,31,Rio de Janeiro (RJ),2,Silver
CLI-51802,61,Rio de Janeiro (RJ),4,Gold
CLI-92988,64,Paraná (PR),3,Gold
CLI-76610,20,Bahia (BA),3,Gold
CLI-90590,64,Rio de Janeiro (RJ),3,Gold
CLI-87061,39,Bahia (BA),2,Silver
CLI-29070,33,Rio de Janeiro (RJ),4,Gold
CLI-27549,28,Minas Gerais (MG),3,Gold
CLI-85483,53,Minas Gerais (MG),4,Gold
CLI-62938,61,Rio de Janeiro (RJ),4,Gold
CLI-88179,55,Bahia (BA),2,Silver
CLI-29909,53,Minas Gerais (MG),4,Gold
CLI-63808,23,Rio de Janeiro (RJ),2,Silver
CLI-24856,55,Rio de Janeiro (RJ),2,Silver
CLI-26765,58,Rio de Janeiro (RJ),1,Silver
CLI-35929,63,Rio de Janeiro (RJ),2,Silver
CLI-90859,31,Minas Gerais (MG),2,Silver
CLI-18859,23,Minas Gerais (MG),2,Silver
CLI-91282,45,Bahia (BA),4,Gold
CLI-77534,46,Paraná (PR),1,Silver
CLI-81408,34,Bahia (BA),1,Silver
CLI-90088,35,Bahia (BA),2,Silver
CLI-91952,57,São Paulo (SP),4,Gold
CLI-74660,21,Minas Gerais (MG),4,Gold
CLI-38854,55,Rio de Janeiro (RJ),2,Silver
CLI-67242,23,Rio de Janeiro (RJ),2,Silver
CLI-18020,30,Paraná (PR),1,Silver
CLI-31249,65,Bahia (BA),4,Gold
CLI-19928,43,Rio de Janeiro (RJ),2,Silver
CLI-71244,56,Paraná (PR),3,Gold
CLI-59025,48,São Paulo (SP),4,Gold
CLI-31716,59,Minas Gerais (MG),2,Silver
CLI-88602,54,Paraná (PR),1,Silver
CLI-67727,18,Minas Gerais (MG),1,Silver
CLI-39105,54,São Paulo (SP),4,Gold
CLI-68245,33,Bahia (BA),4,Gold
CLI-86573,28,Minas Gerais (MG),3,Gold
CLI-63711,53,Rio de Janeiro (RJ),4,Gold
CLI-75115,42,Bahia (BA),1,Silver
CLI-57800,44,São Paulo (SP),4,Gold
CLI-77152,33,São Paulo (SP),4,Gold
CLI-11511,28,Bahia (BA),3,Gold
CLI-11034,50,São Paulo (SP),4,Gold
CLI-95989,37,Minas Gerais (MG),4,Gold
CLI-59912,39,São Paulo (SP),4,Gold
CLI-35512,24,Bahia (BA),3,Gold
CLI-68557,37,Paraná (PR),4,Gold
CLI-41431,59,Minas Gerais (MG),2,Silver
CLI-94188,31,Bahia (BA),2,Silver
CLI-81911,59,Rio de Janeiro (RJ),2,Silver
CLI-41034,44,Rio de Janeiro (RJ),3,Gold
CLI-61424,41,Rio de Janeiro (RJ),4,Gold
CLI-25450,24,Minas Gerais (MG),3,Gold
CLI-89562,58,Paraná (PR),1,Silver
CLI-38061,48,Minas Gerais (MG),3,Gold
CLI-18235,56,São Paulo (SP),3,Gold
CLI-84885,58,Paraná (PR),1,Silver
CLI-30790,48,Rio de Janeiro (RJ),3,Gold
CLI-18405,46,Paraná (PR),1,Silver
CLI-87839,44,Minas Gerais (MG),3,Gold
CLI-49087,35,Rio de Janeiro (RJ),2,Silver
CLI-44871,28,Rio de Janeiro (RJ),3,Gold
CLI-81822,56,Bahia (BA),3,Gold
CLI-35552,53,São Paulo (SP),4,Gold
CLI-78144,21,Minas Gerais (MG),4,Gold
CLI-80431,33,Rio de Janeiro (RJ),4,Gold
CLI-17065,56,Rio de Janeiro (RJ),3,Gold
CLI-84431,24,Paraná (PR),3,Gold
CLI-46516,57,São Paulo (SP),4,Gold
CLI-30660,20,Bahia (BA),3,Gold
CLI-87099,21,São Paulo (SP),4,Gold
CLI-24922,60,São Paulo (SP),3,Gold
CLI-56718,63,Minas Gerais (MG),2,Silver
CLI-12310,34,Bahia (BA),1,Silver
CLI-44908,47,Rio de Janeiro (RJ),2,Silver
CLI-30762,42,Rio de Janeiro (RJ),1,Silver
CLI-35599,26,Rio de Janeiro (RJ),1,Silver
CLI-96660,29,Rio de Janeiro (RJ),4,Gold
CLI-68425,48,Bahia (BA),3,Gold
CLI-56744,65,Minas Gerais (MG),4,Gold
CLI-98127,35,Bahia (BA),2,Silver
CLI-15872,47,Bahia (BA),2,Silver
CLI-87673,52,Minas Gerais (MG),3,Gold
CLI-96996,57,Minas Gerais (MG),4,Gold
CLI-81920,39,Minas Gerais (MG),2,Silver
CLI-26636,45,Rio de Janeiro (RJ),4,Gold
CLI-95657,61,Rio de Janeiro (RJ),4,Gold
CLI-32970,56,Minas Gerais (MG),3,Gold
CLI-15848,34,Minas Gerais (MG),1,Silver
CLI-24360,23,São Paulo (SP),2,Silver
CLI-64913,35,Rio de Janeiro (RJ),2,Silver
CLI-30446,55,Rio de Janeiro (RJ),2,Silver
CLI-97019,50,Minas Gerais (MG),1,Silver
CLI-34445,44,Paraná (PR),3,Gold
CLI-56369,46,Minas Gerais (MG),1,Silver
CLI-28818,26,São Paulo (SP),1,Silver
CLI-47350,55,Rio de Janeiro (RJ),2,Silver
CLI-22977,56,Paraná (PR),3,Gold
CLI-40703,24,Rio de Janeiro (RJ),3,Gold
CLI-60411,40,Rio de Janeiro (RJ),3,Gold
CLI-21400,62,São Paulo (SP),1,Silver
CLI-35402,18,Rio de Janeiro (RJ),1,Silver
CLI-93248,43,Minas Gerais (MG),2,Silver
CLI-63445,44,Paraná (PR),3,Gold
CLI-18877,27,Bahia (BA),2,Silver
CLI-17655,55,Bahia (BA),2,Silver
CLI-71012,24,Rio de Janeiro (RJ),3,Gold
CLI-37032,47,São Paulo (SP),4,Gold
CLI-64212,65,Rio de Janeiro (RJ),4,Gold
CLI-22340,37,São Paulo (SP),4,Gold
CLI-91543,34,São Paulo (SP),1,Silver
CLI-30017,28,Bahia (BA),3,Gold
CLI-71020,32,Bahia (BA),3,Gold
CLI-38729,53,São Paulo (SP),4,Gold
CLI-19133,40,Paraná (PR),3,Gold
CLI-91390,28,Rio de Janeiro (RJ),3,Gold
CLI-51941,53,Bahia (BA),4,Gold
CLI-93345,26,Minas Gerais (MG),1,Silver
CLI-91722,43,Rio de Janeiro (RJ),2,Silver
CLI-98469,47,Rio de Janeiro (RJ),2,Silver
CLI-45462,59,São Paulo (SP),2,Silver
CLI-80035,63,Minas Gerais (MG),2,Silver
CLI-85177,55,Paraná (PR),2,Silver
CLI-21833,22,Bahia (BA),1,Silver
CLI-74969,55,Minas Gerais (MG),2,Silver
CLI-27233,53,Paraná (PR),4,Gold
CLI-86808,60,Rio de Janeiro (RJ),3,Gold
CLI-77046,35,Bahia (BA),2,Silver
CLI-42407,19,Paraná (PR),2,Silver
CLI-83875,28,Rio de Janeiro (RJ),3,Gold
CLI-53775,62,Minas Gerais (MG),1,Silver
CLI-21590,56,Paraná (PR),3,Gold
CLI-59957,62,Minas Gerais (MG),1,Silver
CLI-80978,34,São Paulo (SP),1,Silver
CLI-80081,28,Bahia (BA),3,Gold
CLI-66034,48,Minas Gerais (MG),3,Gold
CLI-13183,21,Paraná (PR),4,Gold
CLI-70613,23,Bahia (BA),2,Silver
CLI-17027,39,Rio de Janeiro (RJ),2,Silver
CLI-58961,18,Paraná (PR),1,Silver
CLI-57196,39,Paraná (PR),2,Silver
CLI-29762,56,Paraná (PR),3,Gold
CLI-79861,44,Paraná (PR),3,Gold
CLI-73548,45,Bahia (BA),4,Gold
CLI-12318,22,Minas Gerais (MG),1,Silver
CLI-48370,26,Minas Gerais (MG),1,Silver
CLI-90598,53,Bahia (BA),4,Gold
CLI-86871,36,Rio de Janeiro (RJ),3,Gold
CLI-99377,60,Bahia (BA),3,Gold
CLI-34220,34,Rio de Janeiro (RJ),1,Silver
CLI-31619,43,Bahia (BA),2,Silver
CLI-26938,52,Rio de Janeiro (RJ),3,Gold
CLI-42781,33,Bahia (BA),4,Gold
CLI-75165,41,Bahia (BA),4,Gold
CLI-73760,25,São Paulo (SP),4,Gold
CLI-76292,53,Paraná (PR),4,Gold
CLI-96137,39,Minas Gerais (MG),2,Silver
CLI-42349,35,Minas Gerais (MG),2,Silver
CLI-20964,20,Minas Gerais (MG),3,Gold
CLI-80330,54,Minas Gerais (MG),1,Silver
CLI-30630,24,Rio de Janeiro (RJ),3,Gold
CLI-87703,55,Minas Gerais (MG),2,Silver
CLI-11153,41,Paraná (PR),4,Gold
CLI-90811,44,Rio de Janeiro (RJ),3,Gold
CLI-41530,29,Bahia (BA),4,Gold
CLI-33065,57,Paraná (PR),4,Gold
CLI-74887,55,Bahia (BA),2,Silver
CLI-88314,60,Bahia (BA),3,Gold
CLI-33442,48,São Paulo (SP),4,Gold
CLI-50912,41,Minas Gerais (MG),4,Gold
CLI-88403,41,Minas Gerais (MG),4,Gold
CLI-24816,27,Rio de Janeiro (RJ),2,Silver
CLI-94288,45,São Paulo (SP),4,Gold
CLI-44168,40,Paraná (PR),3,Gold
CLI-47422,60,Paraná (PR),3,Gold
CLI-67487,57,Paraná (PR),4,Gold
CLI-10124,47,Minas Gerais (MG),2,Silver
CLI-26175,24,Bahia (BA),3,Gold
CLI-55706,45,Rio de Janeiro (RJ),4,Gold
CLI-86394,20,Paraná (PR),3,Gold
CLI-32515,64,Bahia (BA),3,Gold
CLI-37076,21,Rio de Janeiro (RJ),4,Gold
CLI-28982,37,São Paulo (SP),4,Gold
CLI-31185,37,Rio de Janeiro (RJ),4,Gold
CLI-25099,52,Bahia (BA),3,Gold
CLI-70909,29,Bahia (BA),4,Gold
CLI-11264,36,Rio de Janeiro (RJ),3,Gold
CLI-76366,56,Rio de Janeiro (RJ),3,Gold
CLI-10308,61,Bahia (BA),4,Gold
CLI-60544,51,Minas Gerais (MG),2,Silver
CLI-86920,53,Bahia (BA),4,Gold
CLI-75975,59,Minas Gerais (MG),2,Silver
CLI-53667,55,São Paulo (SP),4,Gold
CLI-14896,34,Paraná (PR),1,Silver
CLI-28537,44,Bahia (BA),3,Gold
CLI-77782,64,Minas Gerais (MG),3,Gold
CLI-26553,47,Bahia (BA),2,Silver
CLI-50718,42,São Paulo (SP),4,Gold
CLI-73197,57,Minas Gerais (MG),4,Gold
CLI-76985,52,Rio de Janeiro (RJ),3,Gold
CLI-35370,42,São Paulo (SP),4,Gold
CLI-18791,55,Bahia (BA),2,Silver
CLI-22271,42,Rio de Janeiro (RJ),1,Silver
CLI-91429,44,Rio de Janeiro (RJ),3,Gold
CLI-82371,26,Rio de Janeiro (RJ),1,Silver
CLI-60833,53,Paraná (PR),4,Gold
CLI-63862,28,Rio de Janeiro (RJ),3,Gold
CLI-68158,56,São Paulo (SP),3,Gold
CLI-27591,59,Paraná (PR),2,Silver
CLI-63573,54,Minas Gerais (MG),1,Silver
CLI-97287,56,Rio de Janeiro (RJ),3,Gold
CLI-90056,19,Paraná (PR),2,Silver
CLI-99788,31,Bahia (BA),2,Silver
CLI-54258,35,Minas Gerais (MG),2,Silver
CLI-41185,37,São Paulo (SP),4,Gold
CLI-16672,37,Rio de Janeiro (RJ),4,Gold
CLI-72203,29,Rio de Janeiro (RJ),4,Gold
CLI-62892,56,Rio de Janeiro (RJ),3,Gold
CLI-81292,26,Minas Gerais (MG),1,Silver
CLI-98618,33,São Paulo (SP),4,Gold
CLI-33134,63,Paraná (PR),2,Silver
CLI-78849,54,Minas Gerais (MG),1,Silver
CLI-88016,27,Rio de Janeiro (RJ),2,Silver
CLI-58064,55,Bahia (BA),2,Silver
CLI-54489,18,Bahia (BA),1,Silver
CLI-51095,45,Paraná (PR),4,Gold
CLI-77917,49,São Paulo (SP),4,Gold
CLI-12046,28,Minas Gerais (MG),3,Gold
CLI-78147,34,São Paulo (SP),1,Silver
CLI-72118,31,Rio de Janeiro (RJ),2,Silver
CLI-45433,63,São Paulo (SP),2,Silver
CLI-18504,27,Bahia (BA),2,Silver
CLI-82081,34,Rio de Janeiro (RJ),1,Silver
CLI-84834,26,Paraná (PR),1,Silver
CLI-26550,41,Bahia (BA),4,Gold
CLI-39674,37,Minas Gerais (MG),4,Gold
CLI-89635,51,Bahia (BA),2,Silver
CLI-17531,41,Minas Gerais (MG),4,Gold
CLI-71015,32,Paraná (PR),3,Gold
CLI-76752,55,Paraná (PR),2,Silver
CLI-52902,58,São Paulo (SP),1,Silver
CLI-94246,24,Paraná (PR),3,Gold
CLI-23637,61,Paraná (PR),4,Gold
CLI-86832,49,Minas Gerais (MG),4,Gold
CLI-40579,54,Bahia (BA),1,Silver
CLI-68335,19,São Paulo (SP),2,Silver
CLI-94426,32,Paraná (PR),3,Gold
CLI-45635,49,Bahia (BA),4,Gold
CLI-77624,33,Bahia (BA),4,Gold
CLI-80962,50,Rio de Janeiro (RJ),1,Silver
CLI-91813,53,Paraná (PR),4,Gold
CLI-14439,22,São Paulo (SP),1,Silver
CLI-22866,65,Rio de Janeiro (RJ),4,Gold
CLI-64119,48,Rio de Janeiro (RJ),3,Gold
CLI-89125,23,Minas Gerais (MG),2,Silver
CLI-28719,50,Paraná (PR),1,Silver
CLI-20733,54,Paraná (PR),1,Silver
CLI-10031,41,Minas Gerais (MG),4,Gold
CLI-86246,38,São Paulo (SP),4,Gold
CLI-72506,45,Rio de Janeiro (RJ),4,Gold
CLI-68063,61,Rio de Janeiro (RJ),4,Gold
CLI-20169,55,São Paulo (SP),4,Gold
CLI-35074,37,Minas Gerais (MG),4,Gold
CLI-26166,36,Minas Gerais (MG),3,Gold
CLI-76568,62,Bahia (BA),1,Silver
CLI-46508,48,Minas Gerais (MG),3,Gold
CLI-57981,30,São Paulo (SP),1,Silver
CLI-42716,62,Minas Gerais (MG),1,Silver
CLI-13996,23,Paraná (PR),2,Silver
CLI-79635,30,Minas Gerais (MG),1,Silver
CLI-33941,51,Bahia (BA),2,Silver
CLI-65677,60,Minas Gerais (MG),3,Gold
CLI-82021,23,Bahia (BA),2,Silver
CLI-40497,60,Rio de Janeiro (RJ),3,Gold
CLI-30724,64,São Paulo (SP),3,Gold
CLI-79779,32,Bahia (BA),3,Gold
CLI-89680,32,Paraná (PR),3,Gold
CLI-13227,53,Minas Gerais (MG),4,Gold
CLI-74018,43,São Paulo (SP),4,Gold
CLI-24493,57,Minas Gerais (MG),4,Gold
CLI-30221,47,Rio de Janeiro (RJ),2,Silver
CLI-19176,63,Bahia (BA),2,Silver
CLI-47886,51,São Paulo (SP),4,Gold
CLI-16459,34,Minas Gerais (MG),1,Silver
CLI-98007,33,Paraná (PR),4,Gold
CLI-98544,61,Minas Gerais (MG),4,Gold
CLI-17339,59,Rio de Janeiro (RJ),2,Silver
CLI-92893,60,Paraná (PR),3,Gold
CLI-44814,35,São Paulo (SP),4,Gold
CLI-13488,53,São Paulo (SP),4,Gold
CLI-82511,42,Paraná (PR),1,Silver
CLI-25174,32,São Paulo (SP),3,Gold
CLI-74777,48,Bahia (BA),3,Gold
CLI-27405,40,São Paulo (SP),4,Gold
CLI-14061,39,Bahia (BA),2,Silver
CLI-10078,56,Minas Gerais (MG),3,Gold
CLI-66576,30,Bahia (BA),1,Silver
CLI-36458,47,Paraná (PR),2,Silver
CLI-85728,21,Rio de Janeiro (RJ),4,Gold
CLI-63073,25,Minas Gerais (MG),4,Gold
CLI-73482,23,Minas Gerais (MG),2,Silver
CLI-46337,53,São Paulo (SP),4,Gold
CLI-33579,45,São Paulo (SP),4,Gold
CLI-61158,33,Bahia (BA),4,Gold
CLI-14480,37,Minas Gerais (MG),4,Gold
CLI-83083,55,Rio de Janeiro (RJ),2,Silver
CLI-61166,22,Minas Gerais (MG),1,Silver
CLI-33298,36,São Paulo (SP),4,Gold
CLI-90917,42,Minas Gerais (MG),1,Silver
CLI-78882,60,Paraná (PR),3,Gold
CLI-95957,54,Bahia (BA),1,Silver
CLI-91273,20,Bahia (BA),3,Gold
CLI-67621,55,São Paulo (SP),4,Gold
CLI-32583,32,Bahia (BA),3,Gold
CLI-23556,47,Bahia (BA),2,Silver
CLI-93617,39,São Paulo (SP),4,Gold
CLI-72117,61,São Paulo (SP),4,Gold
CLI-27174,41,São Paulo (SP),4,Gold
CLI-60956,29,Rio de Janeiro (RJ),4,Gold
CLI-30373,59,Rio de Janeiro (RJ),2,Silver
CLI-15666,60,Minas Gerais (MG),3,Gold
CLI-36485,57,São Paulo (SP),4,Gold
CLI-23261,32,Rio de Janeiro (RJ),3,Gold
CLI-65096,41,Bahia (BA),4,Gold
CLI-98387,57,São Paulo (SP),4,Gold
CLI-56500,26,São Paulo (SP),1,Silver
CLI-51408,62,Rio de Janeiro (RJ),1,Silver
CLI-81510,21,Minas Gerais (MG),4,Gold
CLI-99517,33,Rio de Janeiro (RJ),4,Gold
CLI-29188,45,São Paulo (SP),4,Gold
CLI-82097,52,Bahia (BA),3,Gold
CLI-79569,33,São Paulo (SP),4,Gold
CLI-70461,35,Minas Gerais (MG),2,Silver
CLI-15069,54,Paraná (PR),1,Silver
CLI-20895,59,Paraná (PR),2,Silver
CLI-49180,26,São Paulo (SP),1,Silver
CLI-83009,57,São Paulo (SP),4,Gold
CLI-95819,40,Paraná (PR),3,Gold
CLI-73995,18,Rio de Janeiro (RJ),1,Silver
CLI-11042,31,Minas Gerais (MG),2,Silver
CLI-64804,33,Bahia (BA),4,Gold
CLI-13223,43,Paraná (PR),2,Silver
CLI-79328,44,Bahia (BA),3,Gold
CLI-28145,31,Bahia (BA),2,Silver
CLI-75252,46,Minas Gerais (MG),1,Silver
CLI-94148,59,Rio de Janeiro (RJ),2,Silver
CLI-75122,43,São Paulo (SP),4,Gold
CLI-16643,57,Rio de Janeiro (RJ),4,Gold
CLI-54092,58,Paraná (PR),1,Silver
CLI-13098,37,São Paulo (SP),4,Gold
CLI-44791,20,São Paulo (SP),3,Gold
CLI-84016,46,Rio de Janeiro (RJ),1,Silver
CLI-80388,36,Rio de Janeiro (RJ),3,Gold
CLI-72768,55,São Paulo (SP),4,Gold
CLI-12852,26,Bahia (BA),1,Silver
CLI-64953,57,Bahia (BA),4,Gold
CLI-83150,37,Paraná (PR),4,Gold
CLI-37643,44,Paraná (PR),3,Gold
CLI-56902,54,Bahia (BA),1,Silver
CLI-94891,25,Minas Gerais (MG),4,Gold
CLI-69084,23,Rio de Janeiro (RJ),2,Silver
CLI-43116,37,Rio de Janeiro (RJ),4,Gold
CLI-95455,28,Rio de Janeiro (RJ),3,Gold
CLI-74753,62,Paraná (PR),1,Silver
CLI-41774,31,Minas Gerais (MG),2,Silver
CLI-73132,44,Paraná (PR),3,Gold
CLI-23779,42,Bahia (BA),1,Silver
CLI-44102,37,Bahia (BA),4,Gold
CLI-75692,56,Rio de Janeiro (RJ),3,Gold
CLI-18816,38,Paraná (PR),1,Silver
CLI-44681,60,Minas Gerais (MG),3,Gold
CLI-73531,27,Bahia (BA),2,Silver
CLI-94467,54,Rio de Janeiro (RJ),1,Silver
CLI-60500,44,Minas Gerais (MG),3,Gold
CLI-57151,23,Bahia (BA),2,Silver
CLI-88820,25,Rio de Janeiro (RJ),4,Gold
CLI-30563,37,Rio de Janeiro (RJ),4,Gold
CLI-17601,49,Bahia (BA),4,Gold
CLI-24462,34,São Paulo (SP),1,Silver
CLI-45158,42,Minas Gerais (MG),1,Silver
CLI-89184,36,Bahia (BA),3,Gold
CLI-33662,49,Rio de Janeiro (RJ),4,Gold
CLI-35787,37,São Paulo (SP),4,Gold
CLI-62718,59,Bahia (BA),2,Silver
CLI-84396,51,Rio de Janeiro (RJ),2,Silver
CLI-51958,46,Paraná (PR),1,Silver
CLI-72990,25,Bahia (BA),4,Gold
CLI-11794,59,Paraná (PR),2,Silver
CLI-63224,29,Bahia (BA),4,Gold
CLI-41691,22,São Paulo (SP),1,Silver
CLI-47583,44,Minas Gerais (MG),3,Gold
CLI-92910,28,Minas Gerais (MG),3,Gold
CLI-86706,26,Minas Gerais (MG),1,Silver
CLI-64360,44,Paraná (PR),3,Gold
CLI-20372,50,Paraná (PR),1,Silver
CLI-90963,37,Bahia (BA),4,Gold
CLI-61807,18,São Paulo (SP),1,Silver
CLI-57153,26,Paraná (PR),1,Silver
CLI-78820,35,Minas Gerais (MG),2,Silver
CLI-19976,18,Paraná (PR),1,Silver
CLI-83455,52,Rio de Janeiro (RJ),3,Gold
CLI-22946,59,São Paulo (SP),2,Silver
CLI-62643,31,São Paulo (SP),2,Silver
CLI-10532,61,Minas Gerais (MG),4,Gold
CLI-18790,20,Paraná (PR),3,Gold
CLI-79010,34,Minas Gerais (MG),1,Silver
CLI-10487,35,Rio de Janeiro (RJ),2,Silver
CLI-30778,47,Paraná (PR),2,Silver
CLI-95508,19,São Paulo (SP),2,Silver
CLI-12966,27,Paraná (PR),2,Silver
CLI-18885,52,Rio de Janeiro (RJ),3,Gold
CLI-67510,26,São Paulo (SP),1,Silver
CLI-97233,19,Bahia (BA),2,Silver
CLI-37112,27,São Paulo (SP),2,Silver
CLI-27566,63,Minas Gerais (MG),2,Silver
CLI-24392,47,Rio de Janeiro (RJ),2,Silver
CLI-75926,35,Rio de Janeiro (RJ),2,Silver
CLI-43156,32,São Paulo (SP),3,Gold
CLI-15122,43,Paraná (PR),2,Silver
CLI-32625,44,Rio de Janeiro (RJ),3,Gold
CLI-39740,20,Minas Gerais (MG),3,Gold
CLI-56130,63,Bahia (BA),2,Silver
CLI-42957,19,Paraná (PR),2,Silver
CLI-45040,59,São Paulo (SP),2,Silver
CLI-80394,51,Bahia (BA),2,Silver
CLI-57706,53,Paraná (PR),4,Gold
CLI-77766,60,São Paulo (SP),3,Gold
CLI-92555,39,São Paulo (SP),4,Gold
CLI-86173,65,São Paulo (SP),4,Gold
CLI-30581,23,Paraná (PR),2,Silver
CLI-29470,58,Minas Gerais (MG),1,Silver
CLI-70755,52,Rio de Janeiro (RJ),3,Gold
CLI-65175,50,Rio de Janeiro (RJ),1,Silver
CLI-55896,38,Minas Gerais (MG),1,Silver
CLI-97013,19,Bahia (BA),2,Silver
CLI-75872,19,Bahia (BA),2,Silver
CLI-86714,22,Rio de Janeiro (RJ),1,Silver
CLI-26169,24,São Paulo (SP),3,Gold
CLI-50542,51,Rio de Janeiro (RJ),2,Silver
CLI-56061,34,São Paulo (SP),1,Silver
CLI-47973,33,Paraná (PR),4,Gold
CLI-59633,48,Paraná (PR),3,Gold
CLI-38940,46,Paraná (PR),1,Silver
CLI-92881,32,Bahia (BA),3,Gold
CLI-34233,48,Rio de Janeiro (RJ),3,Gold
CLI-68509,46,Bahia (BA),1,Silver
CLI-10189,60,Rio de Janeiro (RJ),3,Gold
CLI-29778,37,Minas Gerais (MG),4,Gold
CLI-42229,43,Rio de Janeiro (RJ),2,Silver
CLI-80810,18,Rio de Janeiro (RJ),1,Silver
CLI-39361,42,Bahia (BA),1,Silver
CLI-59325,53,São Paulo (SP),4,Gold
CLI-25589,57,Minas Gerais (MG),4,Gold
CLI-53984,27,Bahia (BA),2,Silver
CLI-70996,43,Rio de Janeiro (RJ),2,Silver
CLI-85865,50,Paraná (PR),1,Silver
CLI-45769,43,Paraná (PR),2,Silver
CLI-61308,50,Paraná (PR),1,Silver
CLI-85169,55,Paraná (PR),2,Silver
CLI-62425,53,Rio de Janeiro (RJ),4,Gold
CLI-48203,57,Paraná (PR),4,Gold
CLI-80347,21,Rio de Janeiro (RJ),4,Gold
CLI-57590,52,Rio de Janeiro (RJ),3,Gold
CLI-42966,23,Rio de Janeiro (RJ),2,Silver
CLI-18326,64,Bahia (BA),3,Gold
CLI-80830,31,Paraná (PR),2,Silver
CLI-47904,48,Bahia (BA),3,Gold
CLI-92278,55,Minas Gerais (MG),2,Silver
CLI-25671,52,São Paulo (SP),4,Gold
CLI-29290,33,Rio de Janeiro (RJ),4,Gold
CLI-53009,47,São Paulo (SP),4,Gold
CLI-74627,39,Minas Gerais (MG),2,Silver
CLI-34496,59,Minas Gerais (MG),2,Silver
CLI-34103,46,Paraná (PR),1,Silver
CLI-40095,64,São Paulo (SP),3,Gold
CLI-47245,23,Rio de Janeiro (RJ),2,Silver
CLI-39753,52,São Paulo (SP),4,Gold
CLI-15057,35,Rio de Janeiro (RJ),2,Silver
CLI-20600,48,Minas Gerais (MG),3,Gold
CLI-69789,38,Bahia (BA),1,Silver
CLI-53528,28,Paraná (PR),3,Gold
CLI-70046,21,Minas Gerais (MG),4,Gold
CLI-34889,23,Bahia (BA),2,Silver
CLI-61135,36,São Paulo (SP),4,Gold
CLI-71586,42,Paraná (PR),1,Silver
CLI-34093,62,Paraná (PR),1,Silver
CLI-87278,47,São Paulo (SP),4,Gold
CLI-40015,48,São Paulo (SP),4,Gold
CLI-43004,65,São Paulo (SP),4,Gold
CLI-59953,41,Rio de Janeiro (RJ),4,Gold
CLI-25332,51,Paraná (PR),2,Silver
CLI-65515,49,Bahia (BA),4,Gold
CLI-97496,19,Paraná (PR),2,Silver
CLI-66352,53,Rio de Janeiro (RJ),4,Gold
CLI-17667,18,Rio de Janeiro (RJ),1,Silver
CLI-72418,18,Minas Gerais (MG),1,Silver
CLI-65462,32,São Paulo (SP),3,Gold
CLI-31049,39,São Paulo (SP),4,Gold
CLI-97690,20,Bahia (BA),3,Gold
CLI-23701,25,Minas Gerais (MG),4,Gold
CLI-21624,29,Paraná (PR),4,Gold
CLI-90705,51,Minas Gerais (MG),2,Silver
CLI-45183,37,Rio de Janeiro (RJ),4,Gold
CLI-45675,41,Minas Gerais (MG),4,Gold
CLI-61590,21,São Paulo (SP),4,Gold
CLI-38660,62,Rio de Janeiro (RJ),1,Silver
CLI-96471,23,São Paulo (SP),2,Silver
CLI-61340,29,Minas Gerais (MG),4,Gold
CLI-33270,60,Bahia (BA),3,Gold
CLI-14789,58,Rio de Janeiro (RJ),1,Silver
CLI-24625,54,Rio de Janeiro (RJ),1,Silver
CLI-99189,30,Bahia (BA),1,Silver
CLI-91899,57,Bahia (BA),4,Gold
CLI-65488,62,São Paulo (SP),1,Silver
CLI-54157,51,Bahia (BA),2,Silver
CLI-35329,20,Rio de Janeiro (RJ),3,Gold
CLI-31917,22,Rio de Janeiro (RJ),1,Silver
CLI-95701,30,Rio de Janeiro (RJ),1,Silver
CLI-40901,21,Minas Gerais (MG),4,Gold
CLI-21597,62,Rio de Janeiro (RJ),1,Silver
CLI-91448,44,Minas Gerais (MG),3,Gold
CLI-12749,19,Bahia (BA),2,Silver
CLI-42163,62,Rio de Janeiro (RJ),1,Silver
CLI-92671,63,Rio de Janeiro (RJ),2,Silver
CLI-91615,28,Bahia (BA),3,Gold
CLI-61656,35,São Paulo (SP),4,Gold
CLI-84178,26,Minas Gerais (MG),1,Silver
CLI-62870,20,Bahia (BA),3,Gold
CLI-12727,55,Bahia (BA),2,Silver
CLI-41367,64,Paraná (PR),3,Gold
CLI-85674,53,Rio de Janeiro (RJ),4,Gold
CLI-29385,43,Rio de Janeiro (RJ),2,Silver
CLI-18127,29,Rio de Janeiro (RJ),4,Gold
CLI-25122,54,Bahia (BA),1,Silver
CLI-49768,25,Minas Gerais (MG),4,Gold
CLI-28609,58,Rio de Janeiro (RJ),1,Silver
CLI-19022,55,Bahia (BA),2,Silver
CLI-77496,61,Bahia (BA),4,Gold
CLI-42011,49,Bahia (BA),4,Gold
CLI-65271,58,Minas Gerais (MG),1,Silver
CLI-52817,37,Paraná (PR),4,Gold
CLI-62703,23,Minas Gerais (MG),2,Silver
CLI-33515,45,São Paulo (SP),4,Gold
CLI-34309,55,Minas Gerais (MG),2,Silver
CLI-20133,35,Rio de Janeiro (RJ),2,Silver
CLI-85361,50,Paraná (PR),1,Silver
CLI-21357,19,São Paulo (SP),2,Silver
CLI-28912,45,São Paulo (SP),4,Gold
CLI-66949,30,Bahia (BA),1,Silver
CLI-65363,26,Rio de Janeiro (RJ),1,Silver
CLI-44129,59,Minas Gerais (MG),2,Silver
CLI-23739,64,Rio de Janeiro (RJ),3,Gold
CLI-86960,59,Minas Gerais (MG),2,Silver
CLI-52818,38,Rio de Janeiro (RJ),1,Silver
CLI-93965,41,Bahia (BA),4,Gold
CLI-12105,49,Minas Gerais (MG),4,Gold
CLI-74842,54,Minas Gerais (MG),1,Silver
CLI-44204,26,São Paulo (SP),1,Silver
CLI-88486,63,São Paulo (SP),2,Silver
CLI-12271,62,Paraná (PR),1,Silver
CLI-83384,44,São Paulo (SP),4,Gold
CLI-11671,49,Rio de Janeiro (RJ),4,Gold
CLI-82968,31,Minas Gerais (MG),2,Silver
CLI-50269,50,Rio de Janeiro (RJ),1,Silver
CLI-85440,50,São Paulo (SP),4,Gold
CLI-52503,48,Rio de Janeiro (RJ),3,Gold
CLI-56269,35,São Paulo (SP),4,Gold
CLI-83710,37,São Paulo (SP),4,Gold
CLI-68727,52,São Paulo (SP),4,Gold
CLI-90274,57,Bahia (BA),4,Gold
CLI-26200,54,Rio de Janeiro (RJ),1,Silver
CLI-65791,22,São Paulo (SP),1,Silver
CLI-99352,49,Paraná (PR),4,Gold
CLI-15979,27,São Paulo (SP),2,Silver
CLI-61777,24,Minas Gerais (MG),3,Gold
CLI-68837,37,Minas Gerais (MG),4,Gold
CLI-70685,30,São Paulo (SP),1,Silver
CLI-77639,64,Rio de Janeiro (RJ),3,Gold
CLI-61969,33,São Paulo (SP),4,Gold
CLI-77947,64,Paraná (PR),3,Gold
CLI-39743,46,Paraná (PR),1,Silver
CLI-76127,36,Bahia (BA),3,Gold
CLI-35795,37,Rio de Janeiro (RJ),4,Gold
CLI-91950,43,Minas Gerais (MG),2,Silver
CLI-91274,21,São Paulo (SP),4,Gold
CLI-35585,34,São Paulo (SP),1,Silver
CLI-59133,64,Bahia (BA),3,Gold
CLI-92958,46,Bahia (BA),1,Silver
CLI-54374,25,Paraná (PR),4,Gold
CLI-25426,43,Rio de Janeiro (RJ),2,Silver
CLI-67870,26,São Paulo (SP),1,Silver
CLI-94547,59,Rio de Janeiro (RJ),2,Silver
CLI-59834,28,Bahia (BA),3,Gold
CLI-13001,46,São Paulo (SP),4,Gold
CLI-88139,58,Rio de Janeiro (RJ),1,Silver
CLI-85243,38,Paraná (PR),1,Silver
CLI-50371,48,Paraná (PR),3,Gold
CLI-36012,59,Paraná (PR),2,Silver
CLI-51633,40,Bahia (BA),3,Gold
CLI-31320,56,Minas Gerais (MG),3,Gold
CLI-79564,30,Rio de Janeiro (RJ),1,Silver
CLI-16370,22,Minas Gerais (MG),1,Silver
CLI-41109,21,Bahia (BA),4,Gold
CLI-33128,36,Paraná (PR),3,Gold
CLI-72983,61,Paraná (PR),4,Gold
CLI-86118,61,Paraná (PR),4,Gold
CLI-33609,39,Bahia (BA),2,Silver
CLI-42892,57,Paraná (PR),4,Gold
CLI-70145,50,Paraná (PR),1,Silver
CLI-67620,26,Paraná (PR),1,Silver
CLI-82002,49,Rio de Janeiro (RJ),4,Gold
CLI-38610,39,Paraná (PR),2,Silver
CLI-36468,20,Rio de Janeiro (RJ),3,Gold
CLI-27634,39,Paraná (PR),2,Silver
CLI-32446,26,São Paulo (SP),1,Silver
CLI-19375,21,Minas Gerais (MG),4,Gold
CLI-64342,47,Rio de Janeiro (RJ),2,Silver
CLI-94087,62,São Paulo (SP),1,Silver
CLI-55914,24,Bahia (BA),3,Gold
CLI-59266,49,Paraná (PR),4,Gold
CLI-80276,18,Rio de Janeiro (RJ),1,Silver
CLI-34014,24,São Paulo (SP),3,Gold
CLI-78285,20,Rio de Janeiro (RJ),3,Gold
CLI-39061,64,Bahia (BA),3,Gold
CLI-18608,39,Rio de Janeiro (RJ),2,Silver
CLI-82400,62,São Paulo (SP),1,Silver
CLI-16747,56,Bahia (BA),3,Gold
CLI-67960,45,Rio de Janeiro (RJ),4,Gold
CLI-39722,28,Bahia (BA),3,Gold
CLI-59626,58,Minas Gerais (MG),1,Silver
CLI-58142,50,Minas Gerais (MG),1,Silver
CLI-45253,54,São Paulo (SP),4,Gold
CLI-57310,46,Paraná (PR),1,Silver
CLI-68467,39,São Paulo (SP),4,Gold
CLI-15898,62,Rio de Janeiro (RJ),1,Silver
CLI-74493,29,Rio de Janeiro (RJ),4,Gold
CLI-43428,51,Minas Gerais (MG),2,Silver
CLI-18874,54,Minas Gerais (MG),1,Silver
CLI-88431,47,Rio de Janeiro (RJ),2,Silver
CLI-43636,43,São Paulo (SP),4,Gold
CLI-67397,43,Rio de Janeiro (RJ),2,Silver
CLI-66081,29,Minas Gerais (MG),4,Gold
CLI-20945,32,Paraná (PR),3,Gold
CLI-89526,32,Minas Gerais (MG),3,Gold
CLI-50194,38,São Paulo (SP),4,Gold
CLI-16040,48,Bahia (BA),3,Gold
CLI-19445,26,Paraná (PR),1,Silver
CLI-98887,23,Minas Gerais (MG),2,Silver
CLI-12176,48,Bahia (BA),3,Gold
CLI-74260,26,Minas Gerais (MG),1,Silver
CLI-10220,33,São Paulo (SP),4,Gold
CLI-99847,26,Bahia (BA),1,Silver
CLI-28671,22,Bahia (BA),1,Silver
CLI-32922,56,Bahia (BA),3,Gold
CLI-81801,55,Minas Gerais (MG),2,Silver
CLI-31922,21,Minas Gerais (MG),4,Gold
CLI-81089,35,Paraná (PR),2,Silver
CLI-91014,37,Bahia (BA),4,Gold
CLI-94377,37,Bahia (BA),4,Gold
CLI-64004,26,Bahia (BA),1,Silver
CLI-42432,29,São Paulo (SP),4,Gold
CLI-90087,42,Paraná (PR),1,Silver
CLI-81926,47,Bahia (BA),2,Silver
CLI-49450,49,Rio de Janeiro (RJ),4,Gold
CLI-64625,46,São Paulo (SP),4,Gold
CLI-95478,25,Minas Gerais (MG),4,Gold
CLI-16535,34,Bahia (BA),1,Silver
CLI-25318,56,Rio de Janeiro (RJ),3,Gold
CLI-92248,27,São Paulo (SP),2,Silver
CLI-28852,18,Minas Gerais (MG),1,Silver
CLI-98143,43,Minas Gerais (MG),2,Silver
CLI-17305,49,Paraná (PR),4,Gold
CLI-34071,42,São Paulo (SP),4,Gold
CLI-86633,59,Bahia (BA),2,Silver
CLI-87373,59,Minas Gerais (MG),2,Silver
CLI-36228,23,Bahia (BA),2,Silver
CLI-33238,32,São Paulo (SP),3,Gold
CLI-94723,48,Rio de Janeiro (RJ),3,Gold
CLI-66351,61,São Paulo (SP),4,Gold
CLI-90369,47,Paraná (PR),2,Silver
CLI-91387,42,Paraná (PR),1,Silver
CLI-12494,27,São Paulo (SP),2,Silver
CLI-23714,32,Paraná (PR),3,Gold
CLI-82971,39,Paraná (PR),2,Silver
CLI-21101,44,São Paulo (SP),4,Gold
CLI-93578,56,Paraná (PR),3,Gold
CLI-66666,35,Bahia (BA),2,Silver
CLI-99805,46,Bahia (BA),1,Silver
CLI-55485,26,Minas Gerais (MG),1,Silver
CLI-78577,43,Bahia (BA),2,Silver
CLI-56223,47,Minas Gerais (MG),2,Silver
CLI-56404,27,Paraná (PR),2,Silver
CLI-52629,56,Bahia (BA),3,Gold
CLI-29744,20,Paraná (PR),3,Gold
CLI-28615,50,São Paulo (SP),4,Gold
CLI-26774,39,Paraná (PR),2,Silver
CLI-47041,29,Rio de Janeiro (RJ),4,Gold
CLI-89118,33,São Paulo (SP),4,Gold
CLI-66670,18,Paraná (PR),1,Silver
CLI-11563,48,Bahia (BA),3,Gold
CLI-46419,28,Minas Gerais (MG),3,Gold
CLI-28402,38,Paraná (PR),1,Silver
CLI-50729,55,Paraná (PR),2,Silver
CLI-17059,39,Bahia (BA),2,Silver
CLI-48864,23,Minas Gerais (MG),2,Silver
CLI-74537,42,Minas Gerais (MG),1,Silver
CLI-35718,51,Paraná (PR),2,Silver
CLI-10949,35,Rio de Janeiro (RJ),2,Silver
CLI-35846,52,São Paulo (SP),4,Gold
CLI-28322,62,Bahia (BA),1,Silver
CLI-96211,20,Minas Gerais (MG),3,Gold
CLI-45783,51,Rio de Janeiro (RJ),2,Silver
CLI-77699,36,Minas Gerais (MG),3,Gold
CLI-89740,25,Minas Gerais (MG),4,Gold
CLI-46845,37,Bahia (BA),4,Gold
CLI-58636,28,Bahia (BA),3,Gold
CLI-91891,26,Bahia (BA),1,Silver
CLI-10522,23,Bahia (BA),2,Silver
CLI-20757,60,Paraná (PR),3,Gold
CLI-96394,49,Paraná (PR),4,Gold
CLI-50880,49,Bahia (BA),4,Gold
CLI-39800,43,Minas Gerais (MG),2,Silver
CLI-12143,58,Bahia (BA),1,Silver
CLI-58785,39,Rio de Janeiro (RJ),2,Silver
CLI-40453,34,Paraná (PR),1,Silver
CLI-47949,43,Paraná (PR),2,Silver
CLI-38128,44,Minas Gerais (MG),3,Gold
CLI-71883,37,Minas Gerais (MG),4,Gold
CLI-74494,33,São Paulo (SP),4,Gold
CLI-17079,36,Rio de Janeiro (RJ),3,Gold
CLI-66269,27,Minas Gerais (MG),2,Silver
CLI-27164,56,Paraná (PR),3,Gold
CLI-19632,48,Paraná (PR),3,Gold
CLI-93749,49,Rio de Janeiro (RJ),4,Gold
CLI-21484,43,Rio de Janeiro (RJ),2,Silver
CLI-25033,31,Rio de Janeiro (RJ),2,Silver
CLI-47963,39,Bahia (BA),2,Silver
CLI-93206,34,Rio de Janeiro (RJ),1,Silver
CLI-17721,18,Rio de Janeiro (RJ),1,Silver
CLI-77089,51,São Paulo (SP),4,Gold
CLI-56467,59,São Paulo (SP),2,Silver
CLI-32024,44,Minas Gerais (MG),3,Gold
CLI-41382,21,Minas Gerais (MG),4,Gold
CLI-73910,43,Paraná (PR),2,Silver
CLI-31217,51,Bahia (BA),2,Silver
CLI-57082,48,São Paulo (SP),4,Gold
CLI-91871,26,Minas Gerais (MG),1,Silver
CLI-17203,59,Rio de Janeiro (RJ),2,Silver
CLI-54659,21,São Paulo (SP),4,Gold
CLI-23423,30,Paraná (PR),1,Silver
CLI-22509,50,Rio de Janeiro (RJ),1,Silver
CLI-90886,51,Paraná (PR),2,Silver
CLI-34613,27,São Paulo (SP),2,Silver
CLI-69529,63,Rio de Janeiro (RJ),2,Silver
CLI-23125,18,Paraná (PR),1,Silver
CLI-89324,41,Paraná (PR),4,Gold
CLI-61242,47,Bahia (BA),2,Silver
CLI-31731,64,Paraná (PR),3,Gold
CLI-67951,51,Rio de Janeiro (RJ),2,Silver
CLI-25087,34,Minas Gerais (MG),1,Silver
CLI-83990,58,Rio de Janeiro (RJ),1,Silver
CLI-48838,58,Minas Gerais (MG),1,Silver
CLI-98849,37,Paraná (PR),4,Gold
CLI-87635,36,Bahia (BA),3,Gold
CLI-38454,31,Paraná (PR),2,Silver
CLI-27653,55,Paraná (PR),2,Silver
CLI-14719,41,São Paulo (SP),4,Gold
CLI-11688,43,Minas Gerais (MG),2,Silver
CLI-38135,23,São Paulo (SP),2,Silver
CLI-52956,48,São Paulo (SP),4,Gold
CLI-77842,59,Paraná (PR),2,Silver
CLI-54225,56,Rio de Janeiro (RJ),3,Gold
CLI-32052,41,Minas Gerais (MG),4,Gold
CLI-43572,38,São Paulo (SP),4,Gold
CLI-74796,32,Bahia (BA),3,Gold
CLI-23741,34,Bahia (BA),1,Silver
CLI-89384,53,Rio de Janeiro (RJ),4,Gold
CLI-30694,32,Paraná (PR),3,Gold
CLI-64190,28,Minas Gerais (MG),3,Gold
CLI-82513,36,Bahia (BA),3,Gold
CLI-30692,49,Rio de Janeiro (RJ),4,Gold
CLI-16689,23,São Paulo (SP),2,Silver
CLI-47713,47,Paraná (PR),2,Silver
CLI-38167,32,Minas Gerais (MG),3,Gold
CLI-81189,55,Paraná (PR),2,Silver
CLI-49276,54,Rio de Janeiro (RJ),1,Silver
CLI-76707,49,São Paulo (SP),4,Gold
CLI-85469,64,Bahia (BA),3,Gold
CLI-64204,33,Rio de Janeiro (RJ),4,Gold
CLI-89741,32,Minas Gerais (MG),3,Gold
CLI-13464,23,Minas Gerais (MG),2,Silver
CLI-31004,19,Bahia (BA),2,Silver
CLI-69329,37,Minas Gerais (MG),4,Gold
CLI-18260,61,Rio de Janeiro (RJ),4,Gold
CLI-38475,51,Minas Gerais (MG),2,Silver
CLI-38052,62,Rio de Janeiro (RJ),1,Silver
CLI-22137,46,Minas Gerais (MG),1,Silver
CLI-26001,62,Paraná (PR),1,Silver
CLI-93998,18,Minas Gerais (MG),1,Silver
CLI-35169,44,Paraná (PR),3,Gold
CLI-33351,52,Rio de Janeiro (RJ),3,Gold
CLI-56115,37,Paraná (PR),4,Gold
CLI-58590,28,Minas Gerais (MG),3,Gold
CLI-93322,40,São Paulo (SP),4,Gold
CLI-75341,26,Paraná (PR),1,Silver
CLI-48707,59,Paraná (PR),2,Silver
CLI-14426,27,Bahia (BA),2,Silver
CLI-86764,24,Minas Gerais (MG),3,Gold
CLI-13353,54,Minas Gerais (MG),1,Silver
CLI-36675,47,Paraná (PR),2,Silver
CLI-48676,39,São Paulo (SP),4,Gold
CLI-41906,35,Bahia (BA),2,Silver
CLI-78708,63,Minas Gerais (MG),2,Silver
CLI-41020,55,Rio de Janeiro (RJ),2,Silver
CLI-86847,40,Minas Gerais (MG),3,Gold
CLI-30314,53,Paraná (PR),4,Gold
CLI-69127,29,Paraná (PR),4,Gold
CLI-28005,55,Paraná (PR),2,Silver
CLI-15389,34,Rio de Janeiro (RJ),1,Silver
CLI-78855,25,Bahia (BA),4,Gold
CLI-96049,37,Rio de Janeiro (RJ),4,Gold
CLI-88452,52,Paraná (PR),3,Gold
CLI-20650,37,São Paulo (SP),4,Gold
CLI-83419,21,Bahia (BA),4,Gold
CLI-23528,62,Bahia (BA),1,Silver
CLI-45957,51,Bahia (BA),2,Silver
CLI-37415,48,Paraná (PR),3,Gold
CLI-51257,24,Minas Gerais (MG),3,Gold
CLI-53930,31,Rio de Janeiro (RJ),2,Silver
CLI-14558,27,Minas Gerais (MG),2,Silver
CLI-76487,31,Paraná (PR),2,Silver
CLI-50806,44,Bahia (BA),3,Gold
CLI-48257,43,Paraná (PR),2,Silver
CLI-80989,37,Paraná (PR),4,Gold
CLI-27369,29,Rio de Janeiro (RJ),4,Gold
CLI-44997,40,Bahia (BA),3,Gold
CLI-22799,31,Bahia (BA),2,Silver
CLI-82644,28,Rio de Janeiro (RJ),3,Gold
CLI-70075,24,Bahia (BA),3,Gold
CLI-34146,51,São Paulo (SP),4,Gold
CLI-33699,38,Paraná (PR),1,Silver
CLI-97221,49,Bahia (BA),4,Gold
CLI-19557,19,Rio de Janeiro (RJ),2,Silver
CLI-22942,19,Paraná (PR),2,Silver
CLI-23787,64,Minas Gerais (MG),3,Gold
CLI-32239,25,Paraná (PR),4,Gold
CLI-24080,27,Paraná (PR),2,Silver
CLI-74594,63,Paraná (PR),2,Silver
CLI-28279,48,Minas Gerais (MG),3,Gold
CLI-70808,18,Rio de Janeiro (RJ),1,Silver
CLI-10760,62,Rio de Janeiro (RJ),1,Silver
CLI-98692,45,São Paulo (SP),4,Gold
CLI-90786,31,Bahia (BA),2,Silver
CLI-37217,25,Bahia (BA),4,Gold
CLI-20041,63,Rio de Janeiro (RJ),2,Silver
CLI-43576,60,Minas Gerais (MG),3,Gold
CLI-41686,59,Rio de Janeiro (RJ),2,Silver
CLI-35752,63,Bahia (BA),2,Silver
CLI-78689,64,São Paulo (SP),3,Gold
CLI-83450,46,Rio de Janeiro (RJ),1,Silver
CLI-28111,27,Rio de Janeiro (RJ),2,Silver
CLI-66479,39,Bahia (BA),2,Silver
CLI-50540,33,Minas Gerais (MG),4,Gold
CLI-96584,56,Bahia (BA),3,Gold
CLI-10627,19,Paraná (PR),2,Silver
CLI-29472,26,Minas Gerais (MG),1,Silver
CLI-19350,54,Bahia (BA),1,Silver
CLI-29990,61,Minas Gerais (MG),4,Gold
CLI-50023,47,Bahia (BA),2,Silver
CLI-34951,63,Minas Gerais (MG),2,Silver
CLI-80863,18,Rio de Janeiro (RJ),1,Silver
CLI-19263,28,São Paulo (SP),3,Gold
CLI-19004,47,Rio de Janeiro (RJ),2,Silver
CLI-13600,37,Bahia (BA),4,Gold
CLI-15016,24,Paraná (PR),3,Gold
CLI-71003,58,Minas Gerais (MG),1,Silver
CLI-66139,29,Paraná (PR),4,Gold
CLI-75733,54,São Paulo (SP),4,Gold
CLI-14356,25,São Paulo (SP),4,Gold
CLI-28406,42,São Paulo (SP),4,Gold
CLI-55576,49,Rio de Janeiro (RJ),4,Gold
CLI-52958,39,São Paulo (SP),4,Gold
CLI-10064,34,Rio de Janeiro (RJ),1,Silver
CLI-88405,35,Bahia (BA),2,Silver
CLI-52467,50,Bahia (BA),1,Silver
CLI-79180,62,Minas Gerais (MG),1,Silver
CLI-34104,52,Bahia (BA),3,Gold
CLI-23127,64,Rio de Janeiro (RJ),3,Gold
CLI-32435,27,Minas Gerais (MG),2,Silver
CLI-37651,30,Bahia (BA),1,Silver
CLI-67605,61,São Paulo (SP),4,Gold
CLI-20740,60,Minas Gerais (MG),3,Gold
CLI-66589,30,Bahia (BA),1,Silver
CLI-14256,43,Bahia (BA),2,Silver
CLI-87616,18,Minas Gerais (MG),1,Silver
CLI-10918,35,Paraná (PR),2,Silver
CLI-72858,27,São Paulo (SP),2,Silver
CLI-60998,49,Minas Gerais (MG),4,Gold
CLI-92372,22,Paraná (PR),1,Silver
CLI-52854,55,Minas Gerais (MG),2,Silver
CLI-27647,26,Bahia (BA),1,Silver
CLI-94362,32,Bahia (BA),3,Gold
CLI-26858,49,Paraná (PR),4,Gold
CLI-60073,18,Bahia (BA),1,Silver
CLI-95534,25,São Paulo (SP),4,Gold
CLI-37355,52,São Paulo (SP),4,Gold
CLI-66019,63,Bahia (BA),2,Silver
CLI-74872,65,Bahia (BA),4,Gold
CLI-64177,45,São Paulo (SP),4,Gold
CLI-85055,47,São Paulo (SP),4,Gold
CLI-85832,47,São Paulo (SP),4,Gold
CLI-51299,27,Paraná (PR),2,Silver
CLI-25200,22,Paraná (PR),1,Silver
CLI-71851,65,Bahia (BA),4,Gold
CLI-28543,45,Minas Gerais (MG),4,Gold
CLI-57306,60,Rio de Janeiro (RJ),3,Gold
CLI-33084,52,Bahia (BA),3,Gold
CLI-35399,55,Minas Gerais (MG),2,Silver
CLI-61162,51,Paraná (PR),2,Silver
CLI-93139,44,Minas Gerais (MG),3,Gold
CLI-87655,53,Rio de Janeiro (RJ),4,Gold
CLI-56054,58,Bahia (BA),1,Silver
CLI-62646,56,São Paulo (SP),3,Gold
CLI-91048,25,Bahia (BA),4,Gold
CLI-83051,56,Minas Gerais (MG),3,Gold
CLI-38111,44,Minas Gerais (MG),3,Gold
CLI-85829,53,São Paulo (SP),4,Gold
CLI-49333,31,Bahia (BA),2,Silver
CLI-55279,27,Minas Gerais (MG),2,Silver
CLI-11573,30,São Paulo (SP),1,Silver
CLI-12765,20,Rio de Janeiro (RJ),3,Gold
CLI-11078,30,Bahia (BA),1,Silver
CLI-61542,33,São Paulo (SP),4,Gold
CLI-90183,46,Paraná (PR),1,Silver
CLI-90427,32,Rio de Janeiro (RJ),3,Gold
CLI-43172,52,Bahia (BA),3,Gold
CLI-14741,24,Bahia (BA),3,Gold
CLI-76113,39,Paraná (PR),2,Silver
CLI-58614,63,Paraná (PR),2,Silver
CLI-87563,55,Paraná (PR),2,Silver
CLI-32459,44,Rio de Janeiro (RJ),3,Gold
CLI-24326,24,São Paulo (SP),3,Gold
CLI-11548,28,Paraná (PR),3,Gold
CLI-77808,57,Rio de Janeiro (RJ),4,Gold
CLI-35753,49,Paraná (PR),4,Gold
CLI-79078,60,Paraná (PR),3,Gold
CLI-87916,60,São Paulo (SP),3,Gold
CLI-79653,51,Minas Gerais (MG),2,Silver
CLI-94860,21,São Paulo (SP),4,Gold
CLI-38109,48,Paraná (PR),3,Gold
CLI-90037,63,Rio de Janeiro (RJ),2,Silver
CLI-50520,27,Minas Gerais (MG),2,Silver
CLI-97808,65,Rio de Janeiro (RJ),4,Gold
CLI-96216,57,Minas Gerais (MG),4,Gold
CLI-79009,50,São Paulo (SP),4,Gold
CLI-27781,29,Rio de Janeiro (RJ),4,Gold
CLI-83835,27,Paraná (PR),2,Silver
CLI-55408,35,Rio de Janeiro (RJ),2,Silver
CLI-81947,63,São Paulo (SP),2,Silver
CLI-32818,23,São Paulo (SP),2,Silver
CLI-11988,42,Rio de Janeiro (RJ),1,Silver
CLI-24421,58,Minas Gerais (MG),1,Silver
CLI-22661,61,Minas Gerais (MG),4,Gold
CLI-29353,23,Minas Gerais (MG),2,Silver
CLI-83831,19,Paraná (PR),2,Silver
CLI-74575,58,Bahia (BA),1,Silver
CLI-48610,55,Minas Gerais (MG),2,Silver
CLI-11898,44,Rio de Janeiro (RJ),3,Gold
CLI-57595,62,Bahia (BA),1,Silver
CLI-34870,62,Rio de Janeiro (RJ),1,Silver
CLI-64610,19,Rio de Janeiro (RJ),2,Silver
CLI-63884,27,São Paulo (SP),2,Silver
CLI-53319,64,São Paulo (SP),3,Gold
CLI-11713,48,Minas Gerais (MG),3,Gold
CLI-69899,58,Minas Gerais (MG),1,Silver
CLI-74698,51,Rio de Janeiro (RJ),2,Silver
CLI-79618,40,Rio de Janeiro (RJ),3,Gold
CLI-32164,20,Rio de Janeiro (RJ),3,Gold
CLI-85802,44,São Paulo (SP),4,Gold
CLI-47675,37,Paraná (PR),4,Gold
CLI-38800,62,Minas Gerais (MG),1,Silver
CLI-90997,52,Bahia (BA),3,Gold
CLI-55680,62,Rio de Janeiro (RJ),1,Silver
CLI-74438,19,Paraná (PR),2,Silver
CLI-20070,20,Paraná (PR),3,Gold
CLI-78624,46,Bahia (BA),1,Silver
CLI-46789,33,Paraná (PR),4,Gold
CLI-69583,51,Rio de Janeiro (RJ),2,Silver
CLI-57877,50,São Paulo (SP),4,Gold
CLI-18901,59,Minas Gerais (MG),2,Silver
CLI-69986,24,Bahia (BA),3,Gold
CLI-73276,36,Bahia (BA),3,Gold
CLI-69442,42,Minas Gerais (MG),1,Silver
CLI-37526,32,São Paulo (SP),3,Gold
CLI-84878,23,Minas Gerais (MG),2,Silver
CLI-73557,49,Paraná (PR),4,Gold
CLI-79902,44,São Paulo (SP),4,Gold
CLI-85216,64,Minas Gerais (MG),3,Gold
CLI-55160,43,São Paulo (SP),4,Gold
CLI-31870,48,Paraná (PR),3,Gold
CLI-17843,18,Minas Gerais (MG),1,Silver
CLI-69270,56,Minas Gerais (MG),3,Gold
CLI-34946,39,Minas Gerais (MG),2,Silver
CLI-43586,35,Bahia (BA),2,Silver
CLI-38120,62,Bahia (BA),1,Silver
CLI-20441,56,Paraná (PR),3,Gold
CLI-20987,41,Bahia (BA),4,Gold
CLI-39265,26,Minas Gerais (MG),1,Silver
CLI-59407,56,Rio de Janeiro (RJ),3,Gold
CLI-44851,42,Rio de Janeiro (RJ),1,Silver
CLI-75984,31,São Paulo (SP),2,Silver
CLI-88852,59,São Paulo (SP),2,Silver
CLI-26447,19,Paraná (PR),2,Silver
CLI-45576,52,Rio de Janeiro (RJ),3,Gold
CLI-30032,43,Rio de Janeiro (RJ),2,Silver
CLI-81917,24,Minas Gerais (MG),3,Gold
CLI-75378,55,Bahia (BA),2,Silver
CLI-62510,25,Bahia (BA),4,Gold
CLI-41677,39,São Paulo (SP),4,Gold
CLI-27436,60,Bahia (BA),3,Gold
CLI-12247,38,São Paulo (SP),4,Gold
CLI-38821,36,Bahia (BA),3,Gold
CLI-99929,25,Minas Gerais (MG),4,Gold
CLI-11726,32,São Paulo (SP),3,Gold
CLI-69919,48,Bahia (BA),3,Gold
CLI-21928,54,Paraná (PR),1,Silver
CLI-52603,30,Paraná (PR),1,Silver
CLI-80102,45,Bahia (BA),4,Gold
CLI-28373,30,Minas Gerais (MG),1,Silver
CLI-63503,43,Bahia (BA),2,Silver
CLI-22300,46,Bahia (BA),1,Silver
CLI-74387,27,Rio de Janeiro (RJ),2,Silver
CLI-12954,42,São Paulo (SP),4,Gold
CLI-43938,47,Bahia (BA),2,Silver
CLI-47247,43,Minas Gerais (MG),2,Silver
CLI-17701,35,São Paulo (SP),4,Gold
CLI-14427,40,Paraná (PR),3,Gold
CLI-12794,36,Bahia (BA),3,Gold
CLI-71503,52,São Paulo (SP),4,Gold
CLI-71521,26,Bahia (BA),1,Silver
CLI-82655,45,Paraná (PR),4,Gold
CLI-73207,38,Rio de Janeiro (RJ),1,Silver
CLI-80599,46,Bahia (BA),1,Silver
CLI-63079,22,Bahia (BA),1,Silver
CLI-65212,30,Bahia (BA),1,Silver
CLI-60796,27,São Paulo (SP),2,Silver
CLI-33440,27,Bahia (BA),2,Silver
CLI-51615,46,São Paulo (SP),4,Gold
CLI-44286,22,Bahia (BA),1,Silver
CLI-47131,30,Bahia (BA),1,Silver
CLI-34760,47,Bahia (BA),2,Silver
CLI-38011,27,São Paulo (SP),2,Silver
CLI-29545,48,Paraná (PR),3,Gold
CLI-83720,57,São Paulo (SP),4,Gold
CLI-86312,31,Paraná (PR),2,Silver
CLI-38781,18,Minas Gerais (MG),1,Silver
CLI-73807,27,Paraná (PR),2,Silver
CLI-70081,46,Paraná (PR),1,Silver
CLI-29068,40,Bahia (BA),3,Gold
CLI-29318,40,Rio de Janeiro (RJ),3,Gold
CLI-13207,46,Rio de Janeiro (RJ),1,Silver
CLI-66573,63,Bahia (BA),2,Silver
CLI-96818,62,Paraná (PR),1,Silver
CLI-35019,64,Bahia (BA),3,Gold
CLI-80364,54,São Paulo (SP),4,Gold
CLI-96909,34,Paraná (PR),1,Silver
CLI-29182,58,Paraná (PR),1,Silver
CLI-51398,55,Bahia (BA),2,Silver
CLI-50563,33,Bahia (BA),4,Gold
CLI-15234,52,Rio de Janeiro (RJ),3,Gold
CLI-86957,28,São Paulo (SP),3,Gold
CLI-24630,23,Bahia (BA),2,Silver
CLI-75827,51,Bahia (BA),2,Silver
CLI-22566,31,Bahia (BA),2,Silver
CLI-69043,36,Paraná (PR),3,Gold
CLI-66249,64,Rio de Janeiro (RJ),3,Gold
CLI-74091,65,Minas Gerais (MG),4,Gold
CLI-77821,58,São Paulo (SP),1,Silver
CLI-84743,25,Rio de Janeiro (RJ),4,Gold
CLI-71241,57,Bahia (BA),4,Gold
CLI-25124,55,Minas Gerais (MG),2,Silver
CLI-22335,62,São Paulo (SP),1,Silver
CLI-34121,34,Rio de Janeiro (RJ),1,Silver
CLI-11844,32,Bahia (BA),3,Gold
CLI-92859,53,Minas Gerais (MG),4,Gold
CLI-79650,51,São Paulo (SP),4,Gold
CLI-34469,29,Minas Gerais (MG),4,Gold
CLI-65275,51,Rio de Janeiro (RJ),2,Silver
CLI-59791,62,Paraná (PR),1,Silver
CLI-68544,27,São Paulo (SP),2,Silver
CLI-50696,33,São Paulo (SP),4,Gold
CLI-30517,19,São Paulo (SP),2,Silver
CLI-81516,42,Rio de Janeiro (RJ),1,Silver
CLI-47978,47,Rio de Janeiro (RJ),2,Silver
CLI-96102,41,Bahia (BA),4,Gold
CLI-87861,28,São Paulo (SP),3,Gold
CLI-50064,59,Rio de Janeiro (RJ),2,Silver
CLI-85048,50,Paraná (PR),1,Silver
CLI-48923,62,Rio de Janeiro (RJ),1,Silver
CLI-67367,29,São Paulo (SP),4,Gold
CLI-50952,27,Minas Gerais (MG),2,Silver
CLI-84330,31,Rio de Janeiro (RJ),2,Silver
CLI-19521,23,São Paulo (SP),2,Silver
CLI-78015,62,Minas Gerais (MG),1,Silver
CLI-48007,31,Bahia (BA),2,Silver
CLI-86737,42,São Paulo (SP),4,Gold
CLI-72436,48,São Paulo (SP),4,Gold
CLI-25352,18,Rio de Janeiro (RJ),1,Silver
CLI-32724,48,Bahia (BA),3,Gold
CLI-62582,41,Paraná (PR),4,Gold
CLI-93746,24,São Paulo (SP),3,Gold
CLI-18202,45,Rio de Janeiro (RJ),4,Gold
CLI-73669,44,São Paulo (SP),4,Gold
CLI-12935,55,Paraná (PR),2,Silver
CLI-55396,53,Minas Gerais (MG),4,Gold
CLI-84135,34,São Paulo (SP),1,Silver
CLI-56771,42,São Paulo (SP),4,Gold
CLI-66240,57,Rio de Janeiro (RJ),4,Gold
CLI-45948,63,Rio de Janeiro (RJ),2,Silver
CLI-36136,32,Rio de Janeiro (RJ),3,Gold
CLI-45469,53,Bahia (BA),4,Gold
CLI-88294,25,Paraná (PR),4,Gold
CLI-95934,48,São Paulo (SP),4,Gold
CLI-10723,52,Paraná (PR),3,Gold
CLI-46416,53,Minas Gerais (MG),4,Gold
CLI-88808,38,São Paulo (SP),4,Gold
CLI-88965,52,Paraná (PR),3,Gold
CLI-59177,48,Minas Gerais (MG),3,Gold
CLI-90430,37,Minas Gerais (MG),4,Gold
CLI-83183,29,Minas Gerais (MG),4,Gold
CLI-71571,51,Rio de Janeiro (RJ),2,Silver
CLI-31331,32,Rio de Janeiro (RJ),3,Gold
CLI-56711,36,Minas Gerais (MG),3,Gold
CLI-41946,45,Bahia (BA),4,Gold
CLI-32233,28,Paraná (PR),3,Gold
CLI-14707,34,Paraná (PR),1,Silver
CLI-14173,18,Rio de Janeiro (RJ),1,Silver
CLI-94415,23,São Paulo (SP),2,Silver
CLI-59409,63,Rio de Janeiro (RJ),2,Silver
CLI-75644,33,Minas Gerais (MG),4,Gold
CLI-10174,29,Minas Gerais (MG),4,Gold
CLI-83647,24,Paraná (PR),3,Gold
CLI-41938,22,São Paulo (SP),1,Silver
CLI-26829,26,Bahia (BA),1,Silver
CLI-76857,37,Bahia (BA),4,Gold
CLI-67965,59,Bahia (BA),2,Silver
CLI-75587,39,Bahia (BA),2,Silver
CLI-65584,34,Minas Gerais (MG),1,Silver
CLI-90429,27,Rio de Janeiro (RJ),2,Silver
CLI-93900,20,Rio de Janeiro (RJ),3,Gold
CLI-11855,51,São Paulo (SP),4,Gold
CLI-29925,35,São Paulo (SP),4,Gold
CLI-27648,47,Rio de Janeiro (RJ),2,Silver
CLI-47578,53,Bahia (BA),4,Gold
CLI-27193,63,Paraná (PR),2,Silver
CLI-13569,53,Rio de Janeiro (RJ),4,Gold
CLI-72689,40,Paraná (PR),3,Gold
CLI-37830,32,Rio de Janeiro (RJ),3,Gold
CLI-97159,29,Rio de Janeiro (RJ),4,Gold
CLI-74771,63,Paraná (PR),2,Silver
CLI-23246,42,São Paulo (SP),4,Gold
CLI-64709,25,Rio de Janeiro (RJ),4,Gold
CLI-41013,45,Minas Gerais (MG),4,Gold
CLI-43499,18,São Paulo (SP),1,Silver
CLI-25325,22,Minas Gerais (MG),1,Silver
CLI-22119,28,São Paulo (SP),3,Gold
CLI-91381,31,Paraná (PR),2,Silver
CLI-45418,32,São Paulo (SP),3,Gold
CLI-70255,20,Paraná (PR),3,Gold
CLI-42595,30,Bahia (BA),1,Silver
CLI-52859,57,Rio de Janeiro (RJ),4,Gold
CLI-89009,38,Rio de Janeiro (RJ),1,Silver
CLI-11568,60,Bahia (BA),3,Gold
CLI-29536,20,Paraná (PR),3,Gold
CLI-48044,19,Bahia (BA),2,Silver
CLI-50692,53,São Paulo (SP),4,Gold
CLI-45988,23,São Paulo (SP),2,Silver
CLI-93192,19,Rio de Janeiro (RJ),2,Silver
CLI-89786,28,São Paulo (SP),3,Gold
CLI-76126,38,São Paulo (SP),4,Gold
CLI-72041,28,Bahia (BA),3,Gold
CLI-48056,46,São Paulo (SP),4,Gold
CLI-86932,18,Bahia (BA),1,Silver
CLI-52338,43,Paraná (PR),2,Silver
CLI-40284,29,Rio de Janeiro (RJ),4,Gold
CLI-90926,30,Minas Gerais (MG),1,Silver
CLI-69521,43,Rio de Janeiro (RJ),2,Silver
CLI-96436,53,Minas Gerais (MG),4,Gold
CLI-98826,29,São Paulo (SP),4,Gold
CLI-13264,27,Bahia (BA),2,Silver
CLI-25590,41,Paraná (PR),4,Gold
CLI-83034,38,Minas Gerais (MG),1,Silver
CLI-45634,34,Rio de Janeiro (RJ),1,Silver
CLI-98039,30,São Paulo (SP),1,Silver
CLI-59396,37,Rio de Janeiro (RJ),4,Gold
CLI-53677,55,Rio de Janeiro (RJ),2,Silver
CLI-77889,60,Paraná (PR),3,Gold
CLI-52317,62,Bahia (BA),1,Silver
CLI-27667,18,Paraná (PR),1,Silver
CLI-45985,62,Paraná (PR),1,Silver
CLI-51985,44,São Paulo (SP),4,Gold
CLI-96227,41,Bahia (BA),4,Gold
CLI-16725,57,Paraná (PR),4,Gold
CLI-53907,30,Rio de Janeiro (RJ),1,Silver
CLI-86820,28,Bahia (BA),3,Gold
CLI-86979,18,São Paulo (SP),1,Silver
CLI-19219,50,Rio de Janeiro (RJ),1,Silver
CLI-62467,64,Bahia (BA),3,Gold
CLI-98993,25,Rio de Janeiro (RJ),4,Gold
CLI-38529,47,Minas Gerais (MG),2,Silver
CLI-71596,39,São Paulo (SP),4,Gold
CLI-45631,53,Rio de Janeiro (RJ),4,Gold
CLI-51229,53,Rio de Janeiro (RJ),4,Gold
CLI-90212,36,Rio de Janeiro (RJ),3,Gold
CLI-96391,63,São Paulo (SP),2,Silver
CLI-54760,63,São Paulo (SP),2,Silver
CLI-88202,52,Paraná (PR),3,Gold
CLI-17083,46,Rio de Janeiro (RJ),1,Silver
CLI-45263,51,Paraná (PR),2,Silver
CLI-97753,29,São Paulo (SP),4,Gold
CLI-21428,33,São Paulo (SP),4,Gold
CLI-50147,24,Minas Gerais (MG),3,Gold
CLI-38745,25,Bahia (BA),4,Gold
CLI-15431,35,Minas Gerais (MG),2,Silver
CLI-43589,22,São Paulo (SP),1,Silver
CLI-38713,34,Rio de Janeiro (RJ),1,Silver
CLI-71102,65,São Paulo (SP),4,Gold
CLI-69686,44,Bahia (BA),3,Gold
CLI-32523,30,Minas Gerais (MG),1,Silver
CLI-75765,62,Paraná (PR),1,Silver
CLI-32643,20,São Paulo (SP),3,Gold
CLI-40679,25,São Paulo (SP),4,Gold
CLI-25683,23,Rio de Janeiro (RJ),2,Silver
CLI-27386,20,Minas Gerais (MG),3,Gold
CLI-13124,28,Minas Gerais (MG),3,Gold
CLI-62824,57,Bahia (BA),4,Gold
CLI-23653,43,Rio de Janeiro (RJ),2,Silver
CLI-80282,27,Bahia (BA),2,Silver
CLI-74427,46,São Paulo (SP),4,Gold
CLI-49116,32,Rio de Janeiro (RJ),3,Gold
CLI-16763,24,Minas Gerais (MG),3,Gold
CLI-40042,23,Rio de Janeiro (RJ),2,Silver
CLI-14838,50,Rio de Janeiro (RJ),1,Silver
CLI-15986,26,Rio de Janeiro (RJ),1,Silver
CLI-95975,38,Bahia (BA),1,Silver
CLI-38908,37,Paraná (PR),4,Gold
CLI-71651,49,Rio de Janeiro (RJ),4,Gold
CLI-79604,40,Bahia (BA),3,Gold
CLI-90435,47,São Paulo (SP),4,Gold
CLI-96045,54,Bahia (BA),1,Silver
CLI-90879,53,Bahia (BA),4,Gold
CLI-55312,50,Minas Gerais (MG),1,Silver
CLI-50536,24,São Paulo (SP),3,Gold
CLI-15133,25,Minas Gerais (MG),4,Gold
CLI-53812,28,São Paulo (SP),3,Gold
CLI-41928,24,Paraná (PR),3,Gold
CLI-67766,40,Paraná (PR),3,Gold
CLI-55684,61,Bahia (BA),4,Gold
CLI-73329,52,Rio de Janeiro (RJ),3,Gold
CLI-33674,24,Rio de Janeiro (RJ),3,Gold
CLI-79336,57,Minas Gerais (MG),4,Gold
CLI-18640,52,Bahia (BA),3,Gold
CLI-16241,48,Bahia (BA),3,Gold
CLI-26916,30,Rio de Janeiro (RJ),1,Silver
CLI-48374,59,Minas Gerais (MG),2,Silver
CLI-43028,50,Rio de Janeiro (RJ),1,Silver
CLI-93697,37,Paraná (PR),4,Gold
CLI-44055,48,Minas Gerais (MG),3,Gold
CLI-15863,40,Paraná (PR),3,Gold
CLI-29891,57,Minas Gerais (MG),4,Gold
CLI-35441,26,São Paulo (SP),1,Silver
CLI-34910,32,Rio de Janeiro (RJ),3,Gold
CLI-40326,20,São Paulo (SP),3,Gold
CLI-95669,49,Minas Gerais (MG),4,Gold
CLI-60746,23,Bahia (BA),2,Silver
CLI-38670,27,São Paulo (SP),2,Silver
CLI-47439,29,Minas Gerais (MG),4,Gold
CLI-68685,42,Rio de Janeiro (RJ),1,Silver
CLI-56822,29,São Paulo (SP),4,Gold
CLI-42653,39,Paraná (PR),2,Silver
CLI-60811,47,Paraná (PR),2,Silver
CLI-89323,24,Paraná (PR),3,Gold
CLI-59190,28,Bahia (BA),3,Gold
CLI-58766,44,São Paulo (SP),4,Gold
CLI-75111,57,Paraná (PR),4,Gold
CLI-71267,31,Rio de Janeiro (RJ),2,Silver
CLI-84535,46,Paraná (PR),1,Silver
CLI-35145,52,Paraná (PR),3,Gold
CLI-89002,51,Rio de Janeiro (RJ),2,Silver
CLI-61505,40,Minas Gerais (MG),3,Gold
CLI-15211,37,Minas Gerais (MG),4,Gold
CLI-93177,58,São Paulo (SP),1,Silver
CLI-43640,23,Paraná (PR),2,Silver
CLI-52981,24,São Paulo (SP),3,Gold
CLI-26426,48,Bahia (BA),3,Gold
CLI-72849,26,Paraná (PR),1,Silver
CLI-73985,62,Bahia (BA),1,Silver
CLI-63789,23,Rio de Janeiro (RJ),2,Silver
CLI-29492,20,São Paulo (SP),3,Gold
CLI-47398,22,São Paulo (SP),1,Silver
CLI-74492,56,Rio de Janeiro (RJ),3,Gold
CLI-11549,45,São Paulo (SP),4,Gold
CLI-44432,18,Paraná (PR),1,Silver
CLI-52376,48,Rio de Janeiro (RJ),3,Gold
CLI-42293,18,Rio de Janeiro (RJ),1,Silver
CLI-89691,57,Rio de Janeiro (RJ),4,Gold
CLI-15739,26,Minas Gerais (MG),1,Silver
CLI-91283,48,Minas Gerais (MG),3,Gold
CLI-32002,54,Minas Gerais (MG),1,Silver
CLI-30673,60,Bahia (BA),3,Gold
CLI-60239,22,Bahia (BA),1,Silver
CLI-32762,45,Rio de Janeiro (RJ),4,Gold
CLI-26721,45,Paraná (PR),4,Gold
CLI-97799,58,Bahia (BA),1,Silver
CLI-89830,36,Paraná (PR),3,Gold
CLI-45865,60,Bahia (BA),3,Gold
CLI-85766,47,Rio de Janeiro (RJ),2,Silver
CLI-29702,49,Bahia (BA),4,Gold
CLI-65067,29,Paraná (PR),4,Gold
CLI-55704,46,Paraná (PR),1,Silver
CLI-44572,43,Rio de Janeiro (RJ),2,Silver
CLI-66430,39,São Paulo (SP),4,Gold
CLI-82998,27,São Paulo (SP),2,Silver
CLI-28819,42,Minas Gerais (MG),1,Silver
CLI-97992,60,Minas Gerais (MG),3,Gold
CLI-48238,44,Rio de Janeiro (RJ),3,Gold
CLI-78677,53,São Paulo (SP),4,Gold
CLI-49846,64,São Paulo (SP),3,Gold
CLI-11080,34,Paraná (PR),1,Silver
CLI-35276,42,Bahia (BA),1,Silver
CLI-30116,31,Paraná (PR),2,Silver
CLI-82950,21,Rio de Janeiro (RJ),4,Gold
CLI-80724,63,São Paulo (SP),2,Silver
CLI-54724,26,Paraná (PR),1,Silver
CLI-87793,39,São Paulo (SP),4,Gold
CLI-14725,45,Rio de Janeiro (RJ),4,Gold
CLI-92162,42,Paraná (PR),1,Silver
CLI-28050,21,Rio de Janeiro (RJ),4,Gold
CLI-26489,57,Bahia (BA),4,Gold
CLI-61282,47,Minas Gerais (MG),2,Silver
CLI-88975,23,Bahia (BA),2,Silver
CLI-50030,65,Rio de Janeiro (RJ),4,Gold
CLI-28840,20,Paraná (PR),3,Gold
CLI-25055,46,Paraná (PR),1,Silver
CLI-69371,22,Bahia (BA),1,Silver
CLI-25432,48,Paraná (PR),3,Gold
CLI-41916,52,Bahia (BA),3,Gold
CLI-23981,44,Bahia (BA),3,Gold
CLI-63488,48,Bahia (BA),3,Gold
CLI-43920,62,Paraná (PR),1,Silver
CLI-44265,46,Bahia (BA),1,Silver
CLI-42918,36,Minas Gerais (MG),3,Gold
CLI-45189,39,São Paulo (SP),4,Gold
CLI-26508,32,São Paulo (SP),3,Gold
CLI-36091,35,Paraná (PR),2,Silver
CLI-57396,31,Minas Gerais (MG),2,Silver
CLI-71724,39,Bahia (BA),2,Silver
CLI-95209,43,Bahia (BA),2,Silver
CLI-53904,29,Rio de Janeiro (RJ),4,Gold
CLI-21102,59,Bahia (BA),2,Silver
CLI-34851,38,Minas Gerais (MG),1,Silver
CLI-69439,31,São Paulo (SP),2,Silver
CLI-28024,37,Bahia (BA),4,Gold
CLI-77193,60,Paraná (PR),3,Gold
CLI-83066,42,Bahia (BA),1,Silver
CLI-51881,24,Minas Gerais (MG),3,Gold
CLI-76686,61,Paraná (PR),4,Gold
CLI-84066,37,São Paulo (SP),4,Gold
CLI-82593,32,Bahia (BA),3,Gold
CLI-60569,50,Bahia (BA),1,Silver
CLI-14201,24,Rio de Janeiro (RJ),3,Gold
CLI-75970,62,Minas Gerais (MG),1,Silver
CLI-27974,27,São Paulo (SP),2,Silver
CLI-11832,35,São Paulo (SP),4,Gold
CLI-85379,36,Bahia (BA),3,Gold
CLI-38407,42,Paraná (PR),1,Silver
CLI-43390,62,São Paulo (SP),1,Silver
CLI-59105,53,São Paulo (SP),4,Gold
CLI-73671,46,Bahia (BA),1,Silver
CLI-40735,38,Paraná (PR),1,Silver
CLI-80897,58,Paraná (PR),1,Silver
CLI-58588,58,Bahia (BA),1,Silver
CLI-37620,25,São Paulo (SP),4,Gold
CLI-65777,46,Bahia (BA),1,Silver
CLI-29699,55,Bahia (BA),2,Silver
CLI-75730,43,Minas Gerais (MG),2,Silver
CLI-76863,24,Paraná (PR),3,Gold
CLI-70460,19,Paraná (PR),2,Silver
CLI-61440,35,São Paulo (SP),4,Gold
CLI-80553,35,Paraná (PR),2,Silver
CLI-35382,21,Minas Gerais (MG),4,Gold
CLI-26186,32,Rio de Janeiro (RJ),3,Gold
CLI-63915,25,São Paulo (SP),4,Gold
CLI-18735,48,Paraná (PR),3,Gold
CLI-96276,20,Paraná (PR),3,Gold
CLI-93925,51,Paraná (PR),2,Silver
CLI-54837,22,Paraná (PR),1,Silver
CLI-71108,39,Rio de Janeiro (RJ),2,Silver
CLI-60249,64,Bahia (BA),3,Gold
CLI-69688,64,Rio de Janeiro (RJ),3,Gold
CLI-96212,18,Minas Gerais (MG),1,Silver
CLI-44023,65,Bahia (BA),4,Gold
CLI-32430,23,São Paulo (SP),2,Silver
CLI-86780,56,Rio de Janeiro (RJ),3,Gold
CLI-24002,22,Minas Gerais (MG),1,Silver
CLI-42752,45,São Paulo (SP),4,Gold
CLI-51186,35,São Paulo (SP),4,Gold
CLI-36276,60,Bahia (BA),3,Gold
CLI-15291,42,São Paulo (SP),4,Gold
CLI-59801,45,São Paulo (SP),4,Gold
CLI-27199,61,Rio de Janeiro (RJ),4,Gold
CLI-22022,39,São Paulo (SP),4,Gold
CLI-34695,38,Rio de Janeiro (RJ),1,Silver
CLI-29427,45,Bahia (BA),4,Gold
CLI-85411,50,São Paulo (SP),4,Gold
CLI-41069,57,Minas Gerais (MG),4,Gold
CLI-60720,48,Minas Gerais (MG),3,Gold
CLI-68608,63,São Paulo (SP),2,Silver
CLI-19504,63,São Paulo (SP),2,Silver
CLI-57988,31,São Paulo (SP),2,Silver
CLI-24601,24,Bahia (BA),3,Gold
CLI-28384,31,Paraná (PR),2,Silver
CLI-57655,19,Rio de Janeiro (RJ),2,Silver
CLI-44853,24,Minas Gerais (MG),3,Gold
CLI-75020,20,Rio de Janeiro (RJ),3,Gold
CLI-38791,24,Minas Gerais (MG),3,Gold
CLI-51759,50,São Paulo (SP),4,Gold
CLI-26295,42,São Paulo (SP),4,Gold
CLI-16598,51,São Paulo (SP),4,Gold
CLI-29897,49,Minas Gerais (MG),4,Gold
CLI-43281,20,Minas Gerais (MG),3,Gold
CLI-76983,24,Rio de Janeiro (RJ),3,Gold
CLI-42350,27,Minas Gerais (MG),2,Silver
CLI-97087,42,Bahia (BA),1,Silver
CLI-39705,44,Rio de Janeiro (RJ),3,Gold
CLI-16894,65,Paraná (PR),4,Gold
CLI-45259,62,Rio de Janeiro (RJ),1,Silver
CLI-16424,25,Paraná (PR),4,Gold
CLI-49856,34,Rio de Janeiro (RJ),1,Silver
CLI-88433,65,São Paulo (SP),4,Gold
CLI-85902,54,Minas Gerais (MG),1,Silver
CLI-17775,63,Rio de Janeiro (RJ),2,Silver
CLI-35657,44,São Paulo (SP),4,Gold
CLI-44322,33,Paraná (PR),4,Gold
CLI-94381,36,Paraná (PR),3,Gold
CLI-97516,55,Bahia (BA),2,Silver
CLI-60619,28,Bahia (BA),3,Gold
CLI-54766,20,São Paulo (SP),3,Gold
CLI-50860,45,Minas Gerais (MG),4,Gold
CLI-53997,51,Bahia (BA),2,Silver
CLI-77513,56,Paraná (PR),3,Gold
CLI-32264,63,Bahia (BA),2,Silver
CLI-72656,33,Rio de Janeiro (RJ),4,Gold
CLI-49023,26,Bahia (BA),1,Silver
CLI-31856,48,São Paulo (SP),4,Gold
CLI-92741,52,Minas Gerais (MG),3,Gold
CLI-48277,29,Bahia (BA),4,Gold
CLI-87433,40,Rio de Janeiro (RJ),3,Gold
CLI-21292,51,Rio de Janeiro (RJ),2,Silver
CLI-11751,43,Paraná (PR),2,Silver
CLI-90585,51,São Paulo (SP),4,Gold
CLI-28623,63,Minas Gerais (MG),2,Silver
CLI-86228,48,Bahia (BA),3,Gold
CLI-85223,55,Paraná (PR),2,Silver
CLI-61141,61,Bahia (BA),4,Gold
CLI-77397,60,Rio de Janeiro (RJ),3,Gold
CLI-48604,51,Minas Gerais (MG),2,Silver
CLI-71679,31,Minas Gerais (MG),2,Silver
CLI-42691,56,Paraná (PR),3,Gold
CLI-32806,63,Rio de Janeiro (RJ),2,Silver
CLI-84196,28,São Paulo (SP),3,Gold
CLI-92343,52,Rio de Janeiro (RJ),3,Gold
CLI-13158,47,Minas Gerais (MG),2,Silver
CLI-96749,37,Paraná (PR),4,Gold
CLI-70120,49,São Paulo (SP),4,Gold
CLI-31695,39,Rio de Janeiro (RJ),2,Silver
CLI-18621,35,Rio de Janeiro (RJ),2,Silver
CLI-51918,47,Paraná (PR),2,Silver
CLI-32703,38,Rio de Janeiro (RJ),1,Silver
CLI-18533,48,São Paulo (SP),4,Gold
CLI-68435,51,São Paulo (SP),4,Gold
CLI-50057,42,Rio de Janeiro (RJ),1,Silver
CLI-37137,48,Paraná (PR),3,Gold
CLI-34275,52,Rio de Janeiro (RJ),3,Gold
CLI-56866,40,São Paulo (SP),4,Gold
CLI-95103,22,Rio de Janeiro (RJ),1,Silver
CLI-54614,18,Minas Gerais (MG),1,Silver
CLI-40898,22,Minas Gerais (MG),1,Silver
CLI-33513,57,Paraná (PR),4,Gold
CLI-50772,36,Bahia (BA),3,Gold
CLI-95467,59,Paraná (PR),2,Silver
CLI-61319,40,São Paulo (SP),4,Gold
CLI-73062,43,São Paulo (SP),4,Gold
CLI-68428,38,Bahia (BA),1,Silver
CLI-56016,24,Bahia (BA),3,Gold
CLI-28757,18,Rio de Janeiro (RJ),1,Silver
CLI-45477,46,Minas Gerais (MG),1,Silver
CLI-91148,32,Rio de Janeiro (RJ),3,Gold
CLI-11149,31,Rio de Janeiro (RJ),2,Silver
CLI-56279,51,São Paulo (SP),4,Gold
CLI-71342,65,Minas Gerais (MG),4,Gold
CLI-45186,58,Rio de Janeiro (RJ),1,Silver
CLI-93016,47,Minas Gerais (MG),2,Silver
CLI-76176,33,Bahia (BA),4,Gold
CLI-26957,63,Minas Gerais (MG),2,Silver
CLI-68418,24,Bahia (BA),3,Gold
CLI-14625,18,Rio de Janeiro (RJ),1,Silver
CLI-59991,19,Paraná (PR),2,Silver
CLI-14999,18,Minas Gerais (MG),1,Silver
CLI-46484,65,Paraná (PR),4,Gold
CLI-99455,50,Bahia (BA),1,Silver
CLI-38809,46,Minas Gerais (MG),1,Silver
CLI-55151,53,São Paulo (SP),4,Gold
CLI-62293,29,Paraná (PR),4,Gold
CLI-24837,57,Minas Gerais (MG),4,Gold
CLI-10702,46,Paraná (PR),1,Silver
CLI-70682,63,Rio de Janeiro (RJ),2,Silver
CLI-55659,42,Rio de Janeiro (RJ),1,Silver
CLI-52241,63,Rio de Janeiro (RJ),2,Silver
CLI-14292,49,Rio de Janeiro (RJ),4,Gold
CLI-89146,55,Bahia (BA),2,Silver
CLI-95172,27,Rio de Janeiro (RJ),2,Silver
CLI-76112,55,Paraná (PR),2,Silver
CLI-98610,58,Bahia (BA),1,Silver
CLI-21108,39,Rio de Janeiro (RJ),2,Silver
CLI-31421,44,Rio de Janeiro (RJ),3,Gold
CLI-83216,39,Minas Gerais (MG),2,Silver
CLI-43741,34,Rio de Janeiro (RJ),1,Silver
CLI-86161,34,Rio de Janeiro (RJ),1,Silver
CLI-83650,59,Bahia (BA),2,Silver
CLI-45868,32,São Paulo (SP),3,Gold
CLI-74455,57,Rio de Janeiro (RJ),4,Gold
CLI-24424,34,Bahia (BA),1,Silver
CLI-65936,19,Minas Gerais (MG),2,Silver
CLI-57980,64,Rio de Janeiro (RJ),3,Gold
CLI-96087,60,Rio de Janeiro (RJ),3,Gold
CLI-66124,23,São Paulo (SP),2,Silver
CLI-76061,19,Rio de Janeiro (RJ),2,Silver
CLI-35311,25,Paraná (PR),4,Gold
CLI-50510,20,Bahia (BA),3,Gold
CLI-48650,27,São Paulo (SP),2,Silver
CLI-99541,31,São Paulo (SP),2,Silver
CLI-74347,40,Minas Gerais (MG),3,Gold
CLI-68494,57,Minas Gerais (MG),4,Gold
CLI-87351,41,Bahia (BA),4,Gold
CLI-25082,18,Minas Gerais (MG),1,Silver
CLI-76044,49,Rio de Janeiro (RJ),4,Gold
CLI-56704,40,São Paulo (SP),4,Gold
CLI-19744,26,São Paulo (SP),1,Silver
CLI-51367,22,Minas Gerais (MG),1,Silver
CLI-44592,60,Bahia (BA),3,Gold
CLI-96494,30,Paraná (PR),1,Silver
CLI-65619,44,São Paulo (SP),4,Gold
CLI-11289,20,São Paulo (SP),3,Gold
CLI-72755,52,Paraná (PR),3,Gold
CLI-38647,27,Bahia (BA),2,Silver
CLI-46682,64,Paraná (PR),3,Gold
CLI-34844,64,Bahia (BA),3,Gold
CLI-23529,63,Minas Gerais (MG),2,Silver
CLI-73997,48,São Paulo (SP),4,Gold
CLI-95559,40,São Paulo (SP),4,Gold
CLI-29771,54,Minas Gerais (MG),1,Silver
CLI-31608,60,Bahia (BA),3,Gold
CLI-24746,30,São Paulo (SP),1,Silver
CLI-59603,65,Rio de Janeiro (RJ),4,Gold
CLI-59196,44,Paraná (PR),3,Gold
CLI-11137,54,Rio de Janeiro (RJ),1,Silver
CLI-82879,48,São Paulo (SP),4,Gold
CLI-36815,47,Rio de Janeiro (RJ),2,Silver
CLI-99457,18,Paraná (PR),1,Silver
CLI-69303,26,Bahia (BA),1,Silver
CLI-49760,33,Paraná (PR),4,Gold
CLI-19567,54,Paraná (PR),1,Silver
CLI-97480,33,Bahia (BA),4,Gold
CLI-22767,45,Paraná (PR),4,Gold
CLI-36856,50,Paraná (PR),1,Silver
CLI-18190,43,Rio de Janeiro (RJ),2,Silver
CLI-67455,56,Rio de Janeiro (RJ),3,Gold
CLI-90006,21,Bahia (BA),4,Gold
CLI-52878,23,Rio de Janeiro (RJ),2,Silver
CLI-86790,58,São Paulo (SP),1,Silver
CLI-67873,37,Paraná (PR),4,Gold
CLI-93372,42,São Paulo (SP),4,Gold
CLI-94777,46,São Paulo (SP),4,Gold
CLI-11098,46,São Paulo (SP),4,Gold
CLI-11003,58,Minas Gerais (MG),1,Silver
CLI-16165,64,Minas Gerais (MG),3,Gold
CLI-84603,59,Rio de Janeiro (RJ),2,Silver
CLI-74706,40,Paraná (PR),3,Gold
CLI-62244,50,Paraná (PR),1,Silver
CLI-86772,41,Paraná (PR),4,Gold
CLI-66447,55,Paraná (PR),2,Silver
CLI-79745,21,Minas Gerais (MG),4,Gold
CLI-41140,54,São Paulo (SP),4,Gold
CLI-98101,21,Rio de Janeiro (RJ),4,Gold
CLI-22949,60,Bahia (BA),3,Gold
CLI-73457,55,São Paulo (SP),4,Gold
CLI-65649,39,São Paulo (SP),4,Gold
CLI-14368,60,Minas Gerais (MG),3,Gold
CLI-95609,56,Paraná (PR),3,Gold
CLI-65586,32,Minas Gerais (MG),3,Gold
CLI-25339,35,São Paulo (SP),4,Gold
CLI-99926,60,Paraná (PR),3,Gold
CLI-81816,46,São Paulo (SP),4,Gold
CLI-74306,60,Bahia (BA),3,Gold
CLI-96992,28,Paraná (PR),3,Gold
CLI-83792,45,Bahia (BA),4,Gold
CLI-14850,41,São Paulo (SP),4,Gold
CLI-12787,56,Paraná (PR),3,Gold
CLI-98688,19,Paraná (PR),2,Silver
CLI-44315,54,Minas Gerais (MG),1,Silver
CLI-59296,25,Minas Gerais (MG),4,Gold
CLI-75018,40,Rio de Janeiro (RJ),3,Gold
CLI-71860,65,Bahia (BA),4,Gold
CLI-89151,38,Paraná (PR),1,Silver
CLI-35820,46,São Paulo (SP),4,Gold
CLI-77804,55,Rio de Janeiro (RJ),2,Silver
CLI-42461,33,São Paulo (SP),4,Gold
CLI-11742,45,São Paulo (SP),4,Gold
CLI-11499,26,Minas Gerais (MG),1,Silver
CLI-62268,32,Rio de Janeiro (RJ),3,Gold
CLI-18978,26,Paraná (PR),1,Silver
CLI-86756,25,Rio de Janeiro (RJ),4,Gold
CLI-50459,24,Bahia (BA),3,Gold
CLI-40655,57,Paraná (PR),4,Gold
CLI-68834,64,Bahia (BA),3,Gold
CLI-10475,29,Rio de Janeiro (RJ),4,Gold
CLI-84316,40,Rio de Janeiro (RJ),3,Gold
CLI-92914,31,Bahia (BA),2,Silver
CLI-28744,44,São Paulo (SP),4,Gold
CLI-34300,48,Bahia (BA),3,Gold
CLI-46388,20,Rio de Janeiro (RJ),3,Gold
CLI-48415,65,Bahia (BA),4,Gold
CLI-47453,58,Rio de Janeiro (RJ),1,Silver
CLI-17520,29,Minas Gerais (MG),4,Gold
CLI-55083,31,São Paulo (SP),2,Silver
CLI-41257,57,São Paulo (SP),4,Gold
CLI-41917,37,Minas Gerais (MG),4,Gold
CLI-84185,30,Rio de Janeiro (RJ),1,Silver
CLI-84449,30,Minas Gerais (MG),1,Silver
CLI-71747,27,Rio de Janeiro (RJ),2,Silver
CLI-77295,43,Rio de Janeiro (RJ),2,Silver
CLI-34986,55,Bahia (BA),2,Silver
CLI-40402,23,Minas Gerais (MG),2,Silver
CLI-84596,57,Paraná (PR),4,Gold
CLI-28336,57,Minas Gerais (MG),4,Gold
CLI-22795,37,Bahia (BA),4,Gold
CLI-50029,51,Rio de Janeiro (RJ),2,Silver
CLI-64019,64,Paraná (PR),3,Gold
CLI-74324,32,Rio de Janeiro (RJ),3,Gold
CLI-67757,21,Paraná (PR),4,Gold
CLI-78099,59,Minas Gerais (MG),2,Silver
CLI-19882,34,Minas Gerais (MG),1,Silver
CLI-31988,65,Rio de Janeiro (RJ),4,Gold
CLI-28476,23,São Paulo (SP),2,Silver
CLI-72735,65,Rio de Janeiro (RJ),4,Gold
CLI-68564,55,Minas Gerais (MG),2,Silver
CLI-40363,59,Bahia (BA),2,Silver
CLI-87205,23,Paraná (PR),2,Silver
CLI-89083,64,Rio de Janeiro (RJ),3,Gold
CLI-53376,22,Bahia (BA),1,Silver
CLI-22421,65,São Paulo (SP),4,Gold
CLI-53926,60,Bahia (BA),3,Gold
CLI-50162,25,Paraná (PR),4,Gold
CLI-72498,53,São Paulo (SP),4,Gold
CLI-83017,48,Minas Gerais (MG),3,Gold
CLI-12209,46,Bahia (BA),1,Silver
CLI-28399,62,Rio de Janeiro (RJ),1,Silver
CLI-30990,33,Bahia (BA),4,Gold
CLI-61241,54,São Paulo (SP),4,Gold
CLI-78071,29,Minas Gerais (MG),4,Gold
CLI-28875,54,Paraná (PR),1,Silver
CLI-71919,57,Bahia (BA),4,Gold
CLI-17552,56,Paraná (PR),3,Gold
CLI-39587,47,Bahia (BA),2,Silver
CLI-90324,61,Minas Gerais (MG),4,Gold
CLI-31986,52,Rio de Janeiro (RJ),3,Gold
CLI-53401,59,Paraná (PR),2,Silver
CLI-47003,58,Rio de Janeiro (RJ),1,Silver
CLI-68468,43,Paraná (PR),2,Silver
CLI-58315,50,Paraná (PR),1,Silver
CLI-28524,52,Paraná (PR),3,Gold
CLI-59504,46,Minas Gerais (MG),1,Silver
CLI-99900,20,Paraná (PR),3,Gold
CLI-22358,29,Paraná (PR),4,Gold
CLI-44693,28,Paraná (PR),3,Gold
CLI-54528,41,Bahia (BA),4,Gold
CLI-22937,27,Rio de Janeiro (RJ),2,Silver
CLI-61130,35,Bahia (BA),2,Silver
CLI-11422,40,Minas Gerais (MG),3,Gold
CLI-79461,50,São Paulo (SP),4,Gold
CLI-18012,31,São Paulo (SP),2,Silver
CLI-68870,27,Minas Gerais (MG),2,Silver
CLI-67543,24,Rio de Janeiro (RJ),3,Gold
CLI-61479,43,São Paulo (SP),4,Gold
CLI-98261,48,Minas Gerais (MG),3,Gold
CLI-50451,52,Paraná (PR),3,Gold
CLI-90113,46,Rio de Janeiro (RJ),1,Silver
CLI-80052,38,São Paulo (SP),4,Gold
CLI-34783,23,Minas Gerais (MG),2,Silver
CLI-78535,62,Minas Gerais (MG),1,Silver
CLI-48551,65,Paraná (PR),4,Gold
CLI-16107,31,Minas Gerais (MG),2,Silver
CLI-86879,57,Minas Gerais (MG),4,Gold
CLI-59685,29,Paraná (PR),4,Gold
CLI-78692,46,Bahia (BA),1,Silver
CLI-79694,56,Rio de Janeiro (RJ),3,Gold
CLI-12450,47,Minas Gerais (MG),2,Silver
CLI-71368,57,Minas Gerais (MG),4,Gold
CLI-35632,39,Paraná (PR),2,Silver
CLI-94800,55,Minas Gerais (MG),2,Silver
CLI-31750,18,Minas Gerais (MG),1,Silver
CLI-44285,63,Rio de Janeiro (RJ),2,Silver
CLI-24590,40,Rio de Janeiro (RJ),3,Gold
CLI-89742,39,Minas Gerais (MG),2,Silver
CLI-37583,59,Paraná (PR),2,Silver
CLI-73374,40,Minas Gerais (MG),3,Gold
CLI-33982,30,Paraná (PR),1,Silver
CLI-97434,24,São Paulo (SP),3,Gold
CLI-45854,40,Minas Gerais (MG),3,Gold
CLI-59822,64,Paraná (PR),3,Gold
CLI-89149,57,Paraná (PR),4,Gold
CLI-86875,39,Minas Gerais (MG),2,Silver
CLI-53919,31,Bahia (BA),2,Silver
CLI-68212,53,Paraná (PR),4,Gold
CLI-60880,59,Rio de Janeiro (RJ),2,Silver
CLI-15705,38,Minas Gerais (MG),1,Silver
CLI-84793,59,Paraná (PR),2,Silver
CLI-92629,39,Paraná (PR),2,Silver
CLI-72814,46,São Paulo (SP),4,Gold
CLI-13160,49,Minas Gerais (MG),4,Gold
CLI-41651,51,Minas Gerais (MG),2,Silver
CLI-94293,48,Paraná (PR),3,Gold
CLI-20642,63,Rio de Janeiro (RJ),2,Silver
CLI-94030,32,Paraná (PR),3,Gold
CLI-83840,29,Minas Gerais (MG),4,Gold
CLI-10622,26,Rio de Janeiro (RJ),1,Silver
CLI-75929,39,Bahia (BA),2,Silver
CLI-21599,62,Paraná (PR),1,Silver
CLI-89100,58,São Paulo (SP),1,Silver
CLI-98812,25,Paraná (PR),4,Gold
CLI-31236,63,Paraná (PR),2,Silver
CLI-58240,55,Rio de Janeiro (RJ),2,Silver
CLI-71440,41,São Paulo (SP),4,Gold
CLI-48545,23,Minas Gerais (MG),2,Silver
CLI-27194,23,Bahia (BA),2,Silver
CLI-41782,18,Paraná (PR),1,Silver
CLI-54358,42,São Paulo (SP),4,Gold
CLI-41729,32,Rio de Janeiro (RJ),3,Gold
CLI-85631,41,Minas Gerais (MG),4,Gold
CLI-29888,27,Bahia (BA),2,Silver
CLI-65150,45,São Paulo (SP),4,Gold
CLI-69243,20,Bahia (BA),3,Gold
CLI-17336,28,São Paulo (SP),3,Gold
CLI-32944,19,Bahia (BA),2,Silver
CLI-65265,49,Rio de Janeiro (RJ),4,Gold
CLI-72589,30,Bahia (BA),1,Silver
CLI-67497,62,Paraná (PR),1,Silver
CLI-70312,53,São Paulo (SP),4,Gold
CLI-18186,27,Minas Gerais (MG),2,Silver
CLI-34548,65,Rio de Janeiro (RJ),4,Gold
CLI-12128,31,São Paulo (SP),2,Silver
CLI-61725,46,Minas Gerais (MG),1,Silver
CLI-55559,35,Bahia (BA),2,Silver
CLI-50490,42,Rio de Janeiro (RJ),1,Silver
CLI-23219,56,Paraná (PR),3,Gold
CLI-76479,32,Paraná (PR),3,Gold
CLI-55442,65,Bahia (BA),4,Gold
CLI-26197,32,Bahia (BA),3,Gold
CLI-48735,31,Bahia (BA),2,Silver
CLI-21489,44,Bahia (BA),3,Gold
CLI-31472,44,Rio de Janeiro (RJ),3,Gold
CLI-26077,43,Bahia (BA),2,Silver
CLI-32086,39,Bahia (BA),2,Silver
CLI-13081,35,São Paulo (SP),4,Gold
CLI-17394,51,São Paulo (SP),4,Gold
CLI-67587,45,São Paulo (SP),4,Gold
CLI-27227,49,Minas Gerais (MG),4,Gold
CLI-97754,19,Paraná (PR),2,Silver
CLI-67761,19,Minas Gerais (MG),2,Silver
CLI-74728,19,Bahia (BA),2,Silver
CLI-13830,61,Minas Gerais (MG),4,Gold
CLI-23450,29,Paraná (PR),4,Gold
CLI-74056,38,São Paulo (SP),4,Gold
CLI-24791,29,Rio de Janeiro (RJ),4,Gold
CLI-23562,30,São Paulo (SP),1,Silver
CLI-66543,19,São Paulo (SP),2,Silver
CLI-42078,37,Bahia (BA),4,Gold
CLI-65146,63,Bahia (BA),2,Silver
CLI-10864,24,Minas Gerais (MG),3,Gold
CLI-57220,27,São Paulo (SP),2,Silver
CLI-31394,54,Bahia (BA),1,Silver
CLI-30565,46,São Paulo (SP),4,Gold
CLI-40630,57,São Paulo (SP),4,Gold
CLI-72647,23,Paraná (PR),2,Silver
CLI-18501,48,Rio de Janeiro (RJ),3,Gold
CLI-20851,25,São Paulo (SP),4,Gold
CLI-22564,26,Bahia (BA),1,Silver
CLI-89429,43,Bahia (BA),2,Silver
CLI-20101,43,Bahia (BA),2,Silver
CLI-27784,24,Bahia (BA),3,Gold
CLI-75157,32,Minas Gerais (MG),3,Gold
CLI-28107,28,Bahia (BA),3,Gold
CLI-92695,53,São Paulo (SP),4,Gold
CLI-97430,27,Minas Gerais (MG),2,Silver
CLI-66538,19,Rio de Janeiro (RJ),2,Silver
CLI-55070,37,Paraná (PR),4,Gold
CLI-41240,53,Minas Gerais (MG),4,Gold
CLI-98370,53,Bahia (BA),4,Gold
CLI-86007,32,Paraná (PR),3,Gold
CLI-58921,49,Rio de Janeiro (RJ),4,Gold
CLI-39654,45,Rio de Janeiro (RJ),4,Gold
CLI-95516,37,Paraná (PR),4,Gold
CLI-46294,31,São Paulo (SP),2,Silver
CLI-96237,27,São Paulo (SP),2,Silver
CLI-67817,50,Rio de Janeiro (RJ),1,Silver
CLI-99233,30,Bahia (BA),1,Silver
CLI-66027,25,Minas Gerais (MG),4,Gold
CLI-86342,55,Minas Gerais (MG),2,Silver
CLI-55817,35,Bahia (BA),2,Silver
CLI-85569,19,Rio de Janeiro (RJ),2,Silver
CLI-56000,20,Bahia (BA),3,Gold
CLI-64732,49,Bahia (BA),4,Gold
CLI-67360,44,Bahia (BA),3,Gold
CLI-96551,20,São Paulo (SP),3,Gold
CLI-51331,46,Bahia (BA),1,Silver
CLI-48797,48,Bahia (BA),3,Gold
CLI-26192,55,Minas Gerais (MG),2,Silver
CLI-81977,51,São Paulo (SP),4,Gold
CLI-79238,28,São Paulo (SP),3,Gold
CLI-32983,57,Bahia (BA),4,Gold
CLI-59016,37,Rio de Janeiro (RJ),4,Gold
CLI-76989,19,Minas Gerais (MG),2,Silver
CLI-46155,18,Bahia (BA),1,Silver
CLI-18760,24,Rio de Janeiro (RJ),3,Gold
CLI-15945,59,Paraná (PR),2,Silver
CLI-53618,42,São Paulo (SP),4,Gold
CLI-48692,27,Bahia (BA),2,Silver
CLI-53225,38,Paraná (PR),1,Silver
CLI-67650,53,Bahia (BA),4,Gold
CLI-11947,25,Minas Gerais (MG),4,Gold
CLI-45840,65,Paraná (PR),4,Gold
CLI-58345,18,São Paulo (SP),1,Silver
CLI-46379,37,Paraná (PR),4,Gold
CLI-87298,34,Rio de Janeiro (RJ),1,Silver
CLI-93678,35,São Paulo (SP),4,Gold
CLI-46472,38,São Paulo (SP),4,Gold
CLI-16306,28,Bahia (BA),3,Gold
CLI-36450,18,São Paulo (SP),1,Silver
CLI-13800,65,Paraná (PR),4,Gold
CLI-98587,58,São Paulo (SP),1,Silver
CLI-37225,48,Paraná (PR),3,Gold
CLI-49403,36,Rio de Janeiro (RJ),3,Gold
CLI-52113,27,Bahia (BA),2,Silver
CLI-51818,29,Bahia (BA),4,Gold
CLI-22908,41,Minas Gerais (MG),4,Gold
CLI-68209,64,Paraná (PR),3,Gold
CLI-22957,20,Minas Gerais (MG),3,Gold
CLI-70256,42,Paraná (PR),1,Silver
CLI-29987,64,Bahia (BA),3,Gold
CLI-14608,34,Paraná (PR),1,Silver
CLI-53203,49,Minas Gerais (MG),4,Gold
CLI-28380,46,Bahia (BA),1,Silver
CLI-14193,61,Rio de Janeiro (RJ),4,Gold
CLI-14908,23,Minas Gerais (MG),2,Silver
CLI-20703,28,São Paulo (SP),3,Gold
CLI-45648,62,Minas Gerais (MG),1,Silver
CLI-96226,45,Rio de Janeiro (RJ),4,Gold
CLI-94454,54,Minas Gerais (MG),1,Silver
CLI-71560,31,Bahia (BA),2,Silver
CLI-22832,60,Minas Gerais (MG),3,Gold
CLI-44258,21,São Paulo (SP),4,Gold
CLI-42516,59,Paraná (PR),2,Silver
CLI-91794,62,Paraná (PR),1,Silver
CLI-54971,53,Paraná (PR),4,Gold
CLI-74058,63,Paraná (PR),2,Silver
CLI-82099,62,São Paulo (SP),1,Silver
CLI-98731,29,São Paulo (SP),4,Gold
CLI-93963,40,Minas Gerais (MG),3,Gold
CLI-91546,21,Rio de Janeiro (RJ),4,Gold
CLI-13790,48,Bahia (BA),3,Gold
CLI-83920,32,Minas Gerais (MG),3,Gold
CLI-83330,40,Minas Gerais (MG),3,Gold
CLI-70037,26,Paraná (PR),1,Silver
CLI-98767,58,São Paulo (SP),1,Silver
CLI-60960,47,Bahia (BA),2,Silver
CLI-96627,54,Bahia (BA),1,Silver
CLI-89964,63,São Paulo (SP),2,Silver
CLI-59932,19,Minas Gerais (MG),2,Silver
CLI-10578,51,Paraná (PR),2,Silver
CLI-52124,21,Bahia (BA),4,Gold
CLI-78853,63,São Paulo (SP),2,Silver
CLI-92727,24,Bahia (BA),3,Gold
CLI-10600,25,Paraná (PR),4,Gold
CLI-39600,33,Minas Gerais (MG),4,Gold
CLI-95585,35,Minas Gerais (MG),2,Silver
CLI-98307,27,Rio de Janeiro (RJ),2,Silver
CLI-98299,19,Bahia (BA),2,Silver
CLI-22606,33,São Paulo (SP),4,Gold
CLI-62375,64,Rio de Janeiro (RJ),3,Gold
CLI-20198,55,São Paulo (SP),4,Gold
CLI-98969,63,Paraná (PR),2,Silver
CLI-79030,52,São Paulo (SP),4,Gold
CLI-76548,45,Rio de Janeiro (RJ),4,Gold
CLI-82338,58,Paraná (PR),1,Silver
CLI-16746,26,Paraná (PR),1,Silver
CLI-69884,36,Rio de Janeiro (RJ),3,Gold
CLI-39745,45,Paraná (PR),4,Gold
CLI-43044,21,Bahia (BA),4,Gold
CLI-81143,21,São Paulo (SP),4,Gold
CLI-19154,28,São Paulo (SP),3,Gold
CLI-27271,41,Rio de Janeiro (RJ),4,Gold
CLI-46997,46,São Paulo (SP),4,Gold
CLI-66708,62,Minas Gerais (MG),1,Silver
CLI-66613,52,Paraná (PR),3,Gold
CLI-67443,40,Rio de Janeiro (RJ),3,Gold
CLI-24465,43,Bahia (BA),2,Silver
CLI-40912,59,Rio de Janeiro (RJ),2,Silver
CLI-64787,50,São Paulo (SP),4,Gold
CLI-35881,18,Bahia (BA),1,Silver
CLI-18374,48,São Paulo (SP),4,Gold
CLI-61296,51,São Paulo (SP),4,Gold
CLI-82648,18,Minas Gerais (MG),1,Silver
CLI-22635,61,Paraná (PR),4,Gold
CLI-39143,38,Minas Gerais (MG),1,Silver
CLI-23281,63,São Paulo (SP),2,Silver
CLI-91107,62,Bahia (BA),1,Silver
CLI-28844,18,Paraná (PR),1,Silver
CLI-25167,43,Paraná (PR),2,Silver
CLI-22840,29,Minas Gerais (MG),4,Gold
CLI-20241,44,São Paulo (SP),4,Gold
CLI-16715,26,Paraná (PR),1,Silver
CLI-99755,57,Bahia (BA),4,Gold
CLI-95694,44,Rio de Janeiro (RJ),3,Gold
CLI-56649,35,Paraná (PR),2,Silver
CLI-22772,55,Rio de Janeiro (RJ),2,Silver
CLI-31915,49,Bahia (BA),4,Gold
CLI-68960,48,Minas Gerais (MG),3,Gold
CLI-12841,61,São Paulo (SP),4,Gold
CLI-16108,63,Minas Gerais (MG),2,Silver
CLI-18241,43,Minas Gerais (MG),2,Silver
CLI-55574,39,Minas Gerais (MG),2,Silver
CLI-21895,23,Minas Gerais (MG),2,Silver
CLI-81533,20,São Paulo (SP),3,Gold
CLI-66057,38,Rio de Janeiro (RJ),1,Silver
CLI-25551,20,São Paulo (SP),3,Gold
CLI-65441,22,Rio de Janeiro (RJ),1,Silver
CLI-60116,63,Bahia (BA),2,Silver
CLI-83165,29,Rio de Janeiro (RJ),4,Gold
CLI-72941,63,Paraná (PR),2,Silver
CLI-32296,64,Paraná (PR),3,Gold
CLI-22556,65,Bahia (BA),4,Gold
CLI-27794,34,Rio de Janeiro (RJ),1,Silver
CLI-79470,37,São Paulo (SP),4,Gold
CLI-41647,63,Bahia (BA),2,Silver
CLI-99587,32,Bahia (BA),3,Gold
CLI-14347,64,Paraná (PR),3,Gold
CLI-24143,61,São Paulo (SP),4,Gold
CLI-90450,33,São Paulo (SP),4,Gold
CLI-40561,28,Paraná (PR),3,Gold
CLI-72888,35,Paraná (PR),2,Silver
CLI-87765,47,São Paulo (SP),4,Gold
CLI-20495,55,Rio de Janeiro (RJ),2,Silver
CLI-42601,30,São Paulo (SP),1,Silver
CLI-42932,23,Minas Gerais (MG),2,Silver
CLI-14370,44,Bahia (BA),3,Gold
CLI-42411,61,Bahia (BA),4,Gold
CLI-48513,27,Rio de Janeiro (RJ),2,Silver
CLI-86624,64,Paraná (PR),3,Gold
CLI-21189,57,Bahia (BA),4,Gold
CLI-40489,23,São Paulo (SP),2,Silver
CLI-24157,63,Paraná (PR),2,Silver
CLI-89086,28,Minas Gerais (MG),3,Gold
CLI-82045,19,Paraná (PR),2,Silver
CLI-45571,42,Rio de Janeiro (RJ),1,Silver
CLI-36114,51,Paraná (PR),2,Silver
CLI-79940,48,Rio de Janeiro (RJ),3,Gold
CLI-57201,45,Minas Gerais (MG),4,Gold
CLI-72158,18,Bahia (BA),1,Silver
CLI-92245,20,São Paulo (SP),3,Gold
CLI-27139,31,Minas Gerais (MG),2,Silver
CLI-65838,34,Rio de Janeiro (RJ),1,Silver
CLI-45379,38,Rio de Janeiro (RJ),1,Silver
CLI-99485,62,Paraná (PR),1,Silver
CLI-99625,22,Bahia (BA),1,Silver
CLI-17537,23,Paraná (PR),2,Silver
CLI-67310,34,Bahia (BA),1,Silver
CLI-48262,57,Bahia (BA),4,Gold
CLI-51577,21,São Paulo (SP),4,Gold
CLI-21649,26,São Paulo (SP),1,Silver
CLI-59690,65,Paraná (PR),4,Gold
CLI-31867,21,Minas Gerais (MG),4,Gold
CLI-11677,21,Bahia (BA),4,Gold
CLI-60408,57,Bahia (BA),4,Gold
CLI-62602,21,Minas Gerais (MG),4,Gold
CLI-49690,39,Rio de Janeiro (RJ),2,Silver
CLI-57820,21,Minas Gerais (MG),4,Gold
CLI-95098,33,Minas Gerais (MG),4,Gold
CLI-23567,54,Paraná (PR),1,Silver
CLI-38258,59,Bahia (BA),2,Silver
CLI-19612,46,São Paulo (SP),4,Gold
CLI-69751,42,Minas Gerais (MG),1,Silver
CLI-36980,59,São Paulo (SP),2,Silver
CLI-39201,49,Bahia (BA),4,Gold
CLI-22147,65,Bahia (BA),4,Gold
CLI-97493,61,São Paulo (SP),4,Gold
CLI-55477,30,Bahia (BA),1,Silver
CLI-93779,36,Bahia (BA),3,Gold
CLI-30145,48,São Paulo (SP),4,Gold
CLI-77480,46,Minas Gerais (MG),1,Silver
CLI-29846,38,Rio de Janeiro (RJ),1,Silver
CLI-18989,28,Minas Gerais (MG),3,Gold
CLI-70442,25,Minas Gerais (MG),4,Gold
CLI-27652,64,São Paulo (SP),3,Gold
CLI-13801,59,Bahia (BA),2,Silver
CLI-81044,63,Paraná (PR),2,Silver
CLI-73978,51,São Paulo (SP),4,Gold
CLI-13231,45,Rio de Janeiro (RJ),4,Gold
CLI-34393,40,Paraná (PR),3,Gold
CLI-54804,26,Paraná (PR),1,Silver
CLI-16918,58,Minas Gerais (MG),1,Silver
CLI-68282,44,Minas Gerais (MG),3,Gold
CLI-66149,29,Minas Gerais (MG),4,Gold
CLI-40886,43,Rio de Janeiro (RJ),2,Silver
CLI-68231,26,Bahia (BA),1,Silver
CLI-59501,52,São Paulo (SP),4,Gold
CLI-84505,33,Bahia (BA),4,Gold
CLI-45936,41,Bahia (BA),4,Gold
CLI-48535,48,Bahia (BA),3,Gold
CLI-98992,44,Bahia (BA),3,Gold
CLI-33671,22,Rio de Janeiro (RJ),1,Silver
CLI-48391,38,Minas Gerais (MG),1,Silver
CLI-75103,36,Minas Gerais (MG),3,Gold
CLI-78517,45,Minas Gerais (MG),4,Gold
CLI-20562,53,Bahia (BA),4,Gold
CLI-14406,27,Paraná (PR),2,Silver
CLI-24418,25,Minas Gerais (MG),4,Gold
CLI-71027,55,Paraná (PR),2,Silver
CLI-20665,65,Paraná (PR),4,Gold
CLI-14924,54,Paraná (PR),1,Silver
CLI-39830,37,Minas Gerais (MG),4,Gold
CLI-91773,18,Bahia (BA),1,Silver
CLI-40963,19,Minas Gerais (MG),2,Silver
CLI-43917,55,Paraná (PR),2,Silver
CLI-31901,27,Minas Gerais (MG),2,Silver
CLI-34513,40,Minas Gerais (MG),3,Gold
CLI-96164,57,São Paulo (SP),4,Gold
CLI-87311,62,Rio de Janeiro (RJ),1,Silver
CLI-67844,43,Rio de Janeiro (RJ),2,Silver
CLI-25523,51,Rio de Janeiro (RJ),2,Silver
CLI-72624,44,Rio de Janeiro (RJ),3,Gold
CLI-13962,41,Minas Gerais (MG),4,Gold
CLI-32951,28,Minas Gerais (MG),3,Gold
CLI-31155,28,Bahia (BA),3,Gold
CLI-59361,50,São Paulo (SP),4,Gold
CLI-47139,24,Paraná (PR),3,Gold
CLI-65222,58,Rio de Janeiro (RJ),1,Silver
CLI-87038,55,Bahia (BA),2,Silver
CLI-74027,34,Bahia (BA),1,Silver
CLI-98087,33,Minas Gerais (MG),4,Gold
CLI-29747,27,Minas Gerais (MG),2,Silver
CLI-95501,23,São Paulo (SP),2,Silver
CLI-73177,25,Rio de Janeiro (RJ),4,Gold
CLI-94506,32,Paraná (PR),3,Gold
CLI-15225,48,São Paulo (SP),4,Gold
CLI-75546,45,Rio de Janeiro (RJ),4,Gold
CLI-43703,29,Rio de Janeiro (RJ),4,Gold
CLI-92347,20,Bahia (BA),3,Gold
CLI-48704,28,Rio de Janeiro (RJ),3,Gold
CLI-60701,27,São Paulo (SP),2,Silver
CLI-10927,63,Rio de Janeiro (RJ),2,Silver
CLI-33057,49,Minas Gerais (MG),4,Gold
CLI-25388,44,Paraná (PR),3,Gold
CLI-46680,65,Bahia (BA),4,Gold
CLI-50629,24,São Paulo (SP),3,Gold
CLI-67935,37,Bahia (BA),4,Gold
CLI-38154,38,Rio de Janeiro (RJ),1,Silver
CLI-32828,52,Rio de Janeiro (RJ),3,Gold
CLI-95948,62,São Paulo (SP),1,Silver
CLI-70567,36,Minas Gerais (MG),3,Gold
CLI-49227,45,Rio de Janeiro (RJ),4,Gold
CLI-15726,32,São Paulo (SP),3,Gold
CLI-89634,38,Minas Gerais (MG),1,Silver
CLI-83136,62,Bahia (BA),1,Silver
CLI-11251,60,São Paulo (SP),3,Gold
CLI-67737,28,Bahia (BA),3,Gold
CLI-33314,19,Paraná (PR),2,Silver
CLI-75927,18,São Paulo (SP),1,Silver
CLI-25315,19,Rio de Janeiro (RJ),2,Silver
CLI-34153,60,São Paulo (SP),3,Gold
CLI-30780,39,Bahia (BA),2,Silver
CLI-62719,36,Bahia (BA),3,Gold
CLI-92205,44,Rio de Janeiro (RJ),3,Gold
CLI-30427,27,Minas Gerais (MG),2,Silver
CLI-39556,50,Bahia (BA),1,Silver
CLI-98825,53,São Paulo (SP),4,Gold
CLI-95043,27,Paraná (PR),2,Silver
CLI-81772,34,São Paulo (SP),1,Silver
CLI-38936,59,São Paulo (SP),2,Silver
CLI-53352,53,São Paulo (SP),4,Gold
CLI-96901,51,Bahia (BA),2,Silver
CLI-51511,25,Bahia (BA),4,Gold
CLI-97703,45,Rio de Janeiro (RJ),4,Gold
CLI-40944,34,Rio de Janeiro (RJ),1,Silver
CLI-60429,33,São Paulo (SP),4,Gold
CLI-88573,38,Minas Gerais (MG),1,Silver
CLI-60037,31,Paraná (PR),2,Silver
CLI-56192,56,Bahia (BA),3,Gold
CLI-19323,23,Bahia (BA),2,Silver
CLI-21522,26,Minas Gerais (MG),1,Silver
CLI-85096,59,São Paulo (SP),2,Silver
CLI-35111,24,São Paulo (SP),3,Gold
CLI-35620,35,Minas Gerais (MG),2,Silver
CLI-15499,53,Rio de Janeiro (RJ),4,Gold
CLI-57961,46,Rio de Janeiro (RJ),1,Silver
CLI-75286,62,Rio de Janeiro (RJ),1,Silver
CLI-99070,31,Rio de Janeiro (RJ),2,Silver
CLI-48693,19,Paraná (PR),2,Silver
CLI-37007,64,São Paulo (SP),3,Gold
CLI-71497,29,Bahia (BA),4,Gold
CLI-63897,22,São Paulo (SP),1,Silver
CLI-14095,46,Rio de Janeiro (RJ),1,Silver
CLI-77853,62,Paraná (PR),1,Silver
CLI-66168,49,Bahia (BA),4,Gold
CLI-37269,37,Paraná (PR),4,Gold
CLI-41072,49,Rio de Janeiro (RJ),4,Gold
CLI-15146,41,São Paulo (SP),4,Gold
CLI-26306,64,Minas Gerais (MG),3,Gold
CLI-75211,34,Minas Gerais (MG),1,Silver
CLI-61252,55,Rio de Janeiro (RJ),2,Silver
CLI-97574,27,Bahia (BA),2,Silver
CLI-63712,37,Rio de Janeiro (RJ),4,Gold
CLI-32009,45,Bahia (BA),4,Gold
CLI-50809,43,São Paulo (SP),4,Gold
CLI-56431,54,Paraná (PR),1,Silver
CLI-69933,51,Bahia (BA),2,Silver
CLI-96679,21,Minas Gerais (MG),4,Gold
CLI-57254,36,Paraná (PR),3,Gold
CLI-19355,47,Rio de Janeiro (RJ),2,Silver
CLI-67346,24,Minas Gerais (MG),3,Gold
CLI-11054,57,Bahia (BA),4,Gold
CLI-98214,52,São Paulo (SP),4,Gold
CLI-42236,61,Bahia (BA),4,Gold
CLI-22194,57,Minas Gerais (MG),4,Gold
CLI-47880,28,Paraná (PR),3,Gold
CLI-70356,43,Rio de Janeiro (RJ),2,Silver
CLI-12133,46,Rio de Janeiro (RJ),1,Silver
CLI-28825,36,São Paulo (SP),4,Gold
CLI-57112,42,Rio de Janeiro (RJ),1,Silver
CLI-47352,26,São Paulo (SP),1,Silver
CLI-73535,46,Minas Gerais (MG),1,Silver
CLI-93602,24,São Paulo (SP),3,Gold
CLI-31839,63,Bahia (BA),2,Silver
CLI-38523,58,São Paulo (SP),1,Silver
CLI-25783,52,Rio de Janeiro (RJ),3,Gold
CLI-75101,20,Minas Gerais (MG),3,Gold
CLI-12391,60,Paraná (PR),3,Gold
CLI-55797,52,Bahia (BA),3,Gold
CLI-76279,57,São Paulo (SP),4,Gold
CLI-97878,50,Minas Gerais (MG),1,Silver
CLI-49195,55,Minas Gerais (MG),2,Silver
CLI-11702,36,Paraná (PR),3,Gold
CLI-22685,57,Paraná (PR),4,Gold
CLI-10990,21,Bahia (BA),4,Gold
CLI-57589,26,Minas Gerais (MG),1,Silver
CLI-28975,25,Paraná (PR),4,Gold
CLI-54623,58,Paraná (PR),1,Silver
CLI-32056,30,Bahia (BA),1,Silver
CLI-67232,59,São Paulo (SP),2,Silver
CLI-76658,54,Bahia (BA),1,Silver
CLI-88858,40,Paraná (PR),3,Gold
CLI-59855,57,Paraná (PR),4,Gold
CLI-76361,50,Rio de Janeiro (RJ),1,Silver
CLI-44010,61,São Paulo (SP),4,Gold
CLI-85060,34,Bahia (BA),1,Silver
CLI-98809,30,Minas Gerais (MG),1,Silver
CLI-13414,54,Paraná (PR),1,Silver
CLI-42604,63,Paraná (PR),2,Silver
CLI-29355,30,Minas Gerais (MG),1,Silver
CLI-82264,33,Minas Gerais (MG),4,Gold
CLI-77776,38,Minas Gerais (MG),1,Silver
CLI-36966,42,São Paulo (SP),4,Gold
CLI-20309,19,Rio de Janeiro (RJ),2,Silver
CLI-50267,61,São Paulo (SP),4,Gold
CLI-27332,19,Rio de Janeiro (RJ),2,Silver
CLI-26132,34,Rio de Janeiro (RJ),1,Silver
CLI-11036,42,Rio de Janeiro (RJ),1,Silver
CLI-93008,18,Bahia (BA),1,Silver
CLI-80736,63,Bahia (BA),2,Silver
CLI-41965,19,São Paulo (SP),2,Silver
CLI-87663,22,Bahia (BA),1,Silver
CLI-70104,44,Paraná (PR),3,Gold
CLI-18047,34,Minas Gerais (MG),1,Silver
CLI-43225,44,Rio de Janeiro (RJ),3,Gold
CLI-10713,43,São Paulo (SP),4,Gold
CLI-64057,61,Paraná (PR),4,Gold
CLI-50301,34,Paraná (PR),1,Silver
CLI-25413,23,Minas Gerais (MG),2,Silver
CLI-13342,35,Bahia (BA),2,Silver
CLI-37080,54,São Paulo (SP),4,Gold
CLI-82902,54,Paraná (PR),1,Silver
CLI-55341,25,São Paulo (SP),4,Gold
CLI-81299,19,Minas Gerais (MG),2,Silver
CLI-15991,61,Bahia (BA),4,Gold
CLI-78713,25,Paraná (PR),4,Gold
CLI-23096,43,Bahia (BA),2,Silver
CLI-47295,35,São Paulo (SP),4,Gold
CLI-51831,49,São Paulo (SP),4,Gold
CLI-97746,30,São Paulo (SP),1,Silver
CLI-46021,61,São Paulo (SP),4,Gold
CLI-62629,22,Paraná (PR),1,Silver
CLI-34553,40,Bahia (BA),3,Gold
CLI-28814,36,Paraná (PR),3,Gold
CLI-75004,30,Rio de Janeiro (RJ),1,Silver
CLI-65197,58,São Paulo (SP),1,Silver
CLI-61635,30,Bahia (BA),1,Silver
CLI-97784,52,Bahia (BA),3,Gold
CLI-99664,27,Minas Gerais (MG),2,Silver
CLI-76133,49,Minas Gerais (MG),4,Gold
CLI-57726,26,Bahia (BA),1,Silver
CLI-63983,63,Paraná (PR),2,Silver
CLI-55052,19,Paraná (PR),2,Silver
CLI-19239,31,Paraná (PR),2,Silver
CLI-98710,51,Bahia (BA),2,Silver
CLI-91550,25,São Paulo (SP),4,Gold
CLI-58191,65,Bahia (BA),4,Gold
CLI-54074,45,Minas Gerais (MG),4,Gold
CLI-51279,33,Paraná (PR),4,Gold
CLI-77735,40,Paraná (PR),3,Gold
CLI-13839,19,Bahia (BA),2,Silver
CLI-35690,50,Rio de Janeiro (RJ),1,Silver
CLI-27431,59,Paraná (PR),2,Silver
CLI-26326,40,Bahia (BA),3,Gold
CLI-48200,53,Paraná (PR),4,Gold
CLI-97648,23,Minas Gerais (MG),2,Silver
CLI-98796,53,Minas Gerais (MG),4,Gold
CLI-19376,42,Minas Gerais (MG),1,Silver
CLI-70857,31,Minas Gerais (MG),2,Silver
CLI-41567,54,São Paulo (SP),4,Gold
CLI-70927,59,Bahia (BA),2,Silver
CLI-66706,40,Minas Gerais (MG),3,Gold
CLI-41359,27,Bahia (BA),2,Silver
CLI-33996,63,Paraná (PR),2,Silver
CLI-25364,56,Rio de Janeiro (RJ),3,Gold
CLI-96142,32,Minas Gerais (MG),3,Gold
CLI-41925,19,Bahia (BA),2,Silver
CLI-44600,41,Rio de Janeiro (RJ),4,Gold
CLI-19872,23,Minas Gerais (MG),2,Silver
CLI-24618,45,Rio de Janeiro (RJ),4,Gold
CLI-19363,50,Minas Gerais (MG),1,Silver
CLI-34063,59,Minas Gerais (MG),2,Silver
CLI-40608,33,Bahia (BA),4,Gold
CLI-98823,40,Rio de Janeiro (RJ),3,Gold
CLI-18060,28,Paraná (PR),3,Gold
CLI-88329,42,Minas Gerais (MG),1,Silver
CLI-51908,18,São Paulo (SP),1,Silver
CLI-44063,36,Minas Gerais (MG),3,Gold
CLI-63510,47,Paraná (PR),2,Silver
CLI-26727,43,Rio de Janeiro (RJ),2,Silver
CLI-53911,62,Rio de Janeiro (RJ),1,Silver
CLI-21747,30,Minas Gerais (MG),1,Silver
CLI-90935,46,São Paulo (SP),4,Gold
CLI-73404,34,Paraná (PR),1,Silver
CLI-81499,62,Minas Gerais (MG),1,Silver
CLI-49163,38,Bahia (BA),1,Silver
CLI-41285,36,Paraná (PR),3,Gold
CLI-63388,41,Rio de Janeiro (RJ),4,Gold
CLI-46688,53,Bahia (BA),4,Gold
CLI-22523,64,Minas Gerais (MG),3,Gold
CLI-29050,20,Minas Gerais (MG),3,Gold
CLI-88730,50,Bahia (BA),1,Silver
CLI-57656,35,Bahia (BA),2,Silver
CLI-57463,34,Rio de Janeiro (RJ),1,Silver
CLI-21338,32,Paraná (PR),3,Gold
CLI-61999,46,Minas Gerais (MG),1,Silver
CLI-47645,63,Minas Gerais (MG),2,Silver
CLI-73307,41,São Paulo (SP),4,Gold
CLI-74675,62,Rio de Janeiro (RJ),1,Silver
CLI-67591,53,Bahia (BA),4,Gold
CLI-37205,46,São Paulo (SP),4,Gold
CLI-38648,57,Bahia (BA),4,Gold
CLI-87755,18,São Paulo (SP),1,Silver
CLI-52166,55,Minas Gerais (MG),2,Silver
CLI-36084,22,Minas Gerais (MG),1,Silver
CLI-63462,36,Minas Gerais (MG),3,Gold
CLI-23363,28,São Paulo (SP),3,Gold
CLI-64555,46,Minas Gerais (MG),1,Silver
CLI-37245,22,Rio de Janeiro (RJ),1,Silver
CLI-89413,56,Minas Gerais (MG),3,Gold
CLI-49859,52,Rio de Janeiro (RJ),3,Gold
CLI-61261,60,Bahia (BA),3,Gold
CLI-63328,32,Rio de Janeiro (RJ),3,Gold
CLI-43136,49,São Paulo (SP),4,Gold
CLI-32301,30,Bahia (BA),1,Silver
CLI-27657,47,Rio de Janeiro (RJ),2,Silver
CLI-96918,41,São Paulo (SP),4,Gold
CLI-86370,35,Rio de Janeiro (RJ),2,Silver
CLI-78458,39,Rio de Janeiro (RJ),2,Silver
CLI-73623,34,Paraná (PR),1,Silver
CLI-50081,30,Rio de Janeiro (RJ),1,Silver
CLI-63643,65,São Paulo (SP),4,Gold
CLI-25402,45,Minas Gerais (MG),4,Gold
CLI-81504,45,Bahia (BA),4,Gold
CLI-49530,43,Minas Gerais (MG),2,Silver
CLI-86129,62,Minas Gerais (MG),1,Silver
CLI-71408,37,Rio de Janeiro (RJ),4,Gold
CLI-38370,40,Paraná (PR),3,Gold
CLI-28045,30,Bahia (BA),1,Silver
CLI-76871,36,Bahia (BA),3,Gold
CLI-86525,62,Minas Gerais (MG),1,Silver
CLI-13532,19,Rio de Janeiro (RJ),2,Silver
CLI-85354,60,Paraná (PR),3,Gold
CLI-67930,44,Rio de Janeiro (RJ),3,Gold
CLI-75853,56,São Paulo (SP),3,Gold
CLI-73686,45,Bahia (BA),4,Gold
CLI-20052,64,Rio de Janeiro (RJ),3,Gold
CLI-25286,47,Minas Gerais (MG),2,Silver
CLI-64338,63,São Paulo (SP),2,Silver
CLI-63438,53,Rio de Janeiro (RJ),4,Gold
CLI-88992,32,Bahia (BA),3,Gold
CLI-91938,18,Minas Gerais (MG),1,Silver
CLI-59945,51,Rio de Janeiro (RJ),2,Silver
CLI-14306,60,Bahia (BA),3,Gold
CLI-71793,53,Minas Gerais (MG),4,Gold
CLI-56834,65,Minas Gerais (MG),4,Gold
CLI-49045,45,Bahia (BA),4,Gold
CLI-54505,32,Bahia (BA),3,Gold
CLI-86828,32,Rio de Janeiro (RJ),3,Gold
CLI-92852,52,Bahia (BA),3,Gold
CLI-30620,22,Paraná (PR),1,Silver
CLI-16278,59,Minas Gerais (MG),2,Silver
CLI-29251,36,São Paulo (SP),4,Gold
CLI-53790,28,Bahia (BA),3,Gold
CLI-36949,28,Bahia (BA),3,Gold
CLI-63275,63,São Paulo (SP),2,Silver
CLI-13503,20,Paraná (PR),3,Gold
CLI-91243,49,Minas Gerais (MG),4,Gold
CLI-73350,32,Bahia (BA),3,Gold
CLI-10827,49,Bahia (BA),4,Gold
CLI-64849,37,Minas Gerais (MG),4,Gold
CLI-33738,25,Minas Gerais (MG),4,Gold
CLI-55605,21,Paraná (PR),4,Gold
CLI-41605,44,São Paulo (SP),4,Gold
CLI-18645,27,São Paulo (SP),2,Silver
CLI-22721,55,Rio de Janeiro (RJ),2,Silver
CLI-81673,19,São Paulo (SP),2,Silver
CLI-49147,44,Rio de Janeiro (RJ),3,Gold
CLI-75580,25,Paraná (PR),4,Gold
CLI-67002,50,Rio de Janeiro (RJ),1,Silver
CLI-28591,45,São Paulo (SP),4,Gold
CLI-31670,63,São Paulo (SP),2,Silver
CLI-12401,26,Minas Gerais (MG),1,Silver
CLI-39706,36,Minas Gerais (MG),3,Gold
CLI-41951,40,São Paulo (SP),4,Gold
CLI-98017,31,Rio de Janeiro (RJ),2,Silver
CLI-16096,27,Paraná (PR),2,Silver
CLI-52688,21,Rio de Janeiro (RJ),4,Gold
CLI-42314,20,São Paulo (SP),3,Gold
CLI-25968,56,Bahia (BA),3,Gold
CLI-74614,39,São Paulo (SP),4,Gold
CLI-11861,37,Minas Gerais (MG),4,Gold
CLI-20746,54,Bahia (BA),1,Silver
CLI-67783,62,Rio de Janeiro (RJ),1,Silver
CLI-42611,26,Bahia (BA),1,Silver
CLI-71293,27,Bahia (BA),2,Silver
CLI-49994,60,Rio de Janeiro (RJ),3,Gold
CLI-20512,53,Paraná (PR),4,Gold
CLI-25721,36,São Paulo (SP),4,Gold
CLI-20151,57,Bahia (BA),4,Gold
CLI-61064,48,Paraná (PR),3,Gold
CLI-55037,50,Paraná (PR),1,Silver
CLI-43593,64,Bahia (BA),3,Gold
CLI-69640,41,São Paulo (SP),4,Gold
CLI-41896,54,Rio de Janeiro (RJ),1,Silver
CLI-37781,65,Paraná (PR),4,Gold
CLI-51422,52,Minas Gerais (MG),3,Gold
CLI-34701,62,Minas Gerais (MG),1,Silver
CLI-48230,60,Minas Gerais (MG),3,Gold
CLI-72566,40,Bahia (BA),3,Gold
CLI-75732,25,Rio de Janeiro (RJ),4,Gold
CLI-61456,22,Paraná (PR),1,Silver
CLI-16073,32,Paraná (PR),3,Gold
CLI-41749,62,Paraná (PR),1,Silver
CLI-97345,65,Rio de Janeiro (RJ),4,Gold
CLI-48732,60,Minas Gerais (MG),3,Gold
CLI-66691,60,São Paulo (SP),3,Gold
CLI-41439,56,Paraná (PR),3,Gold
CLI-13999,33,Bahia (BA),4,Gold
CLI-74277,35,São Paulo (SP),4,Gold
CLI-57376,40,Paraná (PR),3,Gold
CLI-31252,39,Paraná (PR),2,Silver
CLI-85506,47,São Paulo (SP),4,Gold
CLI-83944,41,Minas Gerais (MG),4,Gold
CLI-22327,24,Paraná (PR),3,Gold
CLI-65557,41,Bahia (BA),4,Gold
CLI-19797,52,Bahia (BA),3,Gold
CLI-76706,34,São Paulo (SP),1,Silver
CLI-40890,61,Rio de Janeiro (RJ),4,Gold
CLI-53167,49,Minas Gerais (MG),4,Gold
CLI-72574,49,Rio de Janeiro (RJ),4,Gold
CLI-19430,35,Minas Gerais (MG),2,Silver
CLI-98555,43,Bahia (BA),2,Silver
CLI-41449,20,Rio de Janeiro (RJ),3,Gold
CLI-36857,44,Bahia (BA),3,Gold
CLI-58068,43,Paraná (PR),2,Silver
CLI-49855,40,Rio de Janeiro (RJ),3,Gold
CLI-65159,39,Minas Gerais (MG),2,Silver
CLI-40740,54,Rio de Janeiro (RJ),1,Silver
CLI-58495,38,Rio de Janeiro (RJ),1,Silver
CLI-60333,48,Minas Gerais (MG),3,Gold
CLI-99267,31,Bahia (BA),2,Silver
CLI-59632,63,Rio de Janeiro (RJ),2,Silver
CLI-81352,23,São Paulo (SP),2,Silver
CLI-37831,37,Paraná (PR),4,Gold
CLI-66161,21,São Paulo (SP),4,Gold
CLI-30524,64,São Paulo (SP),3,Gold
CLI-30382,39,Paraná (PR),2,Silver
CLI-96585,61,Paraná (PR),4,Gold
CLI-66184,33,Minas Gerais (MG),4,Gold
CLI-86592,29,São Paulo (SP),4,Gold
CLI-67598,29,São Paulo (SP),4,Gold
CLI-49744,43,Bahia (BA),2,Silver
CLI-84480,48,Bahia (BA),3,Gold
CLI-18580,30,Paraná (PR),1,Silver
CLI-14269,57,Bahia (BA),4,Gold
CLI-92330,42,Minas Gerais (MG),1,Silver
CLI-59427,61,Minas Gerais (MG),4,Gold
CLI-58060,36,Minas Gerais (MG),3,Gold
CLI-52983,49,Paraná (PR),4,Gold
CLI-99121,28,São Paulo (SP),3,Gold
CLI-87384,31,Paraná (PR),2,Silver
CLI-55639,65,Bahia (BA),4,Gold
CLI-84279,28,Rio de Janeiro (RJ),3,Gold
CLI-44665,53,Rio de Janeiro (RJ),4,Gold
CLI-82888,23,São Paulo (SP),2,Silver
CLI-33672,42,Paraná (PR),1,Silver
CLI-22436,39,Rio de Janeiro (RJ),2,Silver
CLI-95490,42,Bahia (BA),1,Silver
CLI-24723,30,São Paulo (SP),1,Silver
CLI-92140,24,São Paulo (SP),3,Gold
CLI-38386,33,Rio de Janeiro (RJ),4,Gold
CLI-46241,53,Minas Gerais (MG),4,Gold
CLI-78293,36,Minas Gerais (MG),3,Gold
CLI-87090,59,São Paulo (SP),2,Silver
CLI-26845,60,Bahia (BA),3,Gold
CLI-98456,46,Minas Gerais (MG),1,Silver
CLI-56767,54,Bahia (BA),1,Silver
CLI-78156,58,Rio de Janeiro (RJ),1,Silver
CLI-98114,32,Bahia (BA),3,Gold
CLI-64147,56,Minas Gerais (MG),3,Gold
CLI-72982,39,Bahia (BA),2,Silver
CLI-93463,40,Minas Gerais (MG),3,Gold
CLI-65514,64,Rio de Janeiro (RJ),3,Gold
CLI-80692,20,Bahia (BA),3,Gold
CLI-72827,39,Minas Gerais (MG),2,Silver
CLI-66292,48,São Paulo (SP),4,Gold
CLI-20352,44,Minas Gerais (MG),3,Gold
CLI-69698,30,Minas Gerais (MG),1,Silver
CLI-64775,64,Rio de Janeiro (RJ),3,Gold
CLI-49048,39,Rio de Janeiro (RJ),2,Silver
CLI-55369,49,Minas Gerais (MG),4,Gold
CLI-88224,28,Bahia (BA),3,Gold
CLI-21188,18,Paraná (PR),1,Silver
CLI-49783,29,São Paulo (SP),4,Gold
CLI-13211,49,São Paulo (SP),4,Gold
CLI-98608,56,São Paulo (SP),3,Gold
CLI-44037,32,Bahia (BA),3,Gold
CLI-56982,43,Minas Gerais (MG),2,Silver
CLI-43905,56,Rio de Janeiro (RJ),3,Gold
CLI-24038,21,Rio de Janeiro (RJ),4,Gold
CLI-62125,65,Rio de Janeiro (RJ),4,Gold
CLI-32838,22,Paraná (PR),1,Silver
CLI-39504,61,Rio de Janeiro (RJ),4,Gold
CLI-57545,56,Bahia (BA),3,Gold
CLI-22439,35,Paraná (PR),2,Silver
CLI-55607,23,São Paulo (SP),2,Silver
CLI-93582,59,Rio de Janeiro (RJ),2,Silver
CLI-64780,45,Rio de Janeiro (RJ),4,Gold
CLI-69810,31,Bahia (BA),2,Silver
CLI-52914,32,Minas Gerais (MG),3,Gold
CLI-62010,41,Bahia (BA),4,Gold
CLI-17037,26,Paraná (PR),1,Silver
CLI-97223,28,Minas Gerais (MG),3,Gold
CLI-58888,64,Paraná (PR),3,Gold
CLI-81361,56,Paraná (PR),3,Gold
CLI-69353,28,Minas Gerais (MG),3,Gold
CLI-54823,49,Minas Gerais (MG),4,Gold
CLI-93484,50,Bahia (BA),1,Silver
CLI-16293,34,Rio de Janeiro (RJ),1,Silver
CLI-61042,33,Minas Gerais (MG),4,Gold
CLI-44434,49,São Paulo (SP),4,Gold
CLI-24619,31,Bahia (BA),2,Silver
CLI-79379,20,São Paulo (SP),3,Gold
CLI-51515,18,São Paulo (SP),1,Silver
CLI-76450,39,Paraná (PR),2,Silver
CLI-42896,62,São Paulo (SP),1,Silver
CLI-93449,35,Rio de Janeiro (RJ),2,Silver
CLI-35343,61,Minas Gerais (MG),4,Gold
CLI-11601,25,São Paulo (SP),4,Gold
CLI-83969,49,Minas Gerais (MG),4,Gold
CLI-63672,20,Rio de Janeiro (RJ),3,Gold
CLI-87235,59,Paraná (PR),2,Silver
CLI-96503,44,Paraná (PR),3,Gold
CLI-70602,44,Paraná (PR),3,Gold
CLI-55867,26,Rio de Janeiro (RJ),1,Silver
CLI-59707,23,Rio de Janeiro (RJ),2,Silver
CLI-37495,50,Paraná (PR),1,Silver
CLI-52192,34,Rio de Janeiro (RJ),1,Silver
CLI-27116,33,Minas Gerais (MG),4,Gold
CLI-78759,29,Minas Gerais (MG),4,Gold
CLI-52898,39,Paraná (PR),2,Silver
CLI-33871,44,Rio de Janeiro (RJ),3,Gold
CLI-78461,48,Paraná (PR),3,Gold
CLI-42158,51,Rio de Janeiro (RJ),2,Silver
CLI-15970,39,Minas Gerais (MG),2,Silver
CLI-44098,36,São Paulo (SP),4,Gold
CLI-10109,22,Paraná (PR),1,Silver
CLI-53579,61,São Paulo (SP),4,Gold
CLI-65944,41,Paraná (PR),4,Gold
CLI-42009,48,Rio de Janeiro (RJ),3,Gold
CLI-25934,22,Minas Gerais (MG),1,Silver
CLI-77873,62,Paraná (PR),1,Silver
CLI-59730,49,Minas Gerais (MG),4,Gold
CLI-51333,21,Bahia (BA),4,Gold
CLI-90552,59,São Paulo (SP),2,Silver
CLI-82460,28,São Paulo (SP),3,Gold
CLI-86100,63,Paraná (PR),2,Silver
